--Creating tables for CCMS Project --
-- table 1 --

drop table employee_work;
drop table employee_address;
drop table employee;
drop table DEPARTMENT;
drop table CUSTOMER_ADDRESS;
drop table payment;
drop table subscription_renewal;
drop table customer_feedback;
drop table case_resolution;
drop table CASE_DETAILS;
drop table imei_info;
drop table product;
drop table parts;
drop table customer;
drop table subscription;
drop table geo_details;



create table department(
Dept_id varchar2(10),
Dept_name varchar2(100),
Dept_Priority_days number(13),
Dept_email varchar2(30),
Dept_phone varchar2(15),
Manager_id varchar2(10),
Dept_Service_cost number(5),
constraint pk_dept primary key (Dept_id)
);

--insert statements for department 
Insert into SHRIYA_PROJECT.DEPARTMENT (DEPT_ID,DEPT_NAME,DEPT_PRIORITY_DAYS,DEPT_EMAIL,DEPT_PHONE,MANAGER_ID,DEPT_SERVICE_COST) values ('D01','SUBSCRIPTION',null,'subscription@ccms.com','(908) 379-5666','EMP30',null);
Insert into SHRIYA_PROJECT.DEPARTMENT (DEPT_ID,DEPT_NAME,DEPT_PRIORITY_DAYS,DEPT_EMAIL,DEPT_PHONE,MANAGER_ID,DEPT_SERVICE_COST) values ('D02','HW_LAPTOP',3,'hwlaptop@ccms.com','(521) 445-7944','EMP25',30);
Insert into SHRIYA_PROJECT.DEPARTMENT (DEPT_ID,DEPT_NAME,DEPT_PRIORITY_DAYS,DEPT_EMAIL,DEPT_PHONE,MANAGER_ID,DEPT_SERVICE_COST) values ('D03','HW_MONITOR',3,'hwmonitor@ccms.com','(428) 678-3661','EMP07',20);
Insert into SHRIYA_PROJECT.DEPARTMENT (DEPT_ID,DEPT_NAME,DEPT_PRIORITY_DAYS,DEPT_EMAIL,DEPT_PHONE,MANAGER_ID,DEPT_SERVICE_COST) values ('D04','HW_SPEAKER',5,'hwspeaker@ccms.com','(227) 296-2771','EMP16',10);
Insert into SHRIYA_PROJECT.DEPARTMENT (DEPT_ID,DEPT_NAME,DEPT_PRIORITY_DAYS,DEPT_EMAIL,DEPT_PHONE,MANAGER_ID,DEPT_SERVICE_COST) values ('D05','HW_MOUSE',5,'hwmouse@ccms.com','(928) 663-7286','EMP52',10);
Insert into SHRIYA_PROJECT.DEPARTMENT (DEPT_ID,DEPT_NAME,DEPT_PRIORITY_DAYS,DEPT_EMAIL,DEPT_PHONE,MANAGER_ID,DEPT_SERVICE_COST) values ('D06','HW_KEYBOARD',5,'hwkeyboard@ccms.com','(206) 740-9273','EMP45',10);
Insert into SHRIYA_PROJECT.DEPARTMENT (DEPT_ID,DEPT_NAME,DEPT_PRIORITY_DAYS,DEPT_EMAIL,DEPT_PHONE,MANAGER_ID,DEPT_SERVICE_COST) values ('D07','SW_LAPTOP',2,'swlaptop@ccms.com','(514) 572-1910','EMP32',40);
Insert into SHRIYA_PROJECT.DEPARTMENT (DEPT_ID,DEPT_NAME,DEPT_PRIORITY_DAYS,DEPT_EMAIL,DEPT_PHONE,MANAGER_ID,DEPT_SERVICE_COST) values ('D08','NON-TECH_OTHERS',5,'swothers@ccms.com','(605) 975-7790','EMP01',15);
Insert into SHRIYA_PROJECT.DEPARTMENT (DEPT_ID,DEPT_NAME,DEPT_PRIORITY_DAYS,DEPT_EMAIL,DEPT_PHONE,MANAGER_ID,DEPT_SERVICE_COST) values ('D09','ANALYSTS',null,'analysts@ccms.com','(720) 543-3078','EMP17',null);
Insert into SHRIYA_PROJECT.DEPARTMENT (DEPT_ID,DEPT_NAME,DEPT_PRIORITY_DAYS,DEPT_EMAIL,DEPT_PHONE,MANAGER_ID,DEPT_SERVICE_COST) values ('D10','PAYMENTS',null,'payments@ccms.com','(841) 513-6996','EMP19',null);
Insert into SHRIYA_PROJECT.DEPARTMENT (DEPT_ID,DEPT_NAME,DEPT_PRIORITY_DAYS,DEPT_EMAIL,DEPT_PHONE,MANAGER_ID,DEPT_SERVICE_COST) values ('D11','WAREHOUSE',null,'warehouse@ccms.com','(323) 210-3039','EMP05',null);


-- table 2---

create table subscription (
    sub_id varchar2(20),
    sub_tier varchar2(65 CHAR),
    sub_period number(20),
    discount number(5),
    primary key(sub_id)
);

ALTER TABLE SHRIYA_PROJECT.subscription
DROP COLUMN discount;


alter table SHRIYA_PROJECT.subscription
add discount decimal(5,2);


--insert subscription
Insert into SHRIYA_PROJECT.SUBSCRIPTION (SUB_ID,SUB_TIER,SUB_PERIOD,DISCOUNT) values ('SUB01','SILVER',3,0.1);
Insert into SHRIYA_PROJECT.SUBSCRIPTION (SUB_ID,SUB_TIER,SUB_PERIOD,DISCOUNT) values ('SUB02','GOLD',4,0.15);
Insert into SHRIYA_PROJECT.SUBSCRIPTION (SUB_ID,SUB_TIER,SUB_PERIOD,DISCOUNT) values ('SUB03','PLATINUM',5,0.2);
Insert into SHRIYA_PROJECT.SUBSCRIPTION (SUB_ID,SUB_TIER,SUB_PERIOD,DISCOUNT) values ('SUB04','DIAMOND',7,0.3);



CREATE TABLE GEO_DETAILS(
State_Code varchar2(5), 
State varchar2(200) NOT NULL UNIQUE,
Tax number(5) NOT NULL,
Time_zone varchar2(200) NOT NULL,
PRIMARY KEY(State_code)
);


--altering geo_details : changing data type of tax to decimal -- 
ALTER TABLE shriya_project.geo_details
DROP COLUMN tax;

ALTER TABLE shriya_project.geo_details
ADD tax decimal(5,2);


--inserting data into geodetails object ---
Insert into SHRIYA_PROJECT.GEO_DETAILS (STATE_CODE,STATE,TIME_ZONE,TAX) values ('AK','Alaska','CST',0);
Insert into SHRIYA_PROJECT.GEO_DETAILS (STATE_CODE,STATE,TIME_ZONE,TAX) values ('AZ','Arizona','MST',0.04);
Insert into SHRIYA_PROJECT.GEO_DETAILS (STATE_CODE,STATE,TIME_ZONE,TAX) values ('AR','Arkansas','CST',0.05);
Insert into SHRIYA_PROJECT.GEO_DETAILS (STATE_CODE,STATE,TIME_ZONE,TAX) values ('CA','California','PST',0.06);
Insert into SHRIYA_PROJECT.GEO_DETAILS (STATE_CODE,STATE,TIME_ZONE,TAX) values ('CO','Colorado','MST',0.07);
Insert into SHRIYA_PROJECT.GEO_DETAILS (STATE_CODE,STATE,TIME_ZONE,TAX) values ('CT','Connecticut','EST',0.03);
Insert into SHRIYA_PROJECT.GEO_DETAILS (STATE_CODE,STATE,TIME_ZONE,TAX) values ('DE','Delaware','EST',0);
Insert into SHRIYA_PROJECT.GEO_DETAILS (STATE_CODE,STATE,TIME_ZONE,TAX) values ('DC','District of Columbia','EST',0.03);
Insert into SHRIYA_PROJECT.GEO_DETAILS (STATE_CODE,STATE,TIME_ZONE,TAX) values ('FL','Florida','EST',0.06);
Insert into SHRIYA_PROJECT.GEO_DETAILS (STATE_CODE,STATE,TIME_ZONE,TAX) values ('GA','Georgia','EST',0.04);
Insert into SHRIYA_PROJECT.GEO_DETAILS (STATE_CODE,STATE,TIME_ZONE,TAX) values ('HI','Hawaii','HST',0.06);
Insert into SHRIYA_PROJECT.GEO_DETAILS (STATE_CODE,STATE,TIME_ZONE,TAX) values ('ID','Idaho','MST',0.04);
Insert into SHRIYA_PROJECT.GEO_DETAILS (STATE_CODE,STATE,TIME_ZONE,TAX) values ('IL','Illinois','CST',0.04);
Insert into SHRIYA_PROJECT.GEO_DETAILS (STATE_CODE,STATE,TIME_ZONE,TAX) values ('IN','Indiana','CST',0.06);
Insert into SHRIYA_PROJECT.GEO_DETAILS (STATE_CODE,STATE,TIME_ZONE,TAX) values ('IA','Iowa','CST',0.06);
Insert into SHRIYA_PROJECT.GEO_DETAILS (STATE_CODE,STATE,TIME_ZONE,TAX) values ('KS','Kansas','MST',0.07);
Insert into SHRIYA_PROJECT.GEO_DETAILS (STATE_CODE,STATE,TIME_ZONE,TAX) values ('KY','Kentucky','CST',0.06);
Insert into SHRIYA_PROJECT.GEO_DETAILS (STATE_CODE,STATE,TIME_ZONE,TAX) values ('LA','Louisiana','CST',0.06);
Insert into SHRIYA_PROJECT.GEO_DETAILS (STATE_CODE,STATE,TIME_ZONE,TAX) values ('ME','Maine','EST',0.06);
Insert into SHRIYA_PROJECT.GEO_DETAILS (STATE_CODE,STATE,TIME_ZONE,TAX) values ('MD','Maryland','EST',0.04);
Insert into SHRIYA_PROJECT.GEO_DETAILS (STATE_CODE,STATE,TIME_ZONE,TAX) values ('MA','Massachusetts','EST',0.05);
Insert into SHRIYA_PROJECT.GEO_DETAILS (STATE_CODE,STATE,TIME_ZONE,TAX) values ('MI','Michigan','CST',0.06);
Insert into SHRIYA_PROJECT.GEO_DETAILS (STATE_CODE,STATE,TIME_ZONE,TAX) values ('MN','Minnesota','CST',0.06);
Insert into SHRIYA_PROJECT.GEO_DETAILS (STATE_CODE,STATE,TIME_ZONE,TAX) values ('MS','Mississippi','CST',0.06);
Insert into SHRIYA_PROJECT.GEO_DETAILS (STATE_CODE,STATE,TIME_ZONE,TAX) values ('MO','Missouri','CST',0.06);
Insert into SHRIYA_PROJECT.GEO_DETAILS (STATE_CODE,STATE,TIME_ZONE,TAX) values ('MT','Montana','MST',0);
Insert into SHRIYA_PROJECT.GEO_DETAILS (STATE_CODE,STATE,TIME_ZONE,TAX) values ('NE','Nebraska','CST',0.04);
Insert into SHRIYA_PROJECT.GEO_DETAILS (STATE_CODE,STATE,TIME_ZONE,TAX) values ('NV','Nevada','PST',0.06);
Insert into SHRIYA_PROJECT.GEO_DETAILS (STATE_CODE,STATE,TIME_ZONE,TAX) values ('NH','New Hampshire','EST',0);
Insert into SHRIYA_PROJECT.GEO_DETAILS (STATE_CODE,STATE,TIME_ZONE,TAX) values ('NJ','New Jersey','EST',0.06);
Insert into SHRIYA_PROJECT.GEO_DETAILS (STATE_CODE,STATE,TIME_ZONE,TAX) values ('NM','New Mexico','EST',0);
Insert into SHRIYA_PROJECT.GEO_DETAILS (STATE_CODE,STATE,TIME_ZONE,TAX) values ('NY','New York','EST',0.06);
Insert into SHRIYA_PROJECT.GEO_DETAILS (STATE_CODE,STATE,TIME_ZONE,TAX) values ('NC','North Carolina','EST',0.06);
Insert into SHRIYA_PROJECT.GEO_DETAILS (STATE_CODE,STATE,TIME_ZONE,TAX) values ('ND','North Dakota','CST',0.04);
Insert into SHRIYA_PROJECT.GEO_DETAILS (STATE_CODE,STATE,TIME_ZONE,TAX) values ('OH','Ohio','EST',0.05);
Insert into SHRIYA_PROJECT.GEO_DETAILS (STATE_CODE,STATE,TIME_ZONE,TAX) values ('OK','Oklahoma','CST',0.05);
Insert into SHRIYA_PROJECT.GEO_DETAILS (STATE_CODE,STATE,TIME_ZONE,TAX) values ('OR','Oregon','MST',0);
Insert into SHRIYA_PROJECT.GEO_DETAILS (STATE_CODE,STATE,TIME_ZONE,TAX) values ('PA','Pennsylvania','EST',0.04);
Insert into SHRIYA_PROJECT.GEO_DETAILS (STATE_CODE,STATE,TIME_ZONE,TAX) values ('RI','Rhode Island','EST',0.07);
Insert into SHRIYA_PROJECT.GEO_DETAILS (STATE_CODE,STATE,TIME_ZONE,TAX) values ('SC','South Carolina','EST',0.06);
Insert into SHRIYA_PROJECT.GEO_DETAILS (STATE_CODE,STATE,TIME_ZONE,TAX) values ('SD','South Dakota','MST',0.12);
Insert into SHRIYA_PROJECT.GEO_DETAILS (STATE_CODE,STATE,TIME_ZONE,TAX) values ('TN','Tennessee','EST',0.07);
Insert into SHRIYA_PROJECT.GEO_DETAILS (STATE_CODE,STATE,TIME_ZONE,TAX) values ('TX','Texas','MST',0.06);
Insert into SHRIYA_PROJECT.GEO_DETAILS (STATE_CODE,STATE,TIME_ZONE,TAX) values ('UT','Utah','MST',0.04);
Insert into SHRIYA_PROJECT.GEO_DETAILS (STATE_CODE,STATE,TIME_ZONE,TAX) values ('VT','Vermont','EST',0.07);
Insert into SHRIYA_PROJECT.GEO_DETAILS (STATE_CODE,STATE,TIME_ZONE,TAX) values ('VA','Virginia','EST',0.06);
Insert into SHRIYA_PROJECT.GEO_DETAILS (STATE_CODE,STATE,TIME_ZONE,TAX) values ('WA','Washington','PST',0.12);
Insert into SHRIYA_PROJECT.GEO_DETAILS (STATE_CODE,STATE,TIME_ZONE,TAX) values ('WV','West Virginia','EST',0.07);
Insert into SHRIYA_PROJECT.GEO_DETAILS (STATE_CODE,STATE,TIME_ZONE,TAX) values ('WI','Wisconsin','CST',0.06);



-- table 3---
CREATE TABLE PARTS (
    PART_ID VARCHAR2(65 CHAR),
    PART_NUMBER varchar2(38) NOT NULL,
    PART_NAME VARCHAR2(65 CHAR),
    AVAILABILITY number(6),
    WARRANTY VARCHAR2(65 CHAR),
    PART_COST number(6),
    PRIMARY KEY(PART_ID)
);


--- inserting data into parts object --

Insert into SHRIYA_PROJECT.PARTS (PART_ID,PART_NUMBER,PART_NAME,AVAILABILITY,WARRANTY,PART_COST) values ('PART_1','PN-80-PH','BATTERY PHOENIX',57,'1YEAR',133);
Insert into SHRIYA_PROJECT.PARTS (PART_ID,PART_NUMBER,PART_NAME,AVAILABILITY,WARRANTY,PART_COST) values ('PART_2','PN-110-DR','BATTERY DRAGONFLY',90,'1YEAR',92);
Insert into SHRIYA_PROJECT.PARTS (PART_ID,PART_NUMBER,PART_NAME,AVAILABILITY,WARRANTY,PART_COST) values ('PART_3','PN-130-OR','BATTERY ORCHARD',87,'2YEAR',108);
Insert into SHRIYA_PROJECT.PARTS (PART_ID,PART_NUMBER,PART_NAME,AVAILABILITY,WARRANTY,PART_COST) values ('PART_4','PN-60HZ-PH','LAPTOP DISPLAY PHOENIX',76,'1YEAR',104);
Insert into SHRIYA_PROJECT.PARTS (PART_ID,PART_NUMBER,PART_NAME,AVAILABILITY,WARRANTY,PART_COST) values ('PART_5','PN-80HZ-DR','LAPTOP DISPLAY DRAGONFLY',84,'1YEAR',65);
Insert into SHRIYA_PROJECT.PARTS (PART_ID,PART_NUMBER,PART_NAME,AVAILABILITY,WARRANTY,PART_COST) values ('PART_6','PN-100HZ-OR','LAPTOP DISPLAY ORCHARD',78,'2YEAR',82);
Insert into SHRIYA_PROJECT.PARTS (PART_ID,PART_NUMBER,PART_NAME,AVAILABILITY,WARRANTY,PART_COST) values ('PART_7','PN-80DB-PH','SPEAKER PHOENIX',100,'1YEAR',50);
Insert into SHRIYA_PROJECT.PARTS (PART_ID,PART_NUMBER,PART_NAME,AVAILABILITY,WARRANTY,PART_COST) values ('PART_8','PN-90DB-DR','SPEAKER DRAGONFLY',94,'1YEAR',61);
Insert into SHRIYA_PROJECT.PARTS (PART_ID,PART_NUMBER,PART_NAME,AVAILABILITY,WARRANTY,PART_COST) values ('PART_9','PN-100DB-OR','SPEAKER ORCHARD',93,'2YEAR',134);
Insert into SHRIYA_PROJECT.PARTS (PART_ID,PART_NUMBER,PART_NAME,AVAILABILITY,WARRANTY,PART_COST) values ('PART_10','PN-CAM-01','CAMERA',83,'1YEAR',138);
Insert into SHRIYA_PROJECT.PARTS (PART_ID,PART_NUMBER,PART_NAME,AVAILABILITY,WARRANTY,PART_COST) values ('PART_11','PN-TOU-01','TOUCHPAD',85,'1YEAR',126);
Insert into SHRIYA_PROJECT.PARTS (PART_ID,PART_NUMBER,PART_NAME,AVAILABILITY,WARRANTY,PART_COST) values ('PART_12','PN-SSD-256','SSD256',71,'1YEAR',91);
Insert into SHRIYA_PROJECT.PARTS (PART_ID,PART_NUMBER,PART_NAME,AVAILABILITY,WARRANTY,PART_COST) values ('PART_13','PN-KEY-01','KEYBOARD',59,'2YEAR',81);
Insert into SHRIYA_PROJECT.PARTS (PART_ID,PART_NUMBER,PART_NAME,AVAILABILITY,WARRANTY,PART_COST) values ('PART_14','PN-SSD-512','SSD512',65,'1YEAR',130);
Insert into SHRIYA_PROJECT.PARTS (PART_ID,PART_NUMBER,PART_NAME,AVAILABILITY,WARRANTY,PART_COST) values ('PART_15','PN-CHA-01','CHARGER',72,'1YEAR',68);
Insert into SHRIYA_PROJECT.PARTS (PART_ID,PART_NUMBER,PART_NAME,AVAILABILITY,WARRANTY,PART_COST) values ('PART_16','PN-INT-01','INTERFACE BOARD',87,'1YEAR',71);
Insert into SHRIYA_PROJECT.PARTS (PART_ID,PART_NUMBER,PART_NAME,AVAILABILITY,WARRANTY,PART_COST) values ('PART_17','PN-MOST-01','MONITOR STAND HOGWARTS',89,'2YEAR',84);
Insert into SHRIYA_PROJECT.PARTS (PART_ID,PART_NUMBER,PART_NAME,AVAILABILITY,WARRANTY,PART_COST) values ('PART_18','PN-MOST-02','MONITOR STAND NARNIA',80,'1YEAR',60);
Insert into SHRIYA_PROJECT.PARTS (PART_ID,PART_NUMBER,PART_NAME,AVAILABILITY,WARRANTY,PART_COST) values ('PART_19','PN-MOST-03','MONITOR STAND WINTERFELL',87,'1YEAR',75);
Insert into SHRIYA_PROJECT.PARTS (PART_ID,PART_NUMBER,PART_NAME,AVAILABILITY,WARRANTY,PART_COST) values ('PART_20','PN-MOST-04','MONITOR STAND ASGARD',73,'1YEAR',87);
Insert into SHRIYA_PROJECT.PARTS (PART_ID,PART_NUMBER,PART_NAME,AVAILABILITY,WARRANTY,PART_COST) values ('PART_21','PN-PBBT-01','POWER BUTTON BT SPEAKER',68,'2YEAR',86);
Insert into SHRIYA_PROJECT.PARTS (PART_ID,PART_NUMBER,PART_NAME,AVAILABILITY,WARRANTY,PART_COST) values ('PART_22','PN-BT-DO','BLUETOOTH MODULE DOBBY SPEAKER',69,'1YEAR',117);
Insert into SHRIYA_PROJECT.PARTS (PART_ID,PART_NUMBER,PART_NAME,AVAILABILITY,WARRANTY,PART_COST) values ('PART_23','PN-BT-BU','BLUETOOTH MODULE BUMBLEBEE SPEAKER',60,'1YEAR',65);
Insert into SHRIYA_PROJECT.PARTS (PART_ID,PART_NUMBER,PART_NAME,AVAILABILITY,WARRANTY,PART_COST) values ('PART_24','PN-BT-VE','BLUETOOTH MODULE VENOM SPEAKER',69,'1YEAR',129);
Insert into SHRIYA_PROJECT.PARTS (PART_ID,PART_NUMBER,PART_NAME,AVAILABILITY,WARRANTY,PART_COST) values ('PART_25','PN-KEY-AV','KEYS AVATAR',97,'2YEAR',112);
Insert into SHRIYA_PROJECT.PARTS (PART_ID,PART_NUMBER,PART_NAME,AVAILABILITY,WARRANTY,PART_COST) values ('PART_26','PN-KEY-RA','KEYS RAGNAROK',76,'1YEAR',97);
Insert into SHRIYA_PROJECT.PARTS (PART_ID,PART_NUMBER,PART_NAME,AVAILABILITY,WARRANTY,PART_COST) values ('PART_27','PN-KEY-YO','KEYS YODA',54,'1YEAR',56);
Insert into SHRIYA_PROJECT.PARTS (PART_ID,PART_NUMBER,PART_NAME,AVAILABILITY,WARRANTY,PART_COST) values ('PART_28','PN-KETR-01','KEYBOARD TRANSMITTER',87,'1YEAR',107);
Insert into SHRIYA_PROJECT.PARTS (PART_ID,PART_NUMBER,PART_NAME,AVAILABILITY,WARRANTY,PART_COST) values ('PART_29','PN-KETR-02','KEYBOARD RECEIVER',55,'2YEAR',66);
Insert into SHRIYA_PROJECT.PARTS (PART_ID,PART_NUMBER,PART_NAME,AVAILABILITY,WARRANTY,PART_COST) values ('PART_30','PN-MOUTR-01','MOUSE TRANSMITTER',65,'1YEAR',80);
Insert into SHRIYA_PROJECT.PARTS (PART_ID,PART_NUMBER,PART_NAME,AVAILABILITY,WARRANTY,PART_COST) values ('PART_31','PN-MOUTR-02','MOUSE RECEIVER',90,'1YEAR',139);
Insert into SHRIYA_PROJECT.PARTS (PART_ID,PART_NUMBER,PART_NAME,AVAILABILITY,WARRANTY,PART_COST) values ('PART_32','PN-MOU-BTN','MOUSE BUTTONS',50,'1YEAR',51);
Insert into SHRIYA_PROJECT.PARTS (PART_ID,PART_NUMBER,PART_NAME,AVAILABILITY,WARRANTY,PART_COST) values ('PART_33','PN-MOST-05','MONITOR DISPLAY HOGWARTS/NARNIA',53,'1YEAR',65);
Insert into SHRIYA_PROJECT.PARTS (PART_ID,PART_NUMBER,PART_NAME,AVAILABILITY,WARRANTY,PART_COST) values ('PART_34','PN-MOST-06','MONITOR DISPLAY WINTERFELL/ASGARD',98,'2YEAR',75);


--alter table employee delete column employee_email;
--alter table employee add employee_email varchar2(100);

create table employee(employee_id varchar2(10),
employee_firstname varchar2(16),
employee_lastname varchar2(14),
employee_email varchar2(50),
employee_phonenbr varchar2(15),
dept_id varchar2(10),
primary key(employee_id),
FOREIGN KEY (dept_id) REFERENCES department(dept_id));

--inserting data into employee table ---

Insert into SHRIYA_PROJECT.EMPLOYEE (EMPLOYEE_ID,EMPLOYEE_FIRSTNAME,EMPLOYEE_LASTNAME,EMPLOYEE_EMAIL,EMPLOYEE_PHONENBR,DEPT_ID) values ('EMP01','Zachary','Weaver','ZacharyWeaver @gmail.com','582-400-7978','D08');
Insert into SHRIYA_PROJECT.EMPLOYEE (EMPLOYEE_ID,EMPLOYEE_FIRSTNAME,EMPLOYEE_LASTNAME,EMPLOYEE_EMAIL,EMPLOYEE_PHONENBR,DEPT_ID) values ('EMP02','Hadley','Floyd','HadleyFloyd @gmail.com','207-891-3452','D01');
Insert into SHRIYA_PROJECT.EMPLOYEE (EMPLOYEE_ID,EMPLOYEE_FIRSTNAME,EMPLOYEE_LASTNAME,EMPLOYEE_EMAIL,EMPLOYEE_PHONENBR,DEPT_ID) values ('EMP03','Craig','Sellers','CraigSellers @gmail.com','505-532-3086','D01');
Insert into SHRIYA_PROJECT.EMPLOYEE (EMPLOYEE_ID,EMPLOYEE_FIRSTNAME,EMPLOYEE_LASTNAME,EMPLOYEE_EMAIL,EMPLOYEE_PHONENBR,DEPT_ID) values ('EMP04','Jair','Hancock','JairHancock @gmail.com','203-442-0897','D01');
Insert into SHRIYA_PROJECT.EMPLOYEE (EMPLOYEE_ID,EMPLOYEE_FIRSTNAME,EMPLOYEE_LASTNAME,EMPLOYEE_EMAIL,EMPLOYEE_PHONENBR,DEPT_ID) values ('EMP05','Tessa','Hawkins','TessaHawkins @gmail.com','582-482-1419','D11');
Insert into SHRIYA_PROJECT.EMPLOYEE (EMPLOYEE_ID,EMPLOYEE_FIRSTNAME,EMPLOYEE_LASTNAME,EMPLOYEE_EMAIL,EMPLOYEE_PHONENBR,DEPT_ID) values ('EMP06','Cullen','Wheeler','CullenWheeler @gmail.com','225-433-7143','D09');
Insert into SHRIYA_PROJECT.EMPLOYEE (EMPLOYEE_ID,EMPLOYEE_FIRSTNAME,EMPLOYEE_LASTNAME,EMPLOYEE_EMAIL,EMPLOYEE_PHONENBR,DEPT_ID) values ('EMP07','Ismael','Evans','IsmaelEvans @gmail.com','582-529-4030','D03');
Insert into SHRIYA_PROJECT.EMPLOYEE (EMPLOYEE_ID,EMPLOYEE_FIRSTNAME,EMPLOYEE_LASTNAME,EMPLOYEE_EMAIL,EMPLOYEE_PHONENBR,DEPT_ID) values ('EMP08','Kennedy','Carter','KennedyCarter @gmail.com','505-565-1334','D01');
Insert into SHRIYA_PROJECT.EMPLOYEE (EMPLOYEE_ID,EMPLOYEE_FIRSTNAME,EMPLOYEE_LASTNAME,EMPLOYEE_EMAIL,EMPLOYEE_PHONENBR,DEPT_ID) values ('EMP09','Reynaldo','Montes','ReynaldoMontes @gmail.com','413-726-3753','D09');
Insert into SHRIYA_PROJECT.EMPLOYEE (EMPLOYEE_ID,EMPLOYEE_FIRSTNAME,EMPLOYEE_LASTNAME,EMPLOYEE_EMAIL,EMPLOYEE_PHONENBR,DEPT_ID) values ('EMP10','Elian','Osborne','ElianOsborne @gmail.com','582-400-1081','D10');
Insert into SHRIYA_PROJECT.EMPLOYEE (EMPLOYEE_ID,EMPLOYEE_FIRSTNAME,EMPLOYEE_LASTNAME,EMPLOYEE_EMAIL,EMPLOYEE_PHONENBR,DEPT_ID) values ('EMP11','Jaydan','Daugherty','JaydanDaugherty @gmail.com','582-583-9715','D10');
Insert into SHRIYA_PROJECT.EMPLOYEE (EMPLOYEE_ID,EMPLOYEE_FIRSTNAME,EMPLOYEE_LASTNAME,EMPLOYEE_EMAIL,EMPLOYEE_PHONENBR,DEPT_ID) values ('EMP12','Cierra','Norton','CierraNorton @gmail.com','582-999-9161','D11');
Insert into SHRIYA_PROJECT.EMPLOYEE (EMPLOYEE_ID,EMPLOYEE_FIRSTNAME,EMPLOYEE_LASTNAME,EMPLOYEE_EMAIL,EMPLOYEE_PHONENBR,DEPT_ID) values ('EMP13','Desiree','Reid','DesireeReid @gmail.com','582-333-9012','D11');
Insert into SHRIYA_PROJECT.EMPLOYEE (EMPLOYEE_ID,EMPLOYEE_FIRSTNAME,EMPLOYEE_LASTNAME,EMPLOYEE_EMAIL,EMPLOYEE_PHONENBR,DEPT_ID) values ('EMP14','Leonardo','Robertson','LeonardoRobertson @gmail.com','231-276-4129','D02');
Insert into SHRIYA_PROJECT.EMPLOYEE (EMPLOYEE_ID,EMPLOYEE_FIRSTNAME,EMPLOYEE_LASTNAME,EMPLOYEE_EMAIL,EMPLOYEE_PHONENBR,DEPT_ID) values ('EMP15','Clarissa','Suarez','ClarissaSuarez @gmail.com','582-500-0164','D02');
Insert into SHRIYA_PROJECT.EMPLOYEE (EMPLOYEE_ID,EMPLOYEE_FIRSTNAME,EMPLOYEE_LASTNAME,EMPLOYEE_EMAIL,EMPLOYEE_PHONENBR,DEPT_ID) values ('EMP16','Nickolas','Alexander','NickolasAlexander @gmail.com','203-961-3317','D04');
Insert into SHRIYA_PROJECT.EMPLOYEE (EMPLOYEE_ID,EMPLOYEE_FIRSTNAME,EMPLOYEE_LASTNAME,EMPLOYEE_EMAIL,EMPLOYEE_PHONENBR,DEPT_ID) values ('EMP17','Rose','Duran','RoseDuran @gmail.com','206-545-1850','D09');
Insert into SHRIYA_PROJECT.EMPLOYEE (EMPLOYEE_ID,EMPLOYEE_FIRSTNAME,EMPLOYEE_LASTNAME,EMPLOYEE_EMAIL,EMPLOYEE_PHONENBR,DEPT_ID) values ('EMP18','Niko','Wyatt','NikoWyatt @gmail.com','203-609-0415','D02');
Insert into SHRIYA_PROJECT.EMPLOYEE (EMPLOYEE_ID,EMPLOYEE_FIRSTNAME,EMPLOYEE_LASTNAME,EMPLOYEE_EMAIL,EMPLOYEE_PHONENBR,DEPT_ID) values ('EMP19','Royce','Lloyd','RoyceLloyd @gmail.com','207-496-1438','D10');
Insert into SHRIYA_PROJECT.EMPLOYEE (EMPLOYEE_ID,EMPLOYEE_FIRSTNAME,EMPLOYEE_LASTNAME,EMPLOYEE_EMAIL,EMPLOYEE_PHONENBR,DEPT_ID) values ('EMP20','Jalen','Petty','JalenPetty @gmail.com','314-448-3850','D02');
Insert into SHRIYA_PROJECT.EMPLOYEE (EMPLOYEE_ID,EMPLOYEE_FIRSTNAME,EMPLOYEE_LASTNAME,EMPLOYEE_EMAIL,EMPLOYEE_PHONENBR,DEPT_ID) values ('EMP21','Cruz','Holt','CruzHolt @gmail.com','415-561-9034','D03');
Insert into SHRIYA_PROJECT.EMPLOYEE (EMPLOYEE_ID,EMPLOYEE_FIRSTNAME,EMPLOYEE_LASTNAME,EMPLOYEE_EMAIL,EMPLOYEE_PHONENBR,DEPT_ID) values ('EMP22','Hector','Wade','HectorWade @gmail.com','716-794-0296','D03');
Insert into SHRIYA_PROJECT.EMPLOYEE (EMPLOYEE_ID,EMPLOYEE_FIRSTNAME,EMPLOYEE_LASTNAME,EMPLOYEE_EMAIL,EMPLOYEE_PHONENBR,DEPT_ID) values ('EMP23','Katrina','Melendez','KatrinaMelendez @gmail.com','315-208-8223','D03');
Insert into SHRIYA_PROJECT.EMPLOYEE (EMPLOYEE_ID,EMPLOYEE_FIRSTNAME,EMPLOYEE_LASTNAME,EMPLOYEE_EMAIL,EMPLOYEE_PHONENBR,DEPT_ID) values ('EMP24','Kali','Mack','KaliMack @gmail.com','505-409-8838','D03');
Insert into SHRIYA_PROJECT.EMPLOYEE (EMPLOYEE_ID,EMPLOYEE_FIRSTNAME,EMPLOYEE_LASTNAME,EMPLOYEE_EMAIL,EMPLOYEE_PHONENBR,DEPT_ID) values ('EMP25','Beau','Raymond','BeauRaymond @gmail.com','582-500-9649','D02');
Insert into SHRIYA_PROJECT.EMPLOYEE (EMPLOYEE_ID,EMPLOYEE_FIRSTNAME,EMPLOYEE_LASTNAME,EMPLOYEE_EMAIL,EMPLOYEE_PHONENBR,DEPT_ID) values ('EMP26','Christina','Hays','ChristinaHays @gmail.com','239-331-8283','D04');
Insert into SHRIYA_PROJECT.EMPLOYEE (EMPLOYEE_ID,EMPLOYEE_FIRSTNAME,EMPLOYEE_LASTNAME,EMPLOYEE_EMAIL,EMPLOYEE_PHONENBR,DEPT_ID) values ('EMP27','Hailee','Hardy','HaileeHardy @gmail.com','582-222-7841','D04');
Insert into SHRIYA_PROJECT.EMPLOYEE (EMPLOYEE_ID,EMPLOYEE_FIRSTNAME,EMPLOYEE_LASTNAME,EMPLOYEE_EMAIL,EMPLOYEE_PHONENBR,DEPT_ID) values ('EMP28','Theodore','Norman','TheodoreNorman @gmail.com','404-859-2274','D04');
Insert into SHRIYA_PROJECT.EMPLOYEE (EMPLOYEE_ID,EMPLOYEE_FIRSTNAME,EMPLOYEE_LASTNAME,EMPLOYEE_EMAIL,EMPLOYEE_PHONENBR,DEPT_ID) values ('EMP29','Allie','Potter','AlliePotter @gmail.com','582-333-3524','D04');
Insert into SHRIYA_PROJECT.EMPLOYEE (EMPLOYEE_ID,EMPLOYEE_FIRSTNAME,EMPLOYEE_LASTNAME,EMPLOYEE_EMAIL,EMPLOYEE_PHONENBR,DEPT_ID) values ('EMP30','Marley','Woodward','MarleyWoodward @gmail.com','219-366-1572','D01');
Insert into SHRIYA_PROJECT.EMPLOYEE (EMPLOYEE_ID,EMPLOYEE_FIRSTNAME,EMPLOYEE_LASTNAME,EMPLOYEE_EMAIL,EMPLOYEE_PHONENBR,DEPT_ID) values ('EMP31','Albert','Bird','AlbertBird @gmail.com','582-202-6683','D05');
Insert into SHRIYA_PROJECT.EMPLOYEE (EMPLOYEE_ID,EMPLOYEE_FIRSTNAME,EMPLOYEE_LASTNAME,EMPLOYEE_EMAIL,EMPLOYEE_PHONENBR,DEPT_ID) values ('EMP32','Kaylah','Gibbs','KaylahGibbs @gmail.com','505-479-9338','D07');
Insert into SHRIYA_PROJECT.EMPLOYEE (EMPLOYEE_ID,EMPLOYEE_FIRSTNAME,EMPLOYEE_LASTNAME,EMPLOYEE_EMAIL,EMPLOYEE_PHONENBR,DEPT_ID) values ('EMP33','Nevaeh','Ramos','NevaehRamos @gmail.com','207-765-4781','D05');
Insert into SHRIYA_PROJECT.EMPLOYEE (EMPLOYEE_ID,EMPLOYEE_FIRSTNAME,EMPLOYEE_LASTNAME,EMPLOYEE_EMAIL,EMPLOYEE_PHONENBR,DEPT_ID) values ('EMP34','Tyrell','Austin','TyrellAustin @gmail.com','582-682-7032','D05');
Insert into SHRIYA_PROJECT.EMPLOYEE (EMPLOYEE_ID,EMPLOYEE_FIRSTNAME,EMPLOYEE_LASTNAME,EMPLOYEE_EMAIL,EMPLOYEE_PHONENBR,DEPT_ID) values ('EMP35','Douglas','Schmitt','DouglasSchmitt @gmail.com','582-333-6492','D05');
Insert into SHRIYA_PROJECT.EMPLOYEE (EMPLOYEE_ID,EMPLOYEE_FIRSTNAME,EMPLOYEE_LASTNAME,EMPLOYEE_EMAIL,EMPLOYEE_PHONENBR,DEPT_ID) values ('EMP36','Jenny','Zuniga','JennyZuniga @gmail.com','320-836-8136','D06');
Insert into SHRIYA_PROJECT.EMPLOYEE (EMPLOYEE_ID,EMPLOYEE_FIRSTNAME,EMPLOYEE_LASTNAME,EMPLOYEE_EMAIL,EMPLOYEE_PHONENBR,DEPT_ID) values ('EMP37','Mark','Floyd','MarkFloyd @gmail.com','325-377-3238','D06');
Insert into SHRIYA_PROJECT.EMPLOYEE (EMPLOYEE_ID,EMPLOYEE_FIRSTNAME,EMPLOYEE_LASTNAME,EMPLOYEE_EMAIL,EMPLOYEE_PHONENBR,DEPT_ID) values ('EMP38','Coby','Tate','CobyTate @gmail.com','582-333-7493','D06');
Insert into SHRIYA_PROJECT.EMPLOYEE (EMPLOYEE_ID,EMPLOYEE_FIRSTNAME,EMPLOYEE_LASTNAME,EMPLOYEE_EMAIL,EMPLOYEE_PHONENBR,DEPT_ID) values ('EMP39','Dalia','Owen','DaliaOwen @gmail.com','207-294-4672','D06');
Insert into SHRIYA_PROJECT.EMPLOYEE (EMPLOYEE_ID,EMPLOYEE_FIRSTNAME,EMPLOYEE_LASTNAME,EMPLOYEE_EMAIL,EMPLOYEE_PHONENBR,DEPT_ID) values ('EMP40','Arielle','Delgado','ArielleDelgado @gmail.com','505-674-6418','D07');
Insert into SHRIYA_PROJECT.EMPLOYEE (EMPLOYEE_ID,EMPLOYEE_FIRSTNAME,EMPLOYEE_LASTNAME,EMPLOYEE_EMAIL,EMPLOYEE_PHONENBR,DEPT_ID) values ('EMP41','Maverick','Lindsey','MaverickLindsey @gmail.com','240-470-0826','D07');
Insert into SHRIYA_PROJECT.EMPLOYEE (EMPLOYEE_ID,EMPLOYEE_FIRSTNAME,EMPLOYEE_LASTNAME,EMPLOYEE_EMAIL,EMPLOYEE_PHONENBR,DEPT_ID) values ('EMP42','Clarence','Robinson','ClarenceRobinson @gmail.com','239-774-1051','D07');
Insert into SHRIYA_PROJECT.EMPLOYEE (EMPLOYEE_ID,EMPLOYEE_FIRSTNAME,EMPLOYEE_LASTNAME,EMPLOYEE_EMAIL,EMPLOYEE_PHONENBR,DEPT_ID) values ('EMP43','Nayeli','Wang','NayeliWang @gmail.com','352-562-0121','D07');
Insert into SHRIYA_PROJECT.EMPLOYEE (EMPLOYEE_ID,EMPLOYEE_FIRSTNAME,EMPLOYEE_LASTNAME,EMPLOYEE_EMAIL,EMPLOYEE_PHONENBR,DEPT_ID) values ('EMP44','Dalton','Calderon','DaltonCalderon @gmail.com','234-369-8991','D08');
Insert into SHRIYA_PROJECT.EMPLOYEE (EMPLOYEE_ID,EMPLOYEE_FIRSTNAME,EMPLOYEE_LASTNAME,EMPLOYEE_EMAIL,EMPLOYEE_PHONENBR,DEPT_ID) values ('EMP45','Amira','Sanford','AmiraSanford @gmail.com','582-300-1271','D06');
Insert into SHRIYA_PROJECT.EMPLOYEE (EMPLOYEE_ID,EMPLOYEE_FIRSTNAME,EMPLOYEE_LASTNAME,EMPLOYEE_EMAIL,EMPLOYEE_PHONENBR,DEPT_ID) values ('EMP46','Gael','Potts','GaelPotts @gmail.com','435-824-9424','D08');
Insert into SHRIYA_PROJECT.EMPLOYEE (EMPLOYEE_ID,EMPLOYEE_FIRSTNAME,EMPLOYEE_LASTNAME,EMPLOYEE_EMAIL,EMPLOYEE_PHONENBR,DEPT_ID) values ('EMP47','Edgar','Jensen','EdgarJensen @gmail.com','582-222-6945','D08');
Insert into SHRIYA_PROJECT.EMPLOYEE (EMPLOYEE_ID,EMPLOYEE_FIRSTNAME,EMPLOYEE_LASTNAME,EMPLOYEE_EMAIL,EMPLOYEE_PHONENBR,DEPT_ID) values ('EMP48','Talia','Waller','TaliaWaller @gmail.com','582-482-4563','D08');
Insert into SHRIYA_PROJECT.EMPLOYEE (EMPLOYEE_ID,EMPLOYEE_FIRSTNAME,EMPLOYEE_LASTNAME,EMPLOYEE_EMAIL,EMPLOYEE_PHONENBR,DEPT_ID) values ('EMP49','Titus','Greene','TitusGreene @gmail.com',' 339-370-4388','D09');
Insert into SHRIYA_PROJECT.EMPLOYEE (EMPLOYEE_ID,EMPLOYEE_FIRSTNAME,EMPLOYEE_LASTNAME,EMPLOYEE_EMAIL,EMPLOYEE_PHONENBR,DEPT_ID) values ('EMP50','Kevin','Chase','KevinChase @gmail.com','248-508-2281','D02');
Insert into SHRIYA_PROJECT.EMPLOYEE (EMPLOYEE_ID,EMPLOYEE_FIRSTNAME,EMPLOYEE_LASTNAME,EMPLOYEE_EMAIL,EMPLOYEE_PHONENBR,DEPT_ID) values ('EMP51','Laura','Paul','LauraPaul @gmail.com','439-470-4388','D07');
Insert into SHRIYA_PROJECT.EMPLOYEE (EMPLOYEE_ID,EMPLOYEE_FIRSTNAME,EMPLOYEE_LASTNAME,EMPLOYEE_EMAIL,EMPLOYEE_PHONENBR,DEPT_ID) values ('EMP52','Laura','Bush','MarcusBush @gmail.com','548-408-3281','D05');


create table employee_address(employee_id varchar2(6),
address_type varchar2(18),
address_1 varchar2(100),
address_2 varchar(100),
employee_city varchar2(30),
employee_statecode varchar2(5),
employee_country varchar2(9),
employee_zip NUMBER(7),
FOREIGN KEY (employee_id) REFERENCES employee(employee_id),
FOREIGN KEY (employee_statecode) REFERENCES geo_details(State_Code) ON DELETE CASCADE);

--inserting data into employee_address table ---

Insert into SHRIYA_PROJECT.EMPLOYEE_ADDRESS (EMPLOYEE_ID,ADDRESS_TYPE,EMPLOYEE_STATECODE,EMPLOYEE_COUNTRY,EMPLOYEE_ZIP,ADDRESS_1,ADDRESS_2,EMPLOYEE_CITY) values ('EMP01','HOME','GA','USA',31639,'405 Janice Ave','225 Centr st.','Nashville');
Insert into SHRIYA_PROJECT.EMPLOYEE_ADDRESS (EMPLOYEE_ID,ADDRESS_TYPE,EMPLOYEE_STATECODE,EMPLOYEE_COUNTRY,EMPLOYEE_ZIP,ADDRESS_1,ADDRESS_2,EMPLOYEE_CITY) values ('EMP02','HOME','MA','USA',1746,'176 Hollis St','Apt 202','Holliston');
Insert into SHRIYA_PROJECT.EMPLOYEE_ADDRESS (EMPLOYEE_ID,ADDRESS_TYPE,EMPLOYEE_STATECODE,EMPLOYEE_COUNTRY,EMPLOYEE_ZIP,ADDRESS_1,ADDRESS_2,EMPLOYEE_CITY) values ('EMP03','HOME','KY','USA',42728,'685 Cane Valley Rd','Apt 511','Columbia');
Insert into SHRIYA_PROJECT.EMPLOYEE_ADDRESS (EMPLOYEE_ID,ADDRESS_TYPE,EMPLOYEE_STATECODE,EMPLOYEE_COUNTRY,EMPLOYEE_ZIP,ADDRESS_1,ADDRESS_2,EMPLOYEE_CITY) values ('EMP04','HOME','MI','USA',48614,'14045 S Chapin Rd','Garmin St lane','Brant');
Insert into SHRIYA_PROJECT.EMPLOYEE_ADDRESS (EMPLOYEE_ID,ADDRESS_TYPE,EMPLOYEE_STATECODE,EMPLOYEE_COUNTRY,EMPLOYEE_ZIP,ADDRESS_1,ADDRESS_2,EMPLOYEE_CITY) values ('EMP05','HOME','KY','USA',42701,'1686 Hutcherson Ln','Apt 501','Elizabethtown');
Insert into SHRIYA_PROJECT.EMPLOYEE_ADDRESS (EMPLOYEE_ID,ADDRESS_TYPE,EMPLOYEE_STATECODE,EMPLOYEE_COUNTRY,EMPLOYEE_ZIP,ADDRESS_1,ADDRESS_2,EMPLOYEE_CITY) values ('EMP06','HOME','IA','USA',51579,'2754 155th St','Villa no. 40','Woodbine');
Insert into SHRIYA_PROJECT.EMPLOYEE_ADDRESS (EMPLOYEE_ID,ADDRESS_TYPE,EMPLOYEE_STATECODE,EMPLOYEE_COUNTRY,EMPLOYEE_ZIP,ADDRESS_1,ADDRESS_2,EMPLOYEE_CITY) values ('EMP07','HOME','MS','USA',38637,'3347 Country Side Cir #18','Apt 2039','Horn Lake city');
Insert into SHRIYA_PROJECT.EMPLOYEE_ADDRESS (EMPLOYEE_ID,ADDRESS_TYPE,EMPLOYEE_STATECODE,EMPLOYEE_COUNTRY,EMPLOYEE_ZIP,ADDRESS_1,ADDRESS_2,EMPLOYEE_CITY) values ('EMP08','WORK','NC','USA',27529,'309 Westonridge Run','Villa no.23','Garner');
Insert into SHRIYA_PROJECT.EMPLOYEE_ADDRESS (EMPLOYEE_ID,ADDRESS_TYPE,EMPLOYEE_STATECODE,EMPLOYEE_COUNTRY,EMPLOYEE_ZIP,ADDRESS_1,ADDRESS_2,EMPLOYEE_CITY) values ('EMP09','WORK','MN','USA',55964,'50 2nd Ave NW','Apt 62','Plainview');
Insert into SHRIYA_PROJECT.EMPLOYEE_ADDRESS (EMPLOYEE_ID,ADDRESS_TYPE,EMPLOYEE_STATECODE,EMPLOYEE_COUNTRY,EMPLOYEE_ZIP,ADDRESS_1,ADDRESS_2,EMPLOYEE_CITY) values ('EMP10','WORK','MI','USA',48173,'19535 Glenwood Ct #40','H.no 239','Rockwood');
Insert into SHRIYA_PROJECT.EMPLOYEE_ADDRESS (EMPLOYEE_ID,ADDRESS_TYPE,EMPLOYEE_STATECODE,EMPLOYEE_COUNTRY,EMPLOYEE_ZIP,ADDRESS_1,ADDRESS_2,EMPLOYEE_CITY) values ('EMP11','WORK','TN','USA',37852,'1994 Nydeck Rd','Apt 023','Robbins');
Insert into SHRIYA_PROJECT.EMPLOYEE_ADDRESS (EMPLOYEE_ID,ADDRESS_TYPE,EMPLOYEE_STATECODE,EMPLOYEE_COUNTRY,EMPLOYEE_ZIP,ADDRESS_1,ADDRESS_2,EMPLOYEE_CITY) values ('EMP12','WORK','PA','USA',19083,'1105 Harding Dr','H.no 20','Havertown');
Insert into SHRIYA_PROJECT.EMPLOYEE_ADDRESS (EMPLOYEE_ID,ADDRESS_TYPE,EMPLOYEE_STATECODE,EMPLOYEE_COUNTRY,EMPLOYEE_ZIP,ADDRESS_1,ADDRESS_2,EMPLOYEE_CITY) values ('EMP13','WORK','MD','USA',20770,'7249 Morrison Dr','Apt 222','Greenbelt');
Insert into SHRIYA_PROJECT.EMPLOYEE_ADDRESS (EMPLOYEE_ID,ADDRESS_TYPE,EMPLOYEE_STATECODE,EMPLOYEE_COUNTRY,EMPLOYEE_ZIP,ADDRESS_1,ADDRESS_2,EMPLOYEE_CITY) values ('EMP14','WORK','PA','USA',17349,'16120 Sherwin Cir','PH15','New freedom');
Insert into SHRIYA_PROJECT.EMPLOYEE_ADDRESS (EMPLOYEE_ID,ADDRESS_TYPE,EMPLOYEE_STATECODE,EMPLOYEE_COUNTRY,EMPLOYEE_ZIP,ADDRESS_1,ADDRESS_2,EMPLOYEE_CITY) values ('EMP15','WORK','IL','USA',61866,'2992 County Rd #1900 E','Villa no. 304','Rantoul');
Insert into SHRIYA_PROJECT.EMPLOYEE_ADDRESS (EMPLOYEE_ID,ADDRESS_TYPE,EMPLOYEE_STATECODE,EMPLOYEE_COUNTRY,EMPLOYEE_ZIP,ADDRESS_1,ADDRESS_2,EMPLOYEE_CITY) values ('EMP16','HOME','GA','USA',31404,'2057 E 41st St','H.no. 93','Savannah');
Insert into SHRIYA_PROJECT.EMPLOYEE_ADDRESS (EMPLOYEE_ID,ADDRESS_TYPE,EMPLOYEE_STATECODE,EMPLOYEE_COUNTRY,EMPLOYEE_ZIP,ADDRESS_1,ADDRESS_2,EMPLOYEE_CITY) values ('EMP17','HOME','TN','USA',38261,'2704 Salem Dr','Apt 708','Union City');
Insert into SHRIYA_PROJECT.EMPLOYEE_ADDRESS (EMPLOYEE_ID,ADDRESS_TYPE,EMPLOYEE_STATECODE,EMPLOYEE_COUNTRY,EMPLOYEE_ZIP,ADDRESS_1,ADDRESS_2,EMPLOYEE_CITY) values ('EMP18','HOME','KY','USA',40437,'8359 78th Ky','PH11','Hustonville');
Insert into SHRIYA_PROJECT.EMPLOYEE_ADDRESS (EMPLOYEE_ID,ADDRESS_TYPE,EMPLOYEE_STATECODE,EMPLOYEE_COUNTRY,EMPLOYEE_ZIP,ADDRESS_1,ADDRESS_2,EMPLOYEE_CITY) values ('EMP19','HOME','AZ','USA',85253,'6702 E Beryl Ave','Apt 407','Paradise Valley');
Insert into SHRIYA_PROJECT.EMPLOYEE_ADDRESS (EMPLOYEE_ID,ADDRESS_TYPE,EMPLOYEE_STATECODE,EMPLOYEE_COUNTRY,EMPLOYEE_ZIP,ADDRESS_1,ADDRESS_2,EMPLOYEE_CITY) values ('EMP20','HOME','GA','USA',31635,'610 Chestnut Ridge Cir','Apt 284','Lakeland');
Insert into SHRIYA_PROJECT.EMPLOYEE_ADDRESS (EMPLOYEE_ID,ADDRESS_TYPE,EMPLOYEE_STATECODE,EMPLOYEE_COUNTRY,EMPLOYEE_ZIP,ADDRESS_1,ADDRESS_2,EMPLOYEE_CITY) values ('EMP21','HOME','NC','USA',28905,'144 Londonderry Dr','PH09','Marble');
Insert into SHRIYA_PROJECT.EMPLOYEE_ADDRESS (EMPLOYEE_ID,ADDRESS_TYPE,EMPLOYEE_STATECODE,EMPLOYEE_COUNTRY,EMPLOYEE_ZIP,ADDRESS_1,ADDRESS_2,EMPLOYEE_CITY) values ('EMP22','HOME','NC','USA',28782,'686 Wilderness Rd','PH29','Tryon');
Insert into SHRIYA_PROJECT.EMPLOYEE_ADDRESS (EMPLOYEE_ID,ADDRESS_TYPE,EMPLOYEE_STATECODE,EMPLOYEE_COUNTRY,EMPLOYEE_ZIP,ADDRESS_1,ADDRESS_2,EMPLOYEE_CITY) values ('EMP23','WORK','AK','USA',35653,'Highway','Goul Lane','Russellville');
Insert into SHRIYA_PROJECT.EMPLOYEE_ADDRESS (EMPLOYEE_ID,ADDRESS_TYPE,EMPLOYEE_STATECODE,EMPLOYEE_COUNTRY,EMPLOYEE_ZIP,ADDRESS_1,ADDRESS_2,EMPLOYEE_CITY) values ('EMP24','WORK','SC','USA',29384,'7454 Riverfork Rd','Seagull Lane','Waterloo');
Insert into SHRIYA_PROJECT.EMPLOYEE_ADDRESS (EMPLOYEE_ID,ADDRESS_TYPE,EMPLOYEE_STATECODE,EMPLOYEE_COUNTRY,EMPLOYEE_ZIP,ADDRESS_1,ADDRESS_2,EMPLOYEE_CITY) values ('EMP25','WORK','IL','USA',60415,'10521 Parkside Ave','Park st villa no 34','Chicago Ridge');
Insert into SHRIYA_PROJECT.EMPLOYEE_ADDRESS (EMPLOYEE_ID,ADDRESS_TYPE,EMPLOYEE_STATECODE,EMPLOYEE_COUNTRY,EMPLOYEE_ZIP,ADDRESS_1,ADDRESS_2,EMPLOYEE_CITY) values ('EMP26','WORK','CA','USA',93561,'26751 Sutter Ct','Mary lane','Tehachapi');
Insert into SHRIYA_PROJECT.EMPLOYEE_ADDRESS (EMPLOYEE_ID,ADDRESS_TYPE,EMPLOYEE_STATECODE,EMPLOYEE_COUNTRY,EMPLOYEE_ZIP,ADDRESS_1,ADDRESS_2,EMPLOYEE_CITY) values ('EMP27','WORK','FL','USA',32837,'4002 Promenade Square Dr','Apt 20','Orlando');
Insert into SHRIYA_PROJECT.EMPLOYEE_ADDRESS (EMPLOYEE_ID,ADDRESS_TYPE,EMPLOYEE_STATECODE,EMPLOYEE_COUNTRY,EMPLOYEE_ZIP,ADDRESS_1,ADDRESS_2,EMPLOYEE_CITY) values ('EMP28','WORK','PA','USA',17022,'125 N Locust St','PH34','Elizabethtown');
Insert into SHRIYA_PROJECT.EMPLOYEE_ADDRESS (EMPLOYEE_ID,ADDRESS_TYPE,EMPLOYEE_STATECODE,EMPLOYEE_COUNTRY,EMPLOYEE_ZIP,ADDRESS_1,ADDRESS_2,EMPLOYEE_CITY) values ('EMP29','WORK','FL','USA',32043,'5296 Sweat Rd','Apt 394','Green Cove Springs');
Insert into SHRIYA_PROJECT.EMPLOYEE_ADDRESS (EMPLOYEE_ID,ADDRESS_TYPE,EMPLOYEE_STATECODE,EMPLOYEE_COUNTRY,EMPLOYEE_ZIP,ADDRESS_1,ADDRESS_2,EMPLOYEE_CITY) values ('EMP30','WORK','MI','USA',49746,'130 Maple St','Apt 283','Hillman');
Insert into SHRIYA_PROJECT.EMPLOYEE_ADDRESS (EMPLOYEE_ID,ADDRESS_TYPE,EMPLOYEE_STATECODE,EMPLOYEE_COUNTRY,EMPLOYEE_ZIP,ADDRESS_1,ADDRESS_2,EMPLOYEE_CITY) values ('EMP31','HOME','NJ','USA',8094,'1480 N Tuckahoe Rd','Apt 198','Williamstown');
Insert into SHRIYA_PROJECT.EMPLOYEE_ADDRESS (EMPLOYEE_ID,ADDRESS_TYPE,EMPLOYEE_STATECODE,EMPLOYEE_COUNTRY,EMPLOYEE_ZIP,ADDRESS_1,ADDRESS_2,EMPLOYEE_CITY) values ('EMP32','HOME','MO','USA',63459,'52512 Brookside Trl','Apt 523','New London');
Insert into SHRIYA_PROJECT.EMPLOYEE_ADDRESS (EMPLOYEE_ID,ADDRESS_TYPE,EMPLOYEE_STATECODE,EMPLOYEE_COUNTRY,EMPLOYEE_ZIP,ADDRESS_1,ADDRESS_2,EMPLOYEE_CITY) values ('EMP33','HOME','AR','USA',72921,'705 Fayetteville Ave','Mary jane lane','Alma');
Insert into SHRIYA_PROJECT.EMPLOYEE_ADDRESS (EMPLOYEE_ID,ADDRESS_TYPE,EMPLOYEE_STATECODE,EMPLOYEE_COUNTRY,EMPLOYEE_ZIP,ADDRESS_1,ADDRESS_2,EMPLOYEE_CITY) values ('EMP34','HOME','OH','USA',44224,'3849 Kay Dr','PH61','Stow');
Insert into SHRIYA_PROJECT.EMPLOYEE_ADDRESS (EMPLOYEE_ID,ADDRESS_TYPE,EMPLOYEE_STATECODE,EMPLOYEE_COUNTRY,EMPLOYEE_ZIP,ADDRESS_1,ADDRESS_2,EMPLOYEE_CITY) values ('EMP35','HOME','NY','USA',11560,'20 Ash St','Apt 143','Locust Valley');
Insert into SHRIYA_PROJECT.EMPLOYEE_ADDRESS (EMPLOYEE_ID,ADDRESS_TYPE,EMPLOYEE_STATECODE,EMPLOYEE_COUNTRY,EMPLOYEE_ZIP,ADDRESS_1,ADDRESS_2,EMPLOYEE_CITY) values ('EMP36','HOME','CA','USA',93561,'21241 Golden Hills Blvd','Apt 543','Tehachapi');
Insert into SHRIYA_PROJECT.EMPLOYEE_ADDRESS (EMPLOYEE_ID,ADDRESS_TYPE,EMPLOYEE_STATECODE,EMPLOYEE_COUNTRY,EMPLOYEE_ZIP,ADDRESS_1,ADDRESS_2,EMPLOYEE_CITY) values ('EMP37','HOME','WI','USA',54611,'13928 State Rd #121','PH07','Alma Center');
Insert into SHRIYA_PROJECT.EMPLOYEE_ADDRESS (EMPLOYEE_ID,ADDRESS_TYPE,EMPLOYEE_STATECODE,EMPLOYEE_COUNTRY,EMPLOYEE_ZIP,ADDRESS_1,ADDRESS_2,EMPLOYEE_CITY) values ('EMP38','WORK','MI','USA',49327,'5110 W 118th St','PH32','Grant');
Insert into SHRIYA_PROJECT.EMPLOYEE_ADDRESS (EMPLOYEE_ID,ADDRESS_TYPE,EMPLOYEE_STATECODE,EMPLOYEE_COUNTRY,EMPLOYEE_ZIP,ADDRESS_1,ADDRESS_2,EMPLOYEE_CITY) values ('EMP39','WORK','MA','USA',1880,'398 Main St','Apt 320','Wakefield');
Insert into SHRIYA_PROJECT.EMPLOYEE_ADDRESS (EMPLOYEE_ID,ADDRESS_TYPE,EMPLOYEE_STATECODE,EMPLOYEE_COUNTRY,EMPLOYEE_ZIP,ADDRESS_1,ADDRESS_2,EMPLOYEE_CITY) values ('EMP40','WORK','MA','USA',2760,'581 Hickory Rd','PH29','North Attleboro');
Insert into SHRIYA_PROJECT.EMPLOYEE_ADDRESS (EMPLOYEE_ID,ADDRESS_TYPE,EMPLOYEE_STATECODE,EMPLOYEE_COUNTRY,EMPLOYEE_ZIP,ADDRESS_1,ADDRESS_2,EMPLOYEE_CITY) values ('EMP41','WORK','MN','USA',56567,'38642 County 19 Hwy','Center st lane','New York Mills');
Insert into SHRIYA_PROJECT.EMPLOYEE_ADDRESS (EMPLOYEE_ID,ADDRESS_TYPE,EMPLOYEE_STATECODE,EMPLOYEE_COUNTRY,EMPLOYEE_ZIP,ADDRESS_1,ADDRESS_2,EMPLOYEE_CITY) values ('EMP42','WORK','OH','USA',43543,'330 Empire St','Apt 62','Montpelier');
Insert into SHRIYA_PROJECT.EMPLOYEE_ADDRESS (EMPLOYEE_ID,ADDRESS_TYPE,EMPLOYEE_STATECODE,EMPLOYEE_COUNTRY,EMPLOYEE_ZIP,ADDRESS_1,ADDRESS_2,EMPLOYEE_CITY) values ('EMP43','WORK','CO','USA',80751,'631 N 3rd St','Apt 17','Sterling');
Insert into SHRIYA_PROJECT.EMPLOYEE_ADDRESS (EMPLOYEE_ID,ADDRESS_TYPE,EMPLOYEE_STATECODE,EMPLOYEE_COUNTRY,EMPLOYEE_ZIP,ADDRESS_1,ADDRESS_2,EMPLOYEE_CITY) values ('EMP44','WORK','NC','USA',27587,'7737 Matherly Dr','PH19','Wake Forest');
Insert into SHRIYA_PROJECT.EMPLOYEE_ADDRESS (EMPLOYEE_ID,ADDRESS_TYPE,EMPLOYEE_STATECODE,EMPLOYEE_COUNTRY,EMPLOYEE_ZIP,ADDRESS_1,ADDRESS_2,EMPLOYEE_CITY) values ('EMP45','WORK','NC','USA',28445,'903 S Anderson Blvd','Apt 65','Holly Ridge');
Insert into SHRIYA_PROJECT.EMPLOYEE_ADDRESS (EMPLOYEE_ID,ADDRESS_TYPE,EMPLOYEE_STATECODE,EMPLOYEE_COUNTRY,EMPLOYEE_ZIP,ADDRESS_1,ADDRESS_2,EMPLOYEE_CITY) values ('EMP46','HOME','MO','USA',63901,'7104 Woodland Meadow Dr','Apt 923, near MBTA Lane','Poplar Bluff');
Insert into SHRIYA_PROJECT.EMPLOYEE_ADDRESS (EMPLOYEE_ID,ADDRESS_TYPE,EMPLOYEE_STATECODE,EMPLOYEE_COUNTRY,EMPLOYEE_ZIP,ADDRESS_1,ADDRESS_2,EMPLOYEE_CITY) values ('EMP47','HOME','CA','USA',92037,'350 Prospect St','PH21','La Jolla');
Insert into SHRIYA_PROJECT.EMPLOYEE_ADDRESS (EMPLOYEE_ID,ADDRESS_TYPE,EMPLOYEE_STATECODE,EMPLOYEE_COUNTRY,EMPLOYEE_ZIP,ADDRESS_1,ADDRESS_2,EMPLOYEE_CITY) values ('EMP48','HOME','CA','USA',92543,'390 W Thornton Ave','Apt 187','Hemet');



create table product(
product_number varchar2(50),
product_name varchar2(50),
product_category varchar2(50),
primary key(product_number)
);


---insert product

Insert into SHRIYA_PROJECT.PRODUCT (PRODUCT_NUMBER,PRODUCT_NAME,PRODUCT_CATEGORY) values ('LAP-PHO-123','PHOENIX','LAPTOP');
Insert into SHRIYA_PROJECT.PRODUCT (PRODUCT_NUMBER,PRODUCT_NAME,PRODUCT_CATEGORY) values ('LAP-DRA-123','DRAGONFLY','LAPTOP');
Insert into SHRIYA_PROJECT.PRODUCT (PRODUCT_NUMBER,PRODUCT_NAME,PRODUCT_CATEGORY) values ('LAP-ORC-123','ORCHARD','LAPTOP');
Insert into SHRIYA_PROJECT.PRODUCT (PRODUCT_NUMBER,PRODUCT_NAME,PRODUCT_CATEGORY) values ('MON-ASG-123','ASGARD','MONITOR');
Insert into SHRIYA_PROJECT.PRODUCT (PRODUCT_NUMBER,PRODUCT_NAME,PRODUCT_CATEGORY) values ('MON-HOG-123','HOGWARTS','MONITOR');
Insert into SHRIYA_PROJECT.PRODUCT (PRODUCT_NUMBER,PRODUCT_NAME,PRODUCT_CATEGORY) values ('MON-NAR-123','NARNIA','MONITOR');
Insert into SHRIYA_PROJECT.PRODUCT (PRODUCT_NUMBER,PRODUCT_NAME,PRODUCT_CATEGORY) values ('MON-WIN-123','WINTERFELL','MONITOR');
Insert into SHRIYA_PROJECT.PRODUCT (PRODUCT_NUMBER,PRODUCT_NAME,PRODUCT_CATEGORY) values ('SPE-DOB-123','DOBBY','SPEAKER');
Insert into SHRIYA_PROJECT.PRODUCT (PRODUCT_NUMBER,PRODUCT_NAME,PRODUCT_CATEGORY) values ('SPE-BUM-123','BUMBLEBEE','SPEAKER');
Insert into SHRIYA_PROJECT.PRODUCT (PRODUCT_NUMBER,PRODUCT_NAME,PRODUCT_CATEGORY) values ('SPE-VEN-123','VENOM','SPEAKER');
Insert into SHRIYA_PROJECT.PRODUCT (PRODUCT_NUMBER,PRODUCT_NAME,PRODUCT_CATEGORY) values ('KEY-AVA-123','AVATAR','KEYBOARD');
Insert into SHRIYA_PROJECT.PRODUCT (PRODUCT_NUMBER,PRODUCT_NAME,PRODUCT_CATEGORY) values ('KEY-RAG-123','RAGNORAK','KEYBOARD');
Insert into SHRIYA_PROJECT.PRODUCT (PRODUCT_NUMBER,PRODUCT_NAME,PRODUCT_CATEGORY) values ('KEY-YOD-123','YODA','KEYBOARD');
Insert into SHRIYA_PROJECT.PRODUCT (PRODUCT_NUMBER,PRODUCT_NAME,PRODUCT_CATEGORY) values ('MOU-SNI-123','SNIPER','MOUSE');
Insert into SHRIYA_PROJECT.PRODUCT (PRODUCT_NUMBER,PRODUCT_NAME,PRODUCT_CATEGORY) values ('MOU-SPY-123','SPYDER','MOUSE');
Insert into SHRIYA_PROJECT.PRODUCT (PRODUCT_NUMBER,PRODUCT_NAME,PRODUCT_CATEGORY) values ('MOU-GLA-123','GLADIATOR','MOUSE');

create table imei_info(
imei varchar2(25),
product_number varchar2(50),
primary key(imei),
FOREIGN KEY (product_number) REFERENCES product(product_number)
);

--insert imei info
Insert into SHRIYA_PROJECT.IMEI_INFO (IMEI,PRODUCT_NUMBER) values ('LG142AA','LAP-PHO-123');
Insert into SHRIYA_PROJECT.IMEI_INFO (IMEI,PRODUCT_NUMBER) values ('B3D81AA','LAP-PHO-123');
Insert into SHRIYA_PROJECT.IMEI_INFO (IMEI,PRODUCT_NUMBER) values ('K5H78PS','LAP-PHO-123');
Insert into SHRIYA_PROJECT.IMEI_INFO (IMEI,PRODUCT_NUMBER) values ('P6D69AA','LAP-DRA-123');
Insert into SHRIYA_PROJECT.IMEI_INFO (IMEI,PRODUCT_NUMBER) values ('K5H79PS','LAP-DRA-123');
Insert into SHRIYA_PROJECT.IMEI_INFO (IMEI,PRODUCT_NUMBER) values ('PU896AT','LAP-DRA-123');
Insert into SHRIYA_PROJECT.IMEI_INFO (IMEI,PRODUCT_NUMBER) values ('RK271AT','LAP-ORC-123');
Insert into SHRIYA_PROJECT.IMEI_INFO (IMEI,PRODUCT_NUMBER) values ('PY356AA','LAP-ORC-123');
Insert into SHRIYA_PROJECT.IMEI_INFO (IMEI,PRODUCT_NUMBER) values ('RK270AA','LAP-ORC-123');
Insert into SHRIYA_PROJECT.IMEI_INFO (IMEI,PRODUCT_NUMBER) values ('RK270AT','MON-ASG-123');
Insert into SHRIYA_PROJECT.IMEI_INFO (IMEI,PRODUCT_NUMBER) values ('EG839AA','MON-ASG-123');
Insert into SHRIYA_PROJECT.IMEI_INFO (IMEI,PRODUCT_NUMBER) values ('EG839AT','MON-HOG-123');
Insert into SHRIYA_PROJECT.IMEI_INFO (IMEI,PRODUCT_NUMBER) values ('EG840AA','MON-HOG-123');
Insert into SHRIYA_PROJECT.IMEI_INFO (IMEI,PRODUCT_NUMBER) values ('FH376AA','MON-NAR-123');
Insert into SHRIYA_PROJECT.IMEI_INFO (IMEI,PRODUCT_NUMBER) values ('GY227AA','MON-NAR-123');
Insert into SHRIYA_PROJECT.IMEI_INFO (IMEI,PRODUCT_NUMBER) values ('NL166PC','MON-WIN-123');
Insert into SHRIYA_PROJECT.IMEI_INFO (IMEI,PRODUCT_NUMBER) values ('BM461AW','MON-WIN-123');
Insert into SHRIYA_PROJECT.IMEI_INFO (IMEI,PRODUCT_NUMBER) values ('6NT16AAE','SPE-DOB-123');
Insert into SHRIYA_PROJECT.IMEI_INFO (IMEI,PRODUCT_NUMBER) values ('NU713PC','SPE-DOB-123');
Insert into SHRIYA_PROJECT.IMEI_INFO (IMEI,PRODUCT_NUMBER) values ('QV555AA','SPE-BUM-123');
Insert into SHRIYA_PROJECT.IMEI_INFO (IMEI,PRODUCT_NUMBER) values ('J2N80AA','SPE-BUM-123');
Insert into SHRIYA_PROJECT.IMEI_INFO (IMEI,PRODUCT_NUMBER) values ('J2N80AT','SPE-VEN-123');
Insert into SHRIYA_PROJECT.IMEI_INFO (IMEI,PRODUCT_NUMBER) values ('3CN12AA','SPE-VEN-123');
Insert into SHRIYA_PROJECT.IMEI_INFO (IMEI,PRODUCT_NUMBER) values ('3CN13AA','KEY-AVA-123');
Insert into SHRIYA_PROJECT.IMEI_INFO (IMEI,PRODUCT_NUMBER) values ('3CN13AT','KEY-AVA-123');
Insert into SHRIYA_PROJECT.IMEI_INFO (IMEI,PRODUCT_NUMBER) values ('2EZ54AA','KEY-RAG-123');
Insert into SHRIYA_PROJECT.IMEI_INFO (IMEI,PRODUCT_NUMBER) values ('2EZ54AT','KEY-RAG-123');
Insert into SHRIYA_PROJECT.IMEI_INFO (IMEI,PRODUCT_NUMBER) values ('2EZ55AA','KEY-YOD-123');
Insert into SHRIYA_PROJECT.IMEI_INFO (IMEI,PRODUCT_NUMBER) values ('2FU10AA','KEY-YOD-123');
Insert into SHRIYA_PROJECT.IMEI_INFO (IMEI,PRODUCT_NUMBER) values ('2FU10AT','MOU-SNI-123');
Insert into SHRIYA_PROJECT.IMEI_INFO (IMEI,PRODUCT_NUMBER) values ('2ST04UA','MOU-SNI-123');
Insert into SHRIYA_PROJECT.IMEI_INFO (IMEI,PRODUCT_NUMBER) values ('2UV44UA','MOU-SPY-123');
Insert into SHRIYA_PROJECT.IMEI_INFO (IMEI,PRODUCT_NUMBER) values ('V0C65UA','MOU-SPY-123');
Insert into SHRIYA_PROJECT.IMEI_INFO (IMEI,PRODUCT_NUMBER) values ('W5W64UA','MOU-GLA-123');
Insert into SHRIYA_PROJECT.IMEI_INFO (IMEI,PRODUCT_NUMBER) values ('X9S70EA','MOU-GLA-123');
Insert into SHRIYA_PROJECT.IMEI_INFO (IMEI,PRODUCT_NUMBER) values ('X9S71EA','LAP-PHO-123');
Insert into SHRIYA_PROJECT.IMEI_INFO (IMEI,PRODUCT_NUMBER) values ('C3G78AA','LAP-DRA-123');
Insert into SHRIYA_PROJECT.IMEI_INFO (IMEI,PRODUCT_NUMBER) values ('C3G78AT','LAP-ORC-123');
Insert into SHRIYA_PROJECT.IMEI_INFO (IMEI,PRODUCT_NUMBER) values ('C3G79AA','LAP-PHO-123');
Insert into SHRIYA_PROJECT.IMEI_INFO (IMEI,PRODUCT_NUMBER) values ('C3G80AA','LAP-DRA-123');
Insert into SHRIYA_PROJECT.IMEI_INFO (IMEI,PRODUCT_NUMBER) values ('C3G80AT','LAP-ORC-123');
Insert into SHRIYA_PROJECT.IMEI_INFO (IMEI,PRODUCT_NUMBER) values ('G4V27UA','LAP-PHO-123');
Insert into SHRIYA_PROJECT.IMEI_INFO (IMEI,PRODUCT_NUMBER) values ('G6F23AA','LAP-PHO-123');
Insert into SHRIYA_PROJECT.IMEI_INFO (IMEI,PRODUCT_NUMBER) values ('G6F28AA','LAP-PHO-123');
Insert into SHRIYA_PROJECT.IMEI_INFO (IMEI,PRODUCT_NUMBER) values ('G6F36AA','LAP-DRA-123');
Insert into SHRIYA_PROJECT.IMEI_INFO (IMEI,PRODUCT_NUMBER) values ('J0E31PC','LAP-DRA-123');
Insert into SHRIYA_PROJECT.IMEI_INFO (IMEI,PRODUCT_NUMBER) values ('J9A98EA','LAP-DRA-123');
Insert into SHRIYA_PROJECT.IMEI_INFO (IMEI,PRODUCT_NUMBER) values ('P0A20PC','LAP-ORC-123');
Insert into SHRIYA_PROJECT.IMEI_INFO (IMEI,PRODUCT_NUMBER) values ('W5Z10UA','LAP-ORC-123');
Insert into SHRIYA_PROJECT.IMEI_INFO (IMEI,PRODUCT_NUMBER) values ('2MV25PA','LAP-ORC-123');
Insert into SHRIYA_PROJECT.IMEI_INFO (IMEI,PRODUCT_NUMBER) values ('T7W57PS','MON-ASG-123');
Insert into SHRIYA_PROJECT.IMEI_INFO (IMEI,PRODUCT_NUMBER) values ('X0U35PA','MON-ASG-123');
Insert into SHRIYA_PROJECT.IMEI_INFO (IMEI,PRODUCT_NUMBER) values ('X0U47PA','MON-HOG-123');
Insert into SHRIYA_PROJECT.IMEI_INFO (IMEI,PRODUCT_NUMBER) values ('Y5H01PA','MON-HOG-123');
Insert into SHRIYA_PROJECT.IMEI_INFO (IMEI,PRODUCT_NUMBER) values ('Y6N68PA','MON-NAR-123');
Insert into SHRIYA_PROJECT.IMEI_INFO (IMEI,PRODUCT_NUMBER) values ('1FD83UP','MON-NAR-123');
Insert into SHRIYA_PROJECT.IMEI_INFO (IMEI,PRODUCT_NUMBER) values ('1HE11PC','MON-WIN-123');
Insert into SHRIYA_PROJECT.IMEI_INFO (IMEI,PRODUCT_NUMBER) values ('2RC38EAR','MON-WIN-123');
Insert into SHRIYA_PROJECT.IMEI_INFO (IMEI,PRODUCT_NUMBER) values ('P7K39UC','SPE-DOB-123');
Insert into SHRIYA_PROJECT.IMEI_INFO (IMEI,PRODUCT_NUMBER) values ('P7K43UC','SPE-DOB-123');
Insert into SHRIYA_PROJECT.IMEI_INFO (IMEI,PRODUCT_NUMBER) values ('P7K52UC','SPE-BUM-123');
Insert into SHRIYA_PROJECT.IMEI_INFO (IMEI,PRODUCT_NUMBER) values ('P7K53UC','SPE-BUM-123');
Insert into SHRIYA_PROJECT.IMEI_INFO (IMEI,PRODUCT_NUMBER) values ('X9S72EA','SPE-VEN-123');
Insert into SHRIYA_PROJECT.IMEI_INFO (IMEI,PRODUCT_NUMBER) values ('Z2H41UP','SPE-VEN-123');
Insert into SHRIYA_PROJECT.IMEI_INFO (IMEI,PRODUCT_NUMBER) values ('Z4Y96PA','KEY-AVA-123');
Insert into SHRIYA_PROJECT.IMEI_INFO (IMEI,PRODUCT_NUMBER) values ('Z4Z14PA','KEY-AVA-123');
Insert into SHRIYA_PROJECT.IMEI_INFO (IMEI,PRODUCT_NUMBER) values ('W5Y96UA','KEY-RAG-123');
Insert into SHRIYA_PROJECT.IMEI_INFO (IMEI,PRODUCT_NUMBER) values ('W5Z02UT','KEY-RAG-123');
Insert into SHRIYA_PROJECT.IMEI_INFO (IMEI,PRODUCT_NUMBER) values ('W5Z05UT','KEY-YOD-123');
Insert into SHRIYA_PROJECT.IMEI_INFO (IMEI,PRODUCT_NUMBER) values ('W5Z06UA','KEY-YOD-123');
Insert into SHRIYA_PROJECT.IMEI_INFO (IMEI,PRODUCT_NUMBER) values ('X4X17AA','MOU-SNI-123');
Insert into SHRIYA_PROJECT.IMEI_INFO (IMEI,PRODUCT_NUMBER) values ('X4X20AA','MOU-SNI-123');
Insert into SHRIYA_PROJECT.IMEI_INFO (IMEI,PRODUCT_NUMBER) values ('X4X22AA','MOU-SPY-123');
Insert into SHRIYA_PROJECT.IMEI_INFO (IMEI,PRODUCT_NUMBER) values ('Z4Y99PA','MOU-SPY-123');
Insert into SHRIYA_PROJECT.IMEI_INFO (IMEI,PRODUCT_NUMBER) values ('1VE63EC','MOU-GLA-123');
Insert into SHRIYA_PROJECT.IMEI_INFO (IMEI,PRODUCT_NUMBER) values ('P3S24AA','MOU-GLA-123');
Insert into SHRIYA_PROJECT.IMEI_INFO (IMEI,PRODUCT_NUMBER) values ('P3S25AA','LAP-PHO-123');
Insert into SHRIYA_PROJECT.IMEI_INFO (IMEI,PRODUCT_NUMBER) values ('P3S26AA','LAP-DRA-123');
Insert into SHRIYA_PROJECT.IMEI_INFO (IMEI,PRODUCT_NUMBER) values ('P7K54UC','LAP-ORC-123');
Insert into SHRIYA_PROJECT.IMEI_INFO (IMEI,PRODUCT_NUMBER) values ('V2V44UA','LAP-PHO-123');
Insert into SHRIYA_PROJECT.IMEI_INFO (IMEI,PRODUCT_NUMBER) values ('V2V44UT','LAP-DRA-123');
Insert into SHRIYA_PROJECT.IMEI_INFO (IMEI,PRODUCT_NUMBER) values ('X3X66PC','LAP-ORC-123');
Insert into SHRIYA_PROJECT.IMEI_INFO (IMEI,PRODUCT_NUMBER) values ('1CP06PA','LAP-PHO-123');
Insert into SHRIYA_PROJECT.IMEI_INFO (IMEI,PRODUCT_NUMBER) values ('1JE33PA','LAP-PHO-123');
Insert into SHRIYA_PROJECT.IMEI_INFO (IMEI,PRODUCT_NUMBER) values ('1YZ26ES','LAP-PHO-123');
Insert into SHRIYA_PROJECT.IMEI_INFO (IMEI,PRODUCT_NUMBER) values ('3CN12AT','LAP-DRA-123');
Insert into SHRIYA_PROJECT.IMEI_INFO (IMEI,PRODUCT_NUMBER) values ('M5R73AT','LAP-DRA-123');
Insert into SHRIYA_PROJECT.IMEI_INFO (IMEI,PRODUCT_NUMBER) values ('V2V52UT','LAP-DRA-123');
Insert into SHRIYA_PROJECT.IMEI_INFO (IMEI,PRODUCT_NUMBER) values ('B8L63AA','LAP-ORC-123');
Insert into SHRIYA_PROJECT.IMEI_INFO (IMEI,PRODUCT_NUMBER) values ('E4S29AA','LAP-ORC-123');
Insert into SHRIYA_PROJECT.IMEI_INFO (IMEI,PRODUCT_NUMBER) values ('G0X35AV','LAP-ORC-123');
Insert into SHRIYA_PROJECT.IMEI_INFO (IMEI,PRODUCT_NUMBER) values ('G9F02AA','MON-ASG-123');
Insert into SHRIYA_PROJECT.IMEI_INFO (IMEI,PRODUCT_NUMBER) values ('G9F08AT','MON-ASG-123');
Insert into SHRIYA_PROJECT.IMEI_INFO (IMEI,PRODUCT_NUMBER) values ('G9F14AA','MON-HOG-123');
Insert into SHRIYA_PROJECT.IMEI_INFO (IMEI,PRODUCT_NUMBER) values ('J0E17PS','MON-HOG-123');
Insert into SHRIYA_PROJECT.IMEI_INFO (IMEI,PRODUCT_NUMBER) values ('J6D57UA','MON-NAR-123');
Insert into SHRIYA_PROJECT.IMEI_INFO (IMEI,PRODUCT_NUMBER) values ('J9A90ET','MON-NAR-123');
Insert into SHRIYA_PROJECT.IMEI_INFO (IMEI,PRODUCT_NUMBER) values ('K4Z71UP','MON-WIN-123');
Insert into SHRIYA_PROJECT.IMEI_INFO (IMEI,PRODUCT_NUMBER) values ('L1D69UC','MON-WIN-123');
Insert into SHRIYA_PROJECT.IMEI_INFO (IMEI,PRODUCT_NUMBER) values ('T3V65PS','SPE-DOB-123');
Insert into SHRIYA_PROJECT.IMEI_INFO (IMEI,PRODUCT_NUMBER) values ('T4L67UA','SPE-DOB-123');
Insert into SHRIYA_PROJECT.IMEI_INFO (IMEI,PRODUCT_NUMBER) values ('W3T89PA','SPE-BUM-123');
Insert into SHRIYA_PROJECT.IMEI_INFO (IMEI,PRODUCT_NUMBER) values ('Y6Z02UT','SPE-BUM-123');
Insert into SHRIYA_PROJECT.IMEI_INFO (IMEI,PRODUCT_NUMBER) values ('F5A50AT','SPE-VEN-123');
Insert into SHRIYA_PROJECT.IMEI_INFO (IMEI,PRODUCT_NUMBER) values ('F5A54AT','SPE-VEN-123');
Insert into SHRIYA_PROJECT.IMEI_INFO (IMEI,PRODUCT_NUMBER) values ('H9R54EC','KEY-AVA-123');
Insert into SHRIYA_PROJECT.IMEI_INFO (IMEI,PRODUCT_NUMBER) values ('J9A54ES','KEY-AVA-123');
Insert into SHRIYA_PROJECT.IMEI_INFO (IMEI,PRODUCT_NUMBER) values ('K9G72PS','KEY-RAG-123');
Insert into SHRIYA_PROJECT.IMEI_INFO (IMEI,PRODUCT_NUMBER) values ('G6F27AA','KEY-RAG-123');
Insert into SHRIYA_PROJECT.IMEI_INFO (IMEI,PRODUCT_NUMBER) values ('T7W56PS','KEY-YOD-123');
Insert into SHRIYA_PROJECT.IMEI_INFO (IMEI,PRODUCT_NUMBER) values ('T7W60PS','KEY-YOD-123');
Insert into SHRIYA_PROJECT.IMEI_INFO (IMEI,PRODUCT_NUMBER) values ('Y5H03PA','MOU-SNI-123');
Insert into SHRIYA_PROJECT.IMEI_INFO (IMEI,PRODUCT_NUMBER) values ('1PX07PA','MOU-SNI-123');
Insert into SHRIYA_PROJECT.IMEI_INFO (IMEI,PRODUCT_NUMBER) values ('1YZ64ES','MOU-SPY-123');
Insert into SHRIYA_PROJECT.IMEI_INFO (IMEI,PRODUCT_NUMBER) values ('3BA74PA','MOU-SPY-123');
Insert into SHRIYA_PROJECT.IMEI_INFO (IMEI,PRODUCT_NUMBER) values ('X9S65EA','MOU-GLA-123');
Insert into SHRIYA_PROJECT.IMEI_INFO (IMEI,PRODUCT_NUMBER) values ('X9S77ES','MOU-GLA-123');
Insert into SHRIYA_PROJECT.IMEI_INFO (IMEI,PRODUCT_NUMBER) values ('X4X18AA','LAP-PHO-123');
Insert into SHRIYA_PROJECT.IMEI_INFO (IMEI,PRODUCT_NUMBER) values ('X4X19AA','LAP-DRA-123');
Insert into SHRIYA_PROJECT.IMEI_INFO (IMEI,PRODUCT_NUMBER) values ('X4X19AT','LAP-ORC-123');
Insert into SHRIYA_PROJECT.IMEI_INFO (IMEI,PRODUCT_NUMBER) values ('X4X21AA','LAP-PHO-123');


CREATE TABLE CUSTOMER(
Customer_id varchar2(10),
First_name varchar2(225) NOT NULL UNIQUE,
Last_name varchar2(225) NOT NULL,
Email varchar2(50) NOT NULL UNIQUE,
Phone_number varchar2(15) NOT NULL,
Customer_onboarddate timestamp NOT NULL,
Sub_id varchar2(20),
PRIMARY KEY(Customer_id),
FOREIGN KEY (Sub_id) References SUBSCRIPTION(Sub_id) ON DELETE CASCADE
);


---insert statements for customer
Insert into SHRIYA_PROJECT.CUSTOMER (CUSTOMER_ID,FIRST_NAME,LAST_NAME,EMAIL,PHONE_NUMBER,CUSTOMER_ONBOARDDATE,SUB_ID) values ('CUST31','Rocco','Paul','RoccoPaul @gmail.com','(495) 527-4806',to_timestamp('21-MAY-18 12.00.00.000000000 AM','DD-MON-RR HH.MI.SSXFF AM'),'SUB02');
Insert into SHRIYA_PROJECT.CUSTOMER (CUSTOMER_ID,FIRST_NAME,LAST_NAME,EMAIL,PHONE_NUMBER,CUSTOMER_ONBOARDDATE,SUB_ID) values ('CUST32','Jaime','Cline','JaimeCline @gmail.com','(958) 207-6374',to_timestamp('06-JAN-18 12.00.00.000000000 AM','DD-MON-RR HH.MI.SSXFF AM'),'SUB02');
Insert into SHRIYA_PROJECT.CUSTOMER (CUSTOMER_ID,FIRST_NAME,LAST_NAME,EMAIL,PHONE_NUMBER,CUSTOMER_ONBOARDDATE,SUB_ID) values ('CUST33','Slade','Villegas','SladeVillegas @gmail.com','(845) 242-5724',to_timestamp('23-SEP-18 12.00.00.000000000 AM','DD-MON-RR HH.MI.SSXFF AM'),'SUB01');
Insert into SHRIYA_PROJECT.CUSTOMER (CUSTOMER_ID,FIRST_NAME,LAST_NAME,EMAIL,PHONE_NUMBER,CUSTOMER_ONBOARDDATE,SUB_ID) values ('CUST34','Jaelyn','Vaughn','JaelynVaughn @gmail.com','(655) 480-6883',to_timestamp('26-AUG-18 12.00.00.000000000 AM','DD-MON-RR HH.MI.SSXFF AM'),'SUB02');
Insert into SHRIYA_PROJECT.CUSTOMER (CUSTOMER_ID,FIRST_NAME,LAST_NAME,EMAIL,PHONE_NUMBER,CUSTOMER_ONBOARDDATE,SUB_ID) values ('CUST35','Caylee','Craig','CayleeCraig @gmail.com','(662) 431-0125',to_timestamp('17-OCT-18 12.00.00.000000000 AM','DD-MON-RR HH.MI.SSXFF AM'),'SUB02');
Insert into SHRIYA_PROJECT.CUSTOMER (CUSTOMER_ID,FIRST_NAME,LAST_NAME,EMAIL,PHONE_NUMBER,CUSTOMER_ONBOARDDATE,SUB_ID) values ('CUST36','Jaden','Koch','JadenKoch @gmail.com','(690) 326-0714',to_timestamp('22-MAY-18 12.00.00.000000000 AM','DD-MON-RR HH.MI.SSXFF AM'),'SUB04');
Insert into SHRIYA_PROJECT.CUSTOMER (CUSTOMER_ID,FIRST_NAME,LAST_NAME,EMAIL,PHONE_NUMBER,CUSTOMER_ONBOARDDATE,SUB_ID) values ('CUST37','Tyree','Ferguson','TyreeFerguson @gmail.com','(626) 847-3949',to_timestamp('22-MAY-18 12.00.00.000000000 AM','DD-MON-RR HH.MI.SSXFF AM'),'SUB04');
Insert into SHRIYA_PROJECT.CUSTOMER (CUSTOMER_ID,FIRST_NAME,LAST_NAME,EMAIL,PHONE_NUMBER,CUSTOMER_ONBOARDDATE,SUB_ID) values ('CUST38','Eli','Villarreal','EliVillarreal @gmail.com','(367) 833-2840',to_timestamp('15-APR-19 12.00.00.000000000 AM','DD-MON-RR HH.MI.SSXFF AM'),'SUB03');
Insert into SHRIYA_PROJECT.CUSTOMER (CUSTOMER_ID,FIRST_NAME,LAST_NAME,EMAIL,PHONE_NUMBER,CUSTOMER_ONBOARDDATE,SUB_ID) values ('CUST39','Izaiah','Wiley','IzaiahWiley @gmail.com','(494) 338-5495',to_timestamp('21-JUN-18 12.00.00.000000000 AM','DD-MON-RR HH.MI.SSXFF AM'),'SUB03');
Insert into SHRIYA_PROJECT.CUSTOMER (CUSTOMER_ID,FIRST_NAME,LAST_NAME,EMAIL,PHONE_NUMBER,CUSTOMER_ONBOARDDATE,SUB_ID) values ('CUST40','Skye','Suarez','SkyeSuarez @gmail.com','(522) 699-8592',to_timestamp('20-JUN-18 12.00.00.000000000 AM','DD-MON-RR HH.MI.SSXFF AM'),'SUB01');
Insert into SHRIYA_PROJECT.CUSTOMER (CUSTOMER_ID,FIRST_NAME,LAST_NAME,EMAIL,PHONE_NUMBER,CUSTOMER_ONBOARDDATE,SUB_ID) values ('CUST41','Max','Villanueva','MaxVillanueva @gmail.com','(283) 944-7488',to_timestamp('09-OCT-18 12.00.00.000000000 AM','DD-MON-RR HH.MI.SSXFF AM'),'SUB03');
Insert into SHRIYA_PROJECT.CUSTOMER (CUSTOMER_ID,FIRST_NAME,LAST_NAME,EMAIL,PHONE_NUMBER,CUSTOMER_ONBOARDDATE,SUB_ID) values ('CUST42','Frida','Boone','FridaBoone @gmail.com','(384) 611-7467',to_timestamp('15-OCT-18 12.00.00.000000000 AM','DD-MON-RR HH.MI.SSXFF AM'),'SUB03');
Insert into SHRIYA_PROJECT.CUSTOMER (CUSTOMER_ID,FIRST_NAME,LAST_NAME,EMAIL,PHONE_NUMBER,CUSTOMER_ONBOARDDATE,SUB_ID) values ('CUST43','Makayla','Bernard','MakaylaBernard @gmail.com','(885) 553-3459',to_timestamp('24-DEC-18 12.00.00.000000000 AM','DD-MON-RR HH.MI.SSXFF AM'),'SUB03');
Insert into SHRIYA_PROJECT.CUSTOMER (CUSTOMER_ID,FIRST_NAME,LAST_NAME,EMAIL,PHONE_NUMBER,CUSTOMER_ONBOARDDATE,SUB_ID) values ('CUST44','Norah','Garner','NorahGarner @gmail.com','(463) 561-6541',to_timestamp('27-DEC-18 12.00.00.000000000 AM','DD-MON-RR HH.MI.SSXFF AM'),'SUB03');
Insert into SHRIYA_PROJECT.CUSTOMER (CUSTOMER_ID,FIRST_NAME,LAST_NAME,EMAIL,PHONE_NUMBER,CUSTOMER_ONBOARDDATE,SUB_ID) values ('CUST45','Logan','Zimmerman','LoganZimmerman @gmail.com','(370) 452-0901',to_timestamp('22-JAN-19 12.00.00.000000000 AM','DD-MON-RR HH.MI.SSXFF AM'),'SUB01');
Insert into SHRIYA_PROJECT.CUSTOMER (CUSTOMER_ID,FIRST_NAME,LAST_NAME,EMAIL,PHONE_NUMBER,CUSTOMER_ONBOARDDATE,SUB_ID) values ('CUST46','Houston','Davenport','HoustonDavenport @gmail.com','(433) 411-0151',to_timestamp('22-JAN-19 12.00.00.000000000 AM','DD-MON-RR HH.MI.SSXFF AM'),'SUB03');
Insert into SHRIYA_PROJECT.CUSTOMER (CUSTOMER_ID,FIRST_NAME,LAST_NAME,EMAIL,PHONE_NUMBER,CUSTOMER_ONBOARDDATE,SUB_ID) values ('CUST47','Rachel','Serrano','RachelSerrano @gmail.com','(766) 210-9787',to_timestamp('07-MAR-19 12.00.00.000000000 AM','DD-MON-RR HH.MI.SSXFF AM'),'SUB03');
Insert into SHRIYA_PROJECT.CUSTOMER (CUSTOMER_ID,FIRST_NAME,LAST_NAME,EMAIL,PHONE_NUMBER,CUSTOMER_ONBOARDDATE,SUB_ID) values ('CUST48','Kaya','White','KayaWhite @gmail.com','(310) 622-7916',to_timestamp('25-MAR-19 12.00.00.000000000 AM','DD-MON-RR HH.MI.SSXFF AM'),'SUB01');
Insert into SHRIYA_PROJECT.CUSTOMER (CUSTOMER_ID,FIRST_NAME,LAST_NAME,EMAIL,PHONE_NUMBER,CUSTOMER_ONBOARDDATE,SUB_ID) values ('CUST49','Landin','Wilkerson','LandinWilkerson @gmail.com','(696) 596-4997',to_timestamp('27-MAR-19 12.00.00.000000000 AM','DD-MON-RR HH.MI.SSXFF AM'),'SUB03');
Insert into SHRIYA_PROJECT.CUSTOMER (CUSTOMER_ID,FIRST_NAME,LAST_NAME,EMAIL,PHONE_NUMBER,CUSTOMER_ONBOARDDATE,SUB_ID) values ('CUST50','Kathleen','Mayo','KathleenMayo @gmail.com','(387) 495-1458',to_timestamp('08-MAY-19 12.00.00.000000000 AM','DD-MON-RR HH.MI.SSXFF AM'),'SUB01');
Insert into SHRIYA_PROJECT.CUSTOMER (CUSTOMER_ID,FIRST_NAME,LAST_NAME,EMAIL,PHONE_NUMBER,CUSTOMER_ONBOARDDATE,SUB_ID) values ('CUST51','Rashad','Bowman','RashadBowman @gmail.com','(848) 986-3045',to_timestamp('18-JUL-19 12.00.00.000000000 AM','DD-MON-RR HH.MI.SSXFF AM'),'SUB03');
Insert into SHRIYA_PROJECT.CUSTOMER (CUSTOMER_ID,FIRST_NAME,LAST_NAME,EMAIL,PHONE_NUMBER,CUSTOMER_ONBOARDDATE,SUB_ID) values ('CUST52','Eliana','Vargas','ElianaVargas @gmail.com','(876) 475-5376',to_timestamp('18-JUL-19 12.00.00.000000000 AM','DD-MON-RR HH.MI.SSXFF AM'),'SUB03');
Insert into SHRIYA_PROJECT.CUSTOMER (CUSTOMER_ID,FIRST_NAME,LAST_NAME,EMAIL,PHONE_NUMBER,CUSTOMER_ONBOARDDATE,SUB_ID) values ('CUST53','Weston','Holland','WestonHolland @gmail.com','(594) 979-2349',to_timestamp('29-JUL-19 12.00.00.000000000 AM','DD-MON-RR HH.MI.SSXFF AM'),'SUB01');
Insert into SHRIYA_PROJECT.CUSTOMER (CUSTOMER_ID,FIRST_NAME,LAST_NAME,EMAIL,PHONE_NUMBER,CUSTOMER_ONBOARDDATE,SUB_ID) values ('CUST54','Manuel','Branch','ManuelBranch @gmail.com','(241) 213-3783',to_timestamp('06-AUG-19 12.00.00.000000000 AM','DD-MON-RR HH.MI.SSXFF AM'),'SUB03');
Insert into SHRIYA_PROJECT.CUSTOMER (CUSTOMER_ID,FIRST_NAME,LAST_NAME,EMAIL,PHONE_NUMBER,CUSTOMER_ONBOARDDATE,SUB_ID) values ('CUST55','Marilyn','Sellers','MarilynSellers @gmail.com','(826) 986-6202',to_timestamp('21-AUG-19 12.00.00.000000000 AM','DD-MON-RR HH.MI.SSXFF AM'),'SUB03');
Insert into SHRIYA_PROJECT.CUSTOMER (CUSTOMER_ID,FIRST_NAME,LAST_NAME,EMAIL,PHONE_NUMBER,CUSTOMER_ONBOARDDATE,SUB_ID) values ('CUST56','Deanna','Stewart','DeannaStewart @gmail.com','(805) 924-9757',to_timestamp('17-MAY-18 12.00.00.000000000 AM','DD-MON-RR HH.MI.SSXFF AM'),'SUB01');
Insert into SHRIYA_PROJECT.CUSTOMER (CUSTOMER_ID,FIRST_NAME,LAST_NAME,EMAIL,PHONE_NUMBER,CUSTOMER_ONBOARDDATE,SUB_ID) values ('CUST57','Dakota','Bryan','DakotaBryan @gmail.com','(880) 252-0160',to_timestamp('18-MAY-18 12.00.00.000000000 AM','DD-MON-RR HH.MI.SSXFF AM'),'SUB03');
Insert into SHRIYA_PROJECT.CUSTOMER (CUSTOMER_ID,FIRST_NAME,LAST_NAME,EMAIL,PHONE_NUMBER,CUSTOMER_ONBOARDDATE,SUB_ID) values ('CUST58','Joshua','Reyes','JoshuaReyes @gmail.com','(573) 944-5792',to_timestamp('19-MAY-18 12.00.00.000000000 AM','DD-MON-RR HH.MI.SSXFF AM'),'SUB03');
Insert into SHRIYA_PROJECT.CUSTOMER (CUSTOMER_ID,FIRST_NAME,LAST_NAME,EMAIL,PHONE_NUMBER,CUSTOMER_ONBOARDDATE,SUB_ID) values ('CUST59','Tate','Vaughan','TateVaughan @gmail.com','(204) 597-1883',to_timestamp('20-MAY-18 12.00.00.000000000 AM','DD-MON-RR HH.MI.SSXFF AM'),'SUB03');
Insert into SHRIYA_PROJECT.CUSTOMER (CUSTOMER_ID,FIRST_NAME,LAST_NAME,EMAIL,PHONE_NUMBER,CUSTOMER_ONBOARDDATE,SUB_ID) values ('CUST60','Averi','Coffey','AveriCoffey @gmail.com','(541) 473-8212',to_timestamp('21-MAY-18 12.00.00.000000000 AM','DD-MON-RR HH.MI.SSXFF AM'),'SUB03');
Insert into SHRIYA_PROJECT.CUSTOMER (CUSTOMER_ID,FIRST_NAME,LAST_NAME,EMAIL,PHONE_NUMBER,CUSTOMER_ONBOARDDATE,SUB_ID) values ('CUST01','William','Mcclain','WilliamMcclain @gmail.com','(612) 449-2570',to_timestamp('27-MAY-19 12.00.00.000000000 AM','DD-MON-RR HH.MI.SSXFF AM'),'SUB01');
Insert into SHRIYA_PROJECT.CUSTOMER (CUSTOMER_ID,FIRST_NAME,LAST_NAME,EMAIL,PHONE_NUMBER,CUSTOMER_ONBOARDDATE,SUB_ID) values ('CUST02','Fabian','Erickson','FabianErickson @gmail.com','(542) 523-0093',to_timestamp('12-MAY-18 12.00.00.000000000 AM','DD-MON-RR HH.MI.SSXFF AM'),'SUB01');
Insert into SHRIYA_PROJECT.CUSTOMER (CUSTOMER_ID,FIRST_NAME,LAST_NAME,EMAIL,PHONE_NUMBER,CUSTOMER_ONBOARDDATE,SUB_ID) values ('CUST03','Tripp','Haas','TrippHaas @gmail.com','(854) 391-3985',to_timestamp('23-OCT-18 12.00.00.000000000 AM','DD-MON-RR HH.MI.SSXFF AM'),'SUB01');
Insert into SHRIYA_PROJECT.CUSTOMER (CUSTOMER_ID,FIRST_NAME,LAST_NAME,EMAIL,PHONE_NUMBER,CUSTOMER_ONBOARDDATE,SUB_ID) values ('CUST04','Tara','Franco','TaraFranco @gmail.com','(980) 852-1716',to_timestamp('18-MAR-18 12.00.00.000000000 AM','DD-MON-RR HH.MI.SSXFF AM'),'SUB01');
Insert into SHRIYA_PROJECT.CUSTOMER (CUSTOMER_ID,FIRST_NAME,LAST_NAME,EMAIL,PHONE_NUMBER,CUSTOMER_ONBOARDDATE,SUB_ID) values ('CUST05','Kenyon','Bradley','KenyonBradley @gmail.com','(420) 298-1217',to_timestamp('21-MAR-18 12.00.00.000000000 AM','DD-MON-RR HH.MI.SSXFF AM'),'SUB01');
Insert into SHRIYA_PROJECT.CUSTOMER (CUSTOMER_ID,FIRST_NAME,LAST_NAME,EMAIL,PHONE_NUMBER,CUSTOMER_ONBOARDDATE,SUB_ID) values ('CUST06','Dayanara','Braun','DayanaraBraun @gmail.com','(630) 676-6153',to_timestamp('18-JAN-18 12.00.00.000000000 AM','DD-MON-RR HH.MI.SSXFF AM'),'SUB01');
Insert into SHRIYA_PROJECT.CUSTOMER (CUSTOMER_ID,FIRST_NAME,LAST_NAME,EMAIL,PHONE_NUMBER,CUSTOMER_ONBOARDDATE,SUB_ID) values ('CUST07','Elliana','Phillips','EllianaPhillips @gmail.com','(871) 799-3337',to_timestamp('29-NOV-18 12.00.00.000000000 AM','DD-MON-RR HH.MI.SSXFF AM'),'SUB01');
Insert into SHRIYA_PROJECT.CUSTOMER (CUSTOMER_ID,FIRST_NAME,LAST_NAME,EMAIL,PHONE_NUMBER,CUSTOMER_ONBOARDDATE,SUB_ID) values ('CUST08','Sarai','Rogers','SaraiRogers @gmail.com','(430) 759-5451',to_timestamp('13-FEB-19 12.00.00.000000000 AM','DD-MON-RR HH.MI.SSXFF AM'),'SUB01');
Insert into SHRIYA_PROJECT.CUSTOMER (CUSTOMER_ID,FIRST_NAME,LAST_NAME,EMAIL,PHONE_NUMBER,CUSTOMER_ONBOARDDATE,SUB_ID) values ('CUST09','Anne','Holt','AnneHolt @gmail.com','(918) 379-5666',to_timestamp('28-DEC-18 12.00.00.000000000 AM','DD-MON-RR HH.MI.SSXFF AM'),'SUB01');
Insert into SHRIYA_PROJECT.CUSTOMER (CUSTOMER_ID,FIRST_NAME,LAST_NAME,EMAIL,PHONE_NUMBER,CUSTOMER_ONBOARDDATE,SUB_ID) values ('CUST10','Kasey','Murillo','KaseyMurillo @gmail.com','(541) 445-7944',to_timestamp('03-MAY-18 12.00.00.000000000 AM','DD-MON-RR HH.MI.SSXFF AM'),'SUB02');
Insert into SHRIYA_PROJECT.CUSTOMER (CUSTOMER_ID,FIRST_NAME,LAST_NAME,EMAIL,PHONE_NUMBER,CUSTOMER_ONBOARDDATE,SUB_ID) values ('CUST11','Gilbert','Marks','GilbertMarks @gmail.com','(428) 678-3661',to_timestamp('26-DEC-17 12.00.00.000000000 AM','DD-MON-RR HH.MI.SSXFF AM'),'SUB01');
Insert into SHRIYA_PROJECT.CUSTOMER (CUSTOMER_ID,FIRST_NAME,LAST_NAME,EMAIL,PHONE_NUMBER,CUSTOMER_ONBOARDDATE,SUB_ID) values ('CUST12','Xavier','Martin','XavierMartin @gmail.com','(227) 296-2772',to_timestamp('03-OCT-18 12.00.00.000000000 AM','DD-MON-RR HH.MI.SSXFF AM'),'SUB01');
Insert into SHRIYA_PROJECT.CUSTOMER (CUSTOMER_ID,FIRST_NAME,LAST_NAME,EMAIL,PHONE_NUMBER,CUSTOMER_ONBOARDDATE,SUB_ID) values ('CUST13','Travis','Krause','TravisKrause @gmail.com','(928) 663-7282',to_timestamp('17-JUN-18 12.00.00.000000000 AM','DD-MON-RR HH.MI.SSXFF AM'),'SUB02');
Insert into SHRIYA_PROJECT.CUSTOMER (CUSTOMER_ID,FIRST_NAME,LAST_NAME,EMAIL,PHONE_NUMBER,CUSTOMER_ONBOARDDATE,SUB_ID) values ('CUST14','Jadiel','Dodson','JadielDodson @gmail.com','(206) 746-9273',to_timestamp('07-AUG-18 12.00.00.000000000 AM','DD-MON-RR HH.MI.SSXFF AM'),'SUB02');
Insert into SHRIYA_PROJECT.CUSTOMER (CUSTOMER_ID,FIRST_NAME,LAST_NAME,EMAIL,PHONE_NUMBER,CUSTOMER_ONBOARDDATE,SUB_ID) values ('CUST15','Julio','Schroeder','JulioSchroeder @gmail.com','(595) 572-1919',to_timestamp('08-APR-18 12.00.00.000000000 AM','DD-MON-RR HH.MI.SSXFF AM'),'SUB02');
Insert into SHRIYA_PROJECT.CUSTOMER (CUSTOMER_ID,FIRST_NAME,LAST_NAME,EMAIL,PHONE_NUMBER,CUSTOMER_ONBOARDDATE,SUB_ID) values ('CUST16','Dayton','Fischer','DaytonFischer @gmail.com','(705) 975-7890',to_timestamp('17-SEP-18 12.00.00.000000000 AM','DD-MON-RR HH.MI.SSXFF AM'),'SUB02');
Insert into SHRIYA_PROJECT.CUSTOMER (CUSTOMER_ID,FIRST_NAME,LAST_NAME,EMAIL,PHONE_NUMBER,CUSTOMER_ONBOARDDATE,SUB_ID) values ('CUST17','Paige','Little','PaigeLittle @gmail.com','(720) 543-3077',to_timestamp('14-JAN-19 12.00.00.000000000 AM','DD-MON-RR HH.MI.SSXFF AM'),'SUB02');
Insert into SHRIYA_PROJECT.CUSTOMER (CUSTOMER_ID,FIRST_NAME,LAST_NAME,EMAIL,PHONE_NUMBER,CUSTOMER_ONBOARDDATE,SUB_ID) values ('CUST18','Kai','Medina','KaiMedina @gmail.com','(841) 513-6986',to_timestamp('25-JUN-18 12.00.00.000000000 AM','DD-MON-RR HH.MI.SSXFF AM'),'SUB02');
Insert into SHRIYA_PROJECT.CUSTOMER (CUSTOMER_ID,FIRST_NAME,LAST_NAME,EMAIL,PHONE_NUMBER,CUSTOMER_ONBOARDDATE,SUB_ID) values ('CUST19','Molly','Roberson','MollyRoberson @gmail.com','(447) 407-9220',to_timestamp('13-NOV-18 12.00.00.000000000 AM','DD-MON-RR HH.MI.SSXFF AM'),'SUB02');
Insert into SHRIYA_PROJECT.CUSTOMER (CUSTOMER_ID,FIRST_NAME,LAST_NAME,EMAIL,PHONE_NUMBER,CUSTOMER_ONBOARDDATE,SUB_ID) values ('CUST20','Alondra','Ballard','AlondraBallard @gmail.com','(940) 667-6734',to_timestamp('01-NOV-18 12.00.00.000000000 AM','DD-MON-RR HH.MI.SSXFF AM'),'SUB02');
Insert into SHRIYA_PROJECT.CUSTOMER (CUSTOMER_ID,FIRST_NAME,LAST_NAME,EMAIL,PHONE_NUMBER,CUSTOMER_ONBOARDDATE,SUB_ID) values ('CUST21','Matthias','Lin','MatthiasLin @gmail.com','(289) 848-9724',to_timestamp('31-OCT-18 12.00.00.000000000 AM','DD-MON-RR HH.MI.SSXFF AM'),'SUB02');
Insert into SHRIYA_PROJECT.CUSTOMER (CUSTOMER_ID,FIRST_NAME,LAST_NAME,EMAIL,PHONE_NUMBER,CUSTOMER_ONBOARDDATE,SUB_ID) values ('CUST22','Jalen','Mitchell','JalenMitchell @gmail.com','(512) 325-7675',to_timestamp('01-APR-18 12.00.00.000000000 AM','DD-MON-RR HH.MI.SSXFF AM'),'SUB02');
Insert into SHRIYA_PROJECT.CUSTOMER (CUSTOMER_ID,FIRST_NAME,LAST_NAME,EMAIL,PHONE_NUMBER,CUSTOMER_ONBOARDDATE,SUB_ID) values ('CUST23','Jaylon','Wiley','JaylonWiley @gmail.com','(912) 758-8558',to_timestamp('09-OCT-18 12.00.00.000000000 AM','DD-MON-RR HH.MI.SSXFF AM'),'SUB01');
Insert into SHRIYA_PROJECT.CUSTOMER (CUSTOMER_ID,FIRST_NAME,LAST_NAME,EMAIL,PHONE_NUMBER,CUSTOMER_ONBOARDDATE,SUB_ID) values ('CUST24','Jamal','Long','JamalLong @gmail.com','(480) 855-0149',to_timestamp('20-JUN-18 12.00.00.000000000 AM','DD-MON-RR HH.MI.SSXFF AM'),'SUB02');
Insert into SHRIYA_PROJECT.CUSTOMER (CUSTOMER_ID,FIRST_NAME,LAST_NAME,EMAIL,PHONE_NUMBER,CUSTOMER_ONBOARDDATE,SUB_ID) values ('CUST25','Lila','Jenkins','LilaJenkins @gmail.com','(323) 210-3038',to_timestamp('13-DEC-18 12.00.00.000000000 AM','DD-MON-RR HH.MI.SSXFF AM'),'SUB01');
Insert into SHRIYA_PROJECT.CUSTOMER (CUSTOMER_ID,FIRST_NAME,LAST_NAME,EMAIL,PHONE_NUMBER,CUSTOMER_ONBOARDDATE,SUB_ID) values ('CUST26','Ayaan','Zhang','AyaanZhang @gmail.com','(887) 674-6523',to_timestamp('30-JAN-19 12.00.00.000000000 AM','DD-MON-RR HH.MI.SSXFF AM'),'SUB02');
Insert into SHRIYA_PROJECT.CUSTOMER (CUSTOMER_ID,FIRST_NAME,LAST_NAME,EMAIL,PHONE_NUMBER,CUSTOMER_ONBOARDDATE,SUB_ID) values ('CUST27','Kobe','Barron','KobeBarron @gmail.com','(263) 842-6471',to_timestamp('29-JAN-19 12.00.00.000000000 AM','DD-MON-RR HH.MI.SSXFF AM'),'SUB02');
Insert into SHRIYA_PROJECT.CUSTOMER (CUSTOMER_ID,FIRST_NAME,LAST_NAME,EMAIL,PHONE_NUMBER,CUSTOMER_ONBOARDDATE,SUB_ID) values ('CUST28','Skyler','Gomez','SkylerGomez @gmail.com','(811) 827-1489',to_timestamp('31-JAN-18 12.00.00.000000000 AM','DD-MON-RR HH.MI.SSXFF AM'),'SUB01');
Insert into SHRIYA_PROJECT.CUSTOMER (CUSTOMER_ID,FIRST_NAME,LAST_NAME,EMAIL,PHONE_NUMBER,CUSTOMER_ONBOARDDATE,SUB_ID) values ('CUST29','Sanai','Mullins','SanaiMullins @gmail.com','(650) 413-9496',to_timestamp('11-FEB-18 12.00.00.000000000 AM','DD-MON-RR HH.MI.SSXFF AM'),'SUB02');
Insert into SHRIYA_PROJECT.CUSTOMER (CUSTOMER_ID,FIRST_NAME,LAST_NAME,EMAIL,PHONE_NUMBER,CUSTOMER_ONBOARDDATE,SUB_ID) values ('CUST30','Isabela','Cobb','IsabelaCobb @gmail.com','(955) 620-9886',to_timestamp('15-OCT-18 12.00.00.000000000 AM','DD-MON-RR HH.MI.SSXFF AM'),'SUB02');


CREATE TABLE CUSTOMER_ADDRESS(
Customer_id varchar2(10),
Address_type varchar2(200) NOT NULL,
Address_1 varchar2(255) NOT NULL,
Address_2 varchar2(255) ,
City varchar2(255) NOT NULL,
State_code varchar2(6),
Country varchar(65) NOT NULL,
Zip number(10) NOT NULL,
FOREIGN KEY (Customer_id) References CUSTOMER(Customer_id) ON DELETE CASCADE,
FOREIGN KEY (State_code) References GEO_DETAILS(State_code) ON DELETE CASCADE
);

---insert statements for customer_address
Insert into SHRIYA_PROJECT.CUSTOMER_ADDRESS (CUSTOMER_ID,ADDRESS_TYPE,ADDRESS_1,ADDRESS_2,CITY,STATE_CODE,COUNTRY,ZIP) values ('CUST01','HOME','67 Valley Farms St','Apt 544','Piedmont','SC','USA',29673);
Insert into SHRIYA_PROJECT.CUSTOMER_ADDRESS (CUSTOMER_ID,ADDRESS_TYPE,ADDRESS_1,ADDRESS_2,CITY,STATE_CODE,COUNTRY,ZIP) values ('CUST02','HOME','37 Roosevelt St',null,'Danbury','CT','USA',6810);
Insert into SHRIYA_PROJECT.CUSTOMER_ADDRESS (CUSTOMER_ID,ADDRESS_TYPE,ADDRESS_1,ADDRESS_2,CITY,STATE_CODE,COUNTRY,ZIP) values ('CUST03','HOME','647 SE Hamilton St','Apt 227','Hilliard','OH','USA',43026);
Insert into SHRIYA_PROJECT.CUSTOMER_ADDRESS (CUSTOMER_ID,ADDRESS_TYPE,ADDRESS_1,ADDRESS_2,CITY,STATE_CODE,COUNTRY,ZIP) values ('CUST04','HOME','18 S Wood Ave',null,'Iowa City','IA','USA',52240);
Insert into SHRIYA_PROJECT.CUSTOMER_ADDRESS (CUSTOMER_ID,ADDRESS_TYPE,ADDRESS_1,ADDRESS_2,CITY,STATE_CODE,COUNTRY,ZIP) values ('CUST05','HOME','8187 W Elmwood Road','Apt 420','High Point','NC','USA',27265);
Insert into SHRIYA_PROJECT.CUSTOMER_ADDRESS (CUSTOMER_ID,ADDRESS_TYPE,ADDRESS_1,ADDRESS_2,CITY,STATE_CODE,COUNTRY,ZIP) values ('CUST06','HOME','212 Manhattan Street',null,'East Haven','CT','USA',6512);
Insert into SHRIYA_PROJECT.CUSTOMER_ADDRESS (CUSTOMER_ID,ADDRESS_TYPE,ADDRESS_1,ADDRESS_2,CITY,STATE_CODE,COUNTRY,ZIP) values ('CUST07','HOME','9806 Bay Drive',null,'Wheeling','WV','USA',26003);
Insert into SHRIYA_PROJECT.CUSTOMER_ADDRESS (CUSTOMER_ID,ADDRESS_TYPE,ADDRESS_1,ADDRESS_2,CITY,STATE_CODE,COUNTRY,ZIP) values ('CUST08','WORK','9894 Applegate Drive',null,'Miami','FL','USA',33125);
Insert into SHRIYA_PROJECT.CUSTOMER_ADDRESS (CUSTOMER_ID,ADDRESS_TYPE,ADDRESS_1,ADDRESS_2,CITY,STATE_CODE,COUNTRY,ZIP) values ('CUST09','WORK','9605 Bridge St','Apt 661','Benton Harbor','MI','USA',49022);
Insert into SHRIYA_PROJECT.CUSTOMER_ADDRESS (CUSTOMER_ID,ADDRESS_TYPE,ADDRESS_1,ADDRESS_2,CITY,STATE_CODE,COUNTRY,ZIP) values ('CUST10','WORK','440 High Noon St','Apt 705','Douglasville','GA','USA',30134);
Insert into SHRIYA_PROJECT.CUSTOMER_ADDRESS (CUSTOMER_ID,ADDRESS_TYPE,ADDRESS_1,ADDRESS_2,CITY,STATE_CODE,COUNTRY,ZIP) values ('CUST11','WORK','259 Heritage St',null,'Sidney','OH','USA',45365);
Insert into SHRIYA_PROJECT.CUSTOMER_ADDRESS (CUSTOMER_ID,ADDRESS_TYPE,ADDRESS_1,ADDRESS_2,CITY,STATE_CODE,COUNTRY,ZIP) values ('CUST12','WORK','67 Vernon Drive','Apt 334','Kalamazoo','MI','USA',49009);
Insert into SHRIYA_PROJECT.CUSTOMER_ADDRESS (CUSTOMER_ID,ADDRESS_TYPE,ADDRESS_1,ADDRESS_2,CITY,STATE_CODE,COUNTRY,ZIP) values ('CUST13','WORK','361 Railroad Ave',null,'Norristown','PA','USA',19401);
Insert into SHRIYA_PROJECT.CUSTOMER_ADDRESS (CUSTOMER_ID,ADDRESS_TYPE,ADDRESS_1,ADDRESS_2,CITY,STATE_CODE,COUNTRY,ZIP) values ('CUST14','WORK','711 Edgewater St','2nd Lane ',' Jenison','MI','USA',49428);
Insert into SHRIYA_PROJECT.CUSTOMER_ADDRESS (CUSTOMER_ID,ADDRESS_TYPE,ADDRESS_1,ADDRESS_2,CITY,STATE_CODE,COUNTRY,ZIP) values ('CUST15','WORK','1 Greystone Dr',null,'Warminster','PA','USA',18974);
Insert into SHRIYA_PROJECT.CUSTOMER_ADDRESS (CUSTOMER_ID,ADDRESS_TYPE,ADDRESS_1,ADDRESS_2,CITY,STATE_CODE,COUNTRY,ZIP) values ('CUST16','HOME','888 Fawn St','Apt 603','Glenside','PA','USA',19038);
Insert into SHRIYA_PROJECT.CUSTOMER_ADDRESS (CUSTOMER_ID,ADDRESS_TYPE,ADDRESS_1,ADDRESS_2,CITY,STATE_CODE,COUNTRY,ZIP) values ('CUST17','HOME','72 Depot Dr',null,'Bedford','OH','USA',44146);
Insert into SHRIYA_PROJECT.CUSTOMER_ADDRESS (CUSTOMER_ID,ADDRESS_TYPE,ADDRESS_1,ADDRESS_2,CITY,STATE_CODE,COUNTRY,ZIP) values ('CUST18','HOME','36 Grandrose Rd','Sue street','Shirley','NY','USA',11967);
Insert into SHRIYA_PROJECT.CUSTOMER_ADDRESS (CUSTOMER_ID,ADDRESS_TYPE,ADDRESS_1,ADDRESS_2,CITY,STATE_CODE,COUNTRY,ZIP) values ('CUST19','HOME','9 Roosevelt Court','Cam road','Aiken','SC','USA',29803);
Insert into SHRIYA_PROJECT.CUSTOMER_ADDRESS (CUSTOMER_ID,ADDRESS_TYPE,ADDRESS_1,ADDRESS_2,CITY,STATE_CODE,COUNTRY,ZIP) values ('CUST20','HOME','743 Cherry Ave',null,'Ossining','NY','USA',10562);
Insert into SHRIYA_PROJECT.CUSTOMER_ADDRESS (CUSTOMER_ID,ADDRESS_TYPE,ADDRESS_1,ADDRESS_2,CITY,STATE_CODE,COUNTRY,ZIP) values ('CUST21','HOME','592 Vine Dr','Apt 211','Middleton','WI','USA',53562);
Insert into SHRIYA_PROJECT.CUSTOMER_ADDRESS (CUSTOMER_ID,ADDRESS_TYPE,ADDRESS_1,ADDRESS_2,CITY,STATE_CODE,COUNTRY,ZIP) values ('CUST22','HOME','249 Walnutwood Street',null,'Melbourne','FL','USA',32904);
Insert into SHRIYA_PROJECT.CUSTOMER_ADDRESS (CUSTOMER_ID,ADDRESS_TYPE,ADDRESS_1,ADDRESS_2,CITY,STATE_CODE,COUNTRY,ZIP) values ('CUST23','WORK','548 Amherst St',null,'Rosedale','NY','USA',11422);
Insert into SHRIYA_PROJECT.CUSTOMER_ADDRESS (CUSTOMER_ID,ADDRESS_TYPE,ADDRESS_1,ADDRESS_2,CITY,STATE_CODE,COUNTRY,ZIP) values ('CUST24','WORK','515 West Beacon St','Gaul Lane','Stone Mountain','GA','USA',30083);
Insert into SHRIYA_PROJECT.CUSTOMER_ADDRESS (CUSTOMER_ID,ADDRESS_TYPE,ADDRESS_1,ADDRESS_2,CITY,STATE_CODE,COUNTRY,ZIP) values ('CUST25','WORK','740 Blue Spring Street',null,'Newington','CT','USA',6111);
Insert into SHRIYA_PROJECT.CUSTOMER_ADDRESS (CUSTOMER_ID,ADDRESS_TYPE,ADDRESS_1,ADDRESS_2,CITY,STATE_CODE,COUNTRY,ZIP) values ('CUST26','WORK','29 Fordham Lane','Apt 112','Basking Ridge','NJ','USA',7920);
Insert into SHRIYA_PROJECT.CUSTOMER_ADDRESS (CUSTOMER_ID,ADDRESS_TYPE,ADDRESS_1,ADDRESS_2,CITY,STATE_CODE,COUNTRY,ZIP) values ('CUST27','WORK','353 Wood Road',null,'Atwater','CA','USA',95301);
Insert into SHRIYA_PROJECT.CUSTOMER_ADDRESS (CUSTOMER_ID,ADDRESS_TYPE,ADDRESS_1,ADDRESS_2,CITY,STATE_CODE,COUNTRY,ZIP) values ('CUST28','WORK','640 S Greenrose Street',null,'Marysville','OH','USA',43040);
Insert into SHRIYA_PROJECT.CUSTOMER_ADDRESS (CUSTOMER_ID,ADDRESS_TYPE,ADDRESS_1,ADDRESS_2,CITY,STATE_CODE,COUNTRY,ZIP) values ('CUST29','WORK','7456 Third Drive','Flox street','Eau Claire','WI','USA',54701);
Insert into SHRIYA_PROJECT.CUSTOMER_ADDRESS (CUSTOMER_ID,ADDRESS_TYPE,ADDRESS_1,ADDRESS_2,CITY,STATE_CODE,COUNTRY,ZIP) values ('CUST30','WORK','876 Santa Clara Drive',null,'East Hartford','CT','USA',6118);
Insert into SHRIYA_PROJECT.CUSTOMER_ADDRESS (CUSTOMER_ID,ADDRESS_TYPE,ADDRESS_1,ADDRESS_2,CITY,STATE_CODE,COUNTRY,ZIP) values ('CUST31','HOME','7198 Sherwood Ave','Apt 336','Marquette','MI','USA',49855);
Insert into SHRIYA_PROJECT.CUSTOMER_ADDRESS (CUSTOMER_ID,ADDRESS_TYPE,ADDRESS_1,ADDRESS_2,CITY,STATE_CODE,COUNTRY,ZIP) values ('CUST32','HOME','8725 Harrison Lane',null,'Greenfield','IN','USA',46140);
Insert into SHRIYA_PROJECT.CUSTOMER_ADDRESS (CUSTOMER_ID,ADDRESS_TYPE,ADDRESS_1,ADDRESS_2,CITY,STATE_CODE,COUNTRY,ZIP) values ('CUST33','HOME','26 North Wentworth Court','Apt blooms','Lumberton','NC','USA',28358);
Insert into SHRIYA_PROJECT.CUSTOMER_ADDRESS (CUSTOMER_ID,ADDRESS_TYPE,ADDRESS_1,ADDRESS_2,CITY,STATE_CODE,COUNTRY,ZIP) values ('CUST34','HOME','9317 Virginia Street',null,'Natchez','MS','USA',39120);
Insert into SHRIYA_PROJECT.CUSTOMER_ADDRESS (CUSTOMER_ID,ADDRESS_TYPE,ADDRESS_1,ADDRESS_2,CITY,STATE_CODE,COUNTRY,ZIP) values ('CUST35','HOME','7 Sulphur Springs Road',null,'Hillsboro','OR','USA',97124);
Insert into SHRIYA_PROJECT.CUSTOMER_ADDRESS (CUSTOMER_ID,ADDRESS_TYPE,ADDRESS_1,ADDRESS_2,CITY,STATE_CODE,COUNTRY,ZIP) values ('CUST36','HOME','9665 Andover St','Dox road','Xenia','OH','USA',45385);
Insert into SHRIYA_PROJECT.CUSTOMER_ADDRESS (CUSTOMER_ID,ADDRESS_TYPE,ADDRESS_1,ADDRESS_2,CITY,STATE_CODE,COUNTRY,ZIP) values ('CUST37','HOME','42 Marconi Dr',null,'Fairfield','CT','USA',6824);
Insert into SHRIYA_PROJECT.CUSTOMER_ADDRESS (CUSTOMER_ID,ADDRESS_TYPE,ADDRESS_1,ADDRESS_2,CITY,STATE_CODE,COUNTRY,ZIP) values ('CUST38','WORK','9355 Border Dr','Arlington Avenue','Auburndale','FL','USA',33823);
Insert into SHRIYA_PROJECT.CUSTOMER_ADDRESS (CUSTOMER_ID,ADDRESS_TYPE,ADDRESS_1,ADDRESS_2,CITY,STATE_CODE,COUNTRY,ZIP) values ('CUST39','WORK','829 Lawrence Rd',null,'Roslindale','MA','USA',2131);
Insert into SHRIYA_PROJECT.CUSTOMER_ADDRESS (CUSTOMER_ID,ADDRESS_TYPE,ADDRESS_1,ADDRESS_2,CITY,STATE_CODE,COUNTRY,ZIP) values ('CUST40','WORK','7699 Rockville Rd',null,'Tuscaloosa','AK','USA',35405);
Insert into SHRIYA_PROJECT.CUSTOMER_ADDRESS (CUSTOMER_ID,ADDRESS_TYPE,ADDRESS_1,ADDRESS_2,CITY,STATE_CODE,COUNTRY,ZIP) values ('CUST41','WORK','42 South Meadowbrook Street','Apt 555','Richardson','TX','USA',75080);
Insert into SHRIYA_PROJECT.CUSTOMER_ADDRESS (CUSTOMER_ID,ADDRESS_TYPE,ADDRESS_1,ADDRESS_2,CITY,STATE_CODE,COUNTRY,ZIP) values ('CUST42','WORK','62 Pennington Street',null,'Winter Haven','FL','USA',33880);
Insert into SHRIYA_PROJECT.CUSTOMER_ADDRESS (CUSTOMER_ID,ADDRESS_TYPE,ADDRESS_1,ADDRESS_2,CITY,STATE_CODE,COUNTRY,ZIP) values ('CUST43','WORK','321 Brookside St',null,'Anaheim','CA','USA',92806);
Insert into SHRIYA_PROJECT.CUSTOMER_ADDRESS (CUSTOMER_ID,ADDRESS_TYPE,ADDRESS_1,ADDRESS_2,CITY,STATE_CODE,COUNTRY,ZIP) values ('CUST44','WORK','8210 Delaware St','Cottage Street','New Britain','CT','USA',6051);
Insert into SHRIYA_PROJECT.CUSTOMER_ADDRESS (CUSTOMER_ID,ADDRESS_TYPE,ADDRESS_1,ADDRESS_2,CITY,STATE_CODE,COUNTRY,ZIP) values ('CUST45','WORK','648 Greenrose Avenue',null,'Highland Park','IL','USA',60035);
Insert into SHRIYA_PROJECT.CUSTOMER_ADDRESS (CUSTOMER_ID,ADDRESS_TYPE,ADDRESS_1,ADDRESS_2,CITY,STATE_CODE,COUNTRY,ZIP) values ('CUST46','HOME','42 Meadowbrook Rd',null,'Lake Villa','IL','USA',60046);
Insert into SHRIYA_PROJECT.CUSTOMER_ADDRESS (CUSTOMER_ID,ADDRESS_TYPE,ADDRESS_1,ADDRESS_2,CITY,STATE_CODE,COUNTRY,ZIP) values ('CUST47','HOME','94 Princeton St','Apt 229','Des Plaines','IL','USA',60016);
Insert into SHRIYA_PROJECT.CUSTOMER_ADDRESS (CUSTOMER_ID,ADDRESS_TYPE,ADDRESS_1,ADDRESS_2,CITY,STATE_CODE,COUNTRY,ZIP) values ('CUST48','HOME','5 NE Fairview Dr',null,'Columbia','MD','USA',21044);
Insert into SHRIYA_PROJECT.CUSTOMER_ADDRESS (CUSTOMER_ID,ADDRESS_TYPE,ADDRESS_1,ADDRESS_2,CITY,STATE_CODE,COUNTRY,ZIP) values ('CUST49','HOME','4 Overlook St',null,'Lombard','IL','USA',60148);
Insert into SHRIYA_PROJECT.CUSTOMER_ADDRESS (CUSTOMER_ID,ADDRESS_TYPE,ADDRESS_1,ADDRESS_2,CITY,STATE_CODE,COUNTRY,ZIP) values ('CUST50','HOME','6 Creekside Street','Apt no 2','Cornelius','NC','USA',28031);
Insert into SHRIYA_PROJECT.CUSTOMER_ADDRESS (CUSTOMER_ID,ADDRESS_TYPE,ADDRESS_1,ADDRESS_2,CITY,STATE_CODE,COUNTRY,ZIP) values ('CUST51','HOME','914 3rd St',null,'Reno','NV','USA',89523);
Insert into SHRIYA_PROJECT.CUSTOMER_ADDRESS (CUSTOMER_ID,ADDRESS_TYPE,ADDRESS_1,ADDRESS_2,CITY,STATE_CODE,COUNTRY,ZIP) values ('CUST52','HOME','118 Iroquois Dr',null,'Somerset','NJ','USA',8873);
Insert into SHRIYA_PROJECT.CUSTOMER_ADDRESS (CUSTOMER_ID,ADDRESS_TYPE,ADDRESS_1,ADDRESS_2,CITY,STATE_CODE,COUNTRY,ZIP) values ('CUST53','WORK','344 Rock Creek Road','White Street','New Port Richey','FL','USA',34653);
Insert into SHRIYA_PROJECT.CUSTOMER_ADDRESS (CUSTOMER_ID,ADDRESS_TYPE,ADDRESS_1,ADDRESS_2,CITY,STATE_CODE,COUNTRY,ZIP) values ('CUST54','WORK','710 Redwood St',null,'Sugar Land','TX','USA',77478);

CREATE TABLE CASE_DETAILS(
Case_id varchar2(10),
Open_date Timestamp NOT NULL,
Close_date Timestamp ,
Part_id varchar2(20),
IMEI varchar2(25),
Case_subject varchar2(250),
Customer_id varchar2(6),
State_code varchar2(25),
Issue_type varchar2(200) ,
employee_id varchar2(25),
PRIMARY KEY(Case_id),
FOREIGN KEY(Part_id) References PARTS(Part_id) ON DELETE CASCADE,
FOREIGN KEY(IMEI) References IMEI_INFO(IMEI) ON DELETE CASCADE,
FOREIGN KEY(Customer_id) References CUSTOMER(Customer_id) ON DELETE CASCADE,
FOREIGN KEY(State_code) References GEO_DETAILS(State_code) ON DELETE CASCADE
);
--- insert statements for case_details

-- table 4---

CREATE TABLE EMPLOYEE_WORK (
    WORK_ID  VARCHAR2 (65 CHAR), 
    EMPLOYEE_ID varchar2 (6),
    WORK_TYPE VARCHAR2 (65 CHAR),
    START_DATE TIMESTAMP, 
    STATUS VARCHAR2(65 CHAR),
    case_id varchar2(10),
    PRIMARY KEY (WORK_ID),
    FOREIGN KEY (EMPLOYEE_ID) REFERENCES EMPLOYEE(EMPLOYEE_ID) ON DELETE CASCADE,
    FOREIGN KEY (case_id) REFERENCES case_details(case_id) on delete cascade
) ;

--insertind data into employee_work table --

Insert into SHRIYA_PROJECT.EMPLOYEE_WORK (WORK_ID,EMPLOYEE_ID,WORK_TYPE,START_DATE,STATUS,CASE_ID) values ('WORK01','EMP15','REQUESTED BATTERY FROM VENDOR',to_timestamp('26-MAY-20 12.00.00.000000000 AM','DD-MON-RR HH.MI.SSXFF AM'),'PENDING','CASE01');
Insert into SHRIYA_PROJECT.EMPLOYEE_WORK (WORK_ID,EMPLOYEE_ID,WORK_TYPE,START_DATE,STATUS,CASE_ID) values ('WORK02','EMP14','REQUESTED THE LAPTOP DISPLAY',to_timestamp('13-MAY-19 12.00.00.000000000 AM','DD-MON-RR HH.MI.SSXFF AM'),'PENDING','CASE02');
Insert into SHRIYA_PROJECT.EMPLOYEE_WORK (WORK_ID,EMPLOYEE_ID,WORK_TYPE,START_DATE,STATUS,CASE_ID) values ('WORK03','EMP50',null,to_timestamp('24-OCT-19 12.00.00.000000000 AM','DD-MON-RR HH.MI.SSXFF AM'),'PENDING','CASE03');
Insert into SHRIYA_PROJECT.EMPLOYEE_WORK (WORK_ID,EMPLOYEE_ID,WORK_TYPE,START_DATE,STATUS,CASE_ID) values ('WORK04','EMP15','REPLACED THE BATTERY',to_timestamp('19-MAR-19 12.00.00.000000000 AM','DD-MON-RR HH.MI.SSXFF AM'),'RESOLVED','CASE04');
Insert into SHRIYA_PROJECT.EMPLOYEE_WORK (WORK_ID,EMPLOYEE_ID,WORK_TYPE,START_DATE,STATUS,CASE_ID) values ('WORK05','EMP50','REPLACED THE LAPTOP DISPLAY',to_timestamp('21-MAR-19 12.00.00.000000000 AM','DD-MON-RR HH.MI.SSXFF AM'),'RESOLVED','CASE05');
Insert into SHRIYA_PROJECT.EMPLOYEE_WORK (WORK_ID,EMPLOYEE_ID,WORK_TYPE,START_DATE,STATUS,CASE_ID) values ('WORK06','EMP20','REPLACED THE SPEAKER',to_timestamp('18-JAN-19 12.00.00.000000000 AM','DD-MON-RR HH.MI.SSXFF AM'),'RESOLVED','CASE06');
Insert into SHRIYA_PROJECT.EMPLOYEE_WORK (WORK_ID,EMPLOYEE_ID,WORK_TYPE,START_DATE,STATUS,CASE_ID) values ('WORK07','EMP15','REQUESTED BATTERY FROM VENDOR',to_timestamp('29-NOV-19 12.00.00.000000000 AM','DD-MON-RR HH.MI.SSXFF AM'),'PENDING','CASE07');
Insert into SHRIYA_PROJECT.EMPLOYEE_WORK (WORK_ID,EMPLOYEE_ID,WORK_TYPE,START_DATE,STATUS,CASE_ID) values ('WORK08','EMP20','REPLACED THE LAPTOP DISPLAY',to_timestamp('13-FEB-20 12.00.00.000000000 AM','DD-MON-RR HH.MI.SSXFF AM'),'RESOLVED','CASE08');
Insert into SHRIYA_PROJECT.EMPLOYEE_WORK (WORK_ID,EMPLOYEE_ID,WORK_TYPE,START_DATE,STATUS,CASE_ID) values ('WORK09','EMP14','FIXED AUDIO BY MODULATION',to_timestamp('28-DEC-19 12.00.00.000000000 AM','DD-MON-RR HH.MI.SSXFF AM'),'RESOLVED','CASE09');
Insert into SHRIYA_PROJECT.EMPLOYEE_WORK (WORK_ID,EMPLOYEE_ID,WORK_TYPE,START_DATE,STATUS,CASE_ID) values ('WORK10','EMP21','REPLACED THE MONITOR DISPLAY',to_timestamp('04-MAY-19 12.00.00.000000000 AM','DD-MON-RR HH.MI.SSXFF AM'),'RESOLVED','CASE10');
Insert into SHRIYA_PROJECT.EMPLOYEE_WORK (WORK_ID,EMPLOYEE_ID,WORK_TYPE,START_DATE,STATUS,CASE_ID) values ('WORK11','EMP22','REPLACED MONITOR STAND',to_timestamp('27-DEC-18 12.00.00.000000000 AM','DD-MON-RR HH.MI.SSXFF AM'),'RESOLVED','CASE11');
Insert into SHRIYA_PROJECT.EMPLOYEE_WORK (WORK_ID,EMPLOYEE_ID,WORK_TYPE,START_DATE,STATUS,CASE_ID) values ('WORK12','EMP23','REPLACED THE MONITOR DISPLAY',to_timestamp('04-OCT-19 12.00.00.000000000 AM','DD-MON-RR HH.MI.SSXFF AM'),'RESOLVED','CASE12');
Insert into SHRIYA_PROJECT.EMPLOYEE_WORK (WORK_ID,EMPLOYEE_ID,WORK_TYPE,START_DATE,STATUS,CASE_ID) values ('WORK13','EMP24','REPLACED MONITOR STAND',to_timestamp('18-JUN-19 12.00.00.000000000 AM','DD-MON-RR HH.MI.SSXFF AM'),'RESOLVED','CASE13');
Insert into SHRIYA_PROJECT.EMPLOYEE_WORK (WORK_ID,EMPLOYEE_ID,WORK_TYPE,START_DATE,STATUS,CASE_ID) values ('WORK14','EMP21','REPLACED MONITOR STAND',to_timestamp('08-AUG-19 12.00.00.000000000 AM','DD-MON-RR HH.MI.SSXFF AM'),'RESOLVED','CASE14');
Insert into SHRIYA_PROJECT.EMPLOYEE_WORK (WORK_ID,EMPLOYEE_ID,WORK_TYPE,START_DATE,STATUS,CASE_ID) values ('WORK15','EMP22','REPLACED THE MONITOR DISPLAY',to_timestamp('09-APR-19 12.00.00.000000000 AM','DD-MON-RR HH.MI.SSXFF AM'),'RESOLVED','CASE15');
Insert into SHRIYA_PROJECT.EMPLOYEE_WORK (WORK_ID,EMPLOYEE_ID,WORK_TYPE,START_DATE,STATUS,CASE_ID) values ('WORK16','EMP23','REPLACED MONITOR STAND',to_timestamp('18-SEP-19 12.00.00.000000000 AM','DD-MON-RR HH.MI.SSXFF AM'),'RESOLVED','CASE16');
Insert into SHRIYA_PROJECT.EMPLOYEE_WORK (WORK_ID,EMPLOYEE_ID,WORK_TYPE,START_DATE,STATUS,CASE_ID) values ('WORK17','EMP24','NEW MONITOR WAS SHIPPED TO CUSTOMER',to_timestamp('15-JAN-20 12.00.00.000000000 AM','DD-MON-RR HH.MI.SSXFF AM'),'RESOLVED','CASE17');
Insert into SHRIYA_PROJECT.EMPLOYEE_WORK (WORK_ID,EMPLOYEE_ID,WORK_TYPE,START_DATE,STATUS,CASE_ID) values ('WORK18','EMP26','SPEAKER''S POWER BUTTON WAS REPLACED',to_timestamp('26-JUN-19 12.00.00.000000000 AM','DD-MON-RR HH.MI.SSXFF AM'),'RESOLVED','CASE18');
Insert into SHRIYA_PROJECT.EMPLOYEE_WORK (WORK_ID,EMPLOYEE_ID,WORK_TYPE,START_DATE,STATUS,CASE_ID) values ('WORK19','EMP27','FIXED SPEAKER CONNECTIVITY',to_timestamp('14-NOV-19 12.00.00.000000000 AM','DD-MON-RR HH.MI.SSXFF AM'),'RESOLVED','CASE19');
Insert into SHRIYA_PROJECT.EMPLOYEE_WORK (WORK_ID,EMPLOYEE_ID,WORK_TYPE,START_DATE,STATUS,CASE_ID) values ('WORK20','EMP28','CHECKING FOR BLUETOOTH CONNECTIVITY',to_timestamp('01-NOV-19 12.00.00.000000000 AM','DD-MON-RR HH.MI.SSXFF AM'),'PENDING','CASE20');
Insert into SHRIYA_PROJECT.EMPLOYEE_WORK (WORK_ID,EMPLOYEE_ID,WORK_TYPE,START_DATE,STATUS,CASE_ID) values ('WORK21','EMP29','FIXED THE SPEAKER CONNECTIONS',to_timestamp('01-NOV-19 12.00.00.000000000 AM','DD-MON-RR HH.MI.SSXFF AM'),'RESOLVED','CASE21');
Insert into SHRIYA_PROJECT.EMPLOYEE_WORK (WORK_ID,EMPLOYEE_ID,WORK_TYPE,START_DATE,STATUS,CASE_ID) values ('WORK22','EMP26','CHECKED IF THE PRODUCT HAS WARRANTY',to_timestamp('02-APR-19 12.00.00.000000000 AM','DD-MON-RR HH.MI.SSXFF AM'),'RESOLVED','CASE22');
Insert into SHRIYA_PROJECT.EMPLOYEE_WORK (WORK_ID,EMPLOYEE_ID,WORK_TYPE,START_DATE,STATUS,CASE_ID) values ('WORK23','EMP28','FIXED AUDIO BY MODULATION',to_timestamp('09-OCT-19 12.00.00.000000000 AM','DD-MON-RR HH.MI.SSXFF AM'),'RESOLVED','CASE23');
Insert into SHRIYA_PROJECT.EMPLOYEE_WORK (WORK_ID,EMPLOYEE_ID,WORK_TYPE,START_DATE,STATUS,CASE_ID) values ('WORK24','EMP38','REPLACED KEYBOARD PARTS',to_timestamp('20-JUN-19 12.00.00.000000000 AM','DD-MON-RR HH.MI.SSXFF AM'),'RESOLVED','CASE24');
Insert into SHRIYA_PROJECT.EMPLOYEE_WORK (WORK_ID,EMPLOYEE_ID,WORK_TYPE,START_DATE,STATUS,CASE_ID) values ('WORK25','EMP36','REPLACED THE CONNECTIONS',to_timestamp('13-DEC-19 12.00.00.000000000 AM','DD-MON-RR HH.MI.SSXFF AM'),'RESOLVED','CASE25');
Insert into SHRIYA_PROJECT.EMPLOYEE_WORK (WORK_ID,EMPLOYEE_ID,WORK_TYPE,START_DATE,STATUS,CASE_ID) values ('WORK26','EMP39','REPLACED KEYBOARD PARTS',to_timestamp('30-JAN-20 12.00.00.000000000 AM','DD-MON-RR HH.MI.SSXFF AM'),'RESOLVED','CASE26');
Insert into SHRIYA_PROJECT.EMPLOYEE_WORK (WORK_ID,EMPLOYEE_ID,WORK_TYPE,START_DATE,STATUS,CASE_ID) values ('WORK27','EMP37','CHECKING FOR BATTERY EFFICIENCY',to_timestamp('30-JAN-20 12.00.00.000000000 AM','DD-MON-RR HH.MI.SSXFF AM'),'PENDING','CASE27');
Insert into SHRIYA_PROJECT.EMPLOYEE_WORK (WORK_ID,EMPLOYEE_ID,WORK_TYPE,START_DATE,STATUS,CASE_ID) values ('WORK28','EMP36','SHIPPED PARTS FOR THE KEYBOARD',to_timestamp('31-JAN-19 12.00.00.000000000 AM','DD-MON-RR HH.MI.SSXFF AM'),'RESOLVED','CASE28');
Insert into SHRIYA_PROJECT.EMPLOYEE_WORK (WORK_ID,EMPLOYEE_ID,WORK_TYPE,START_DATE,STATUS,CASE_ID) values ('WORK29','EMP37','REPLACED KEYBOARD PARTS',to_timestamp('11-FEB-19 12.00.00.000000000 AM','DD-MON-RR HH.MI.SSXFF AM'),'RESOLVED','CASE29');
Insert into SHRIYA_PROJECT.EMPLOYEE_WORK (WORK_ID,EMPLOYEE_ID,WORK_TYPE,START_DATE,STATUS,CASE_ID) values ('WORK30','EMP33','SHIPPED PARTS FOR THE MOUSE',to_timestamp('15-OCT-19 12.00.00.000000000 AM','DD-MON-RR HH.MI.SSXFF AM'),'RESOLVED','CASE30');
Insert into SHRIYA_PROJECT.EMPLOYEE_WORK (WORK_ID,EMPLOYEE_ID,WORK_TYPE,START_DATE,STATUS,CASE_ID) values ('WORK31','EMP35','SHIPPED PARTS FOR THE MOUSE',to_timestamp('21-MAY-19 12.00.00.000000000 AM','DD-MON-RR HH.MI.SSXFF AM'),'RESOLVED','CASE31');
Insert into SHRIYA_PROJECT.EMPLOYEE_WORK (WORK_ID,EMPLOYEE_ID,WORK_TYPE,START_DATE,STATUS,CASE_ID) values ('WORK32','EMP34','FIXED MOUSE TRANSMITTER',to_timestamp('06-JAN-19 12.00.00.000000000 AM','DD-MON-RR HH.MI.SSXFF AM'),'RESOLVED','CASE32');
Insert into SHRIYA_PROJECT.EMPLOYEE_WORK (WORK_ID,EMPLOYEE_ID,WORK_TYPE,START_DATE,STATUS,CASE_ID) values ('WORK33','EMP35','OFFERED CUST TO OPT FOR EXCHANGE',to_timestamp('23-SEP-19 12.00.00.000000000 AM','DD-MON-RR HH.MI.SSXFF AM'),'RESOLVED','CASE33');
Insert into SHRIYA_PROJECT.EMPLOYEE_WORK (WORK_ID,EMPLOYEE_ID,WORK_TYPE,START_DATE,STATUS,CASE_ID) values ('WORK34','EMP33','FIXED MOUSE RECEIVER BY MODULATION',to_timestamp('26-AUG-19 12.00.00.000000000 AM','DD-MON-RR HH.MI.SSXFF AM'),'RESOLVED','CASE34');
Insert into SHRIYA_PROJECT.EMPLOYEE_WORK (WORK_ID,EMPLOYEE_ID,WORK_TYPE,START_DATE,STATUS,CASE_ID) values ('WORK35','EMP34','REPLACED MOUSE',to_timestamp('17-OCT-19 12.00.00.000000000 AM','DD-MON-RR HH.MI.SSXFF AM'),'RESOLVED','CASE35');
Insert into SHRIYA_PROJECT.EMPLOYEE_WORK (WORK_ID,EMPLOYEE_ID,WORK_TYPE,START_DATE,STATUS,CASE_ID) values ('WORK36','EMP14','REPLACED THE LAPTOP DISPLAY',to_timestamp('22-MAY-19 12.00.00.000000000 AM','DD-MON-RR HH.MI.SSXFF AM'),'RESOLVED','CASE36');
Insert into SHRIYA_PROJECT.EMPLOYEE_WORK (WORK_ID,EMPLOYEE_ID,WORK_TYPE,START_DATE,STATUS,CASE_ID) values ('WORK37','EMP40','FIXED FROZEN SCREEN ERROR',to_timestamp('22-MAY-19 12.00.00.000000000 AM','DD-MON-RR HH.MI.SSXFF AM'),'RESOLVED','CASE37');
Insert into SHRIYA_PROJECT.EMPLOYEE_WORK (WORK_ID,EMPLOYEE_ID,WORK_TYPE,START_DATE,STATUS,CASE_ID) values ('WORK38','EMP41','WAITING FOR NEW PARTS FOR SCREEN ',to_timestamp('14-APR-20 12.00.00.000000000 AM','DD-MON-RR HH.MI.SSXFF AM'),'PENDING','CASE38');
Insert into SHRIYA_PROJECT.EMPLOYEE_WORK (WORK_ID,EMPLOYEE_ID,WORK_TYPE,START_DATE,STATUS,CASE_ID) values ('WORK39','EMP14','WAITING FOR BATTERY TO BE SHIPPED',to_timestamp('21-JUN-19 12.00.00.000000000 AM','DD-MON-RR HH.MI.SSXFF AM'),'PENDING','CASE39');
Insert into SHRIYA_PROJECT.EMPLOYEE_WORK (WORK_ID,EMPLOYEE_ID,WORK_TYPE,START_DATE,STATUS,CASE_ID) values ('WORK40','EMP15','REPLACED BATTERY ',to_timestamp('20-JUN-19 12.00.00.000000000 AM','DD-MON-RR HH.MI.SSXFF AM'),'RESOLVED','CASE40');
Insert into SHRIYA_PROJECT.EMPLOYEE_WORK (WORK_ID,EMPLOYEE_ID,WORK_TYPE,START_DATE,STATUS,CASE_ID) values ('WORK41','EMP42','FIXED WHITE SCREEN ERROR',to_timestamp('09-OCT-19 12.00.00.000000000 AM','DD-MON-RR HH.MI.SSXFF AM'),'RESOLVED','CASE41');
Insert into SHRIYA_PROJECT.EMPLOYEE_WORK (WORK_ID,EMPLOYEE_ID,WORK_TYPE,START_DATE,STATUS,CASE_ID) values ('WORK42','EMP20','REPLACED LAPTOP DISPLAY',to_timestamp('15-OCT-19 12.00.00.000000000 AM','DD-MON-RR HH.MI.SSXFF AM'),'RESOLVED','CASE42');
Insert into SHRIYA_PROJECT.EMPLOYEE_WORK (WORK_ID,EMPLOYEE_ID,WORK_TYPE,START_DATE,STATUS,CASE_ID) values ('WORK43','EMP14','BATTERY SHIPPED',to_timestamp('24-DEC-19 12.00.00.000000000 AM','DD-MON-RR HH.MI.SSXFF AM'),'RESOLVED','CASE43');
Insert into SHRIYA_PROJECT.EMPLOYEE_WORK (WORK_ID,EMPLOYEE_ID,WORK_TYPE,START_DATE,STATUS,CASE_ID) values ('WORK44','EMP15','REPLACED BATTERY ',to_timestamp('27-DEC-19 12.00.00.000000000 AM','DD-MON-RR HH.MI.SSXFF AM'),'RESOLVED','CASE44');
Insert into SHRIYA_PROJECT.EMPLOYEE_WORK (WORK_ID,EMPLOYEE_ID,WORK_TYPE,START_DATE,STATUS,CASE_ID) values ('WORK45','EMP15','REPLACED BATTERY ',to_timestamp('22-JAN-20 12.00.00.000000000 AM','DD-MON-RR HH.MI.SSXFF AM'),'RESOLVED','CASE45');
Insert into SHRIYA_PROJECT.EMPLOYEE_WORK (WORK_ID,EMPLOYEE_ID,WORK_TYPE,START_DATE,STATUS,CASE_ID) values ('WORK46','EMP40','OS RECOVERED ',to_timestamp('22-JAN-20 12.00.00.000000000 AM','DD-MON-RR HH.MI.SSXFF AM'),'RESOLVED','CASE46');
Insert into SHRIYA_PROJECT.EMPLOYEE_WORK (WORK_ID,EMPLOYEE_ID,WORK_TYPE,START_DATE,STATUS,CASE_ID) values ('WORK47','EMP20','REPLACED THE DISPLAY',to_timestamp('06-MAR-20 12.00.00.000000000 AM','DD-MON-RR HH.MI.SSXFF AM'),'RESOLVED','CASE47');
Insert into SHRIYA_PROJECT.EMPLOYEE_WORK (WORK_ID,EMPLOYEE_ID,WORK_TYPE,START_DATE,STATUS,CASE_ID) values ('WORK48','EMP44','ANTIVURS INSTALLATION',to_timestamp('24-MAR-20 12.00.00.000000000 AM','DD-MON-RR HH.MI.SSXFF AM'),'RESOLVED','CASE48');
Insert into SHRIYA_PROJECT.EMPLOYEE_WORK (WORK_ID,EMPLOYEE_ID,WORK_TYPE,START_DATE,STATUS,CASE_ID) values ('WORK49','EMP43','OS REINSTALLED',to_timestamp('26-MAR-20 12.00.00.000000000 AM','DD-MON-RR HH.MI.SSXFF AM'),'RESOLVED','CASE49');
Insert into SHRIYA_PROJECT.EMPLOYEE_WORK (WORK_ID,EMPLOYEE_ID,WORK_TYPE,START_DATE,STATUS,CASE_ID) values ('WORK50','EMP18','FIXED THE AUDIO',to_timestamp('13-MAY-20 12.00.00.000000000 AM','DD-MON-RR HH.MI.SSXFF AM'),'RESOLVED','CASE50');
Insert into SHRIYA_PROJECT.EMPLOYEE_WORK (WORK_ID,EMPLOYEE_ID,WORK_TYPE,START_DATE,STATUS,CASE_ID) values ('WORK51','EMP24','REPLACED THE SCREEN',to_timestamp('17-JUL-20 12.00.00.000000000 AM','DD-MON-RR HH.MI.SSXFF AM'),'RESOLVED','CASE51');
Insert into SHRIYA_PROJECT.EMPLOYEE_WORK (WORK_ID,EMPLOYEE_ID,WORK_TYPE,START_DATE,STATUS,CASE_ID) values ('WORK52','EMP22','REPLACED MONITOR''S STAND',to_timestamp('17-JUL-20 12.00.00.000000000 AM','DD-MON-RR HH.MI.SSXFF AM'),'RESOLVED','CASE52');
Insert into SHRIYA_PROJECT.EMPLOYEE_WORK (WORK_ID,EMPLOYEE_ID,WORK_TYPE,START_DATE,STATUS,CASE_ID) values ('WORK53','EMP23','REPLACED THE SCREEN',to_timestamp('28-JUL-20 12.00.00.000000000 AM','DD-MON-RR HH.MI.SSXFF AM'),'RESOLVED','CASE53');
Insert into SHRIYA_PROJECT.EMPLOYEE_WORK (WORK_ID,EMPLOYEE_ID,WORK_TYPE,START_DATE,STATUS,CASE_ID) values ('WORK54','EMP21','REPLACED MONITOR''S STAND',to_timestamp('05-AUG-20 12.00.00.000000000 AM','DD-MON-RR HH.MI.SSXFF AM'),'RESOLVED','CASE54');
Insert into SHRIYA_PROJECT.EMPLOYEE_WORK (WORK_ID,EMPLOYEE_ID,WORK_TYPE,START_DATE,STATUS,CASE_ID) values ('WORK55','EMP22','REPLACED MONITOR''S STAND',to_timestamp('20-AUG-20 12.00.00.000000000 AM','DD-MON-RR HH.MI.SSXFF AM'),'RESOLVED','CASE55');
Insert into SHRIYA_PROJECT.EMPLOYEE_WORK (WORK_ID,EMPLOYEE_ID,WORK_TYPE,START_DATE,STATUS,CASE_ID) values ('WORK56','EMP24','REPLACED THE SCREEN',to_timestamp('17-MAY-19 12.00.00.000000000 AM','DD-MON-RR HH.MI.SSXFF AM'),'RESOLVED','CASE56');
Insert into SHRIYA_PROJECT.EMPLOYEE_WORK (WORK_ID,EMPLOYEE_ID,WORK_TYPE,START_DATE,STATUS,CASE_ID) values ('WORK57','EMP41','UPDATED THE LAPTOP WITH LATEST OS VERSION',to_timestamp('29-AUG-19 12.00.00.000000000 AM','DD-MON-RR HH.MI.SSXFF AM'),'RESOLVED','CASE57');
Insert into SHRIYA_PROJECT.EMPLOYEE_WORK (WORK_ID,EMPLOYEE_ID,WORK_TYPE,START_DATE,STATUS,CASE_ID) values ('WORK58','EMP42',null,to_timestamp('26-SEP-19 12.00.00.000000000 AM','DD-MON-RR HH.MI.SSXFF AM'),'PENDING','CASE58');
Insert into SHRIYA_PROJECT.EMPLOYEE_WORK (WORK_ID,EMPLOYEE_ID,WORK_TYPE,START_DATE,STATUS,CASE_ID) values ('WORK59','EMP43','REINSTALLED THE OS',to_timestamp('26-SEP-19 12.00.00.000000000 AM','DD-MON-RR HH.MI.SSXFF AM'),'RESOLVED','CASE59');
Insert into SHRIYA_PROJECT.EMPLOYEE_WORK (WORK_ID,EMPLOYEE_ID,WORK_TYPE,START_DATE,STATUS,CASE_ID) values ('WORK60','EMP22','REPLACED MONITOR DISPLAY',to_timestamp('27-SEP-19 12.00.00.000000000 AM','DD-MON-RR HH.MI.SSXFF AM'),'RESOLVED','CASE60');


-- table 10---

CREATE TABLE PAYMENT(
Payment_id varchar2(60),
Customer_id varchar2(10),
discount number(10),
case_id varchar2(10),
PRIMARY KEY(Payment_id),
FOREIGN KEY (case_id) References case_details(case_id) ON DELETE CASCADE
);

--altered discount in payment table--
ALTER TABLE shriya_project.payment DROP COLUMN discount;
ALTER TABLE shriya_project.payment ADD discount decimal(5,2);

--insert payment

Insert into SHRIYA_PROJECT.PAYMENT (PAYMENT_ID,CUSTOMER_ID,CASE_ID,DISCOUNT) values ('PAYM01','CUST01','CASE01',0.1);
Insert into SHRIYA_PROJECT.PAYMENT (PAYMENT_ID,CUSTOMER_ID,CASE_ID,DISCOUNT) values ('PAYM02','CUST02','CASE02',0.1);
Insert into SHRIYA_PROJECT.PAYMENT (PAYMENT_ID,CUSTOMER_ID,CASE_ID,DISCOUNT) values ('PAYM03','CUST01','CASE03',0.1);
Insert into SHRIYA_PROJECT.PAYMENT (PAYMENT_ID,CUSTOMER_ID,CASE_ID,DISCOUNT) values ('PAYM04','CUST04','CASE04',0.1);
Insert into SHRIYA_PROJECT.PAYMENT (PAYMENT_ID,CUSTOMER_ID,CASE_ID,DISCOUNT) values ('PAYM05','CUST05','CASE05',0.1);
Insert into SHRIYA_PROJECT.PAYMENT (PAYMENT_ID,CUSTOMER_ID,CASE_ID,DISCOUNT) values ('PAYM06','CUST06','CASE06',0.1);
Insert into SHRIYA_PROJECT.PAYMENT (PAYMENT_ID,CUSTOMER_ID,CASE_ID,DISCOUNT) values ('PAYM07','CUST07','CASE07',0.1);
Insert into SHRIYA_PROJECT.PAYMENT (PAYMENT_ID,CUSTOMER_ID,CASE_ID,DISCOUNT) values ('PAYM08','CUST08','CASE08',0.1);
Insert into SHRIYA_PROJECT.PAYMENT (PAYMENT_ID,CUSTOMER_ID,CASE_ID,DISCOUNT) values ('PAYM09','CUST09','CASE09',0.1);
Insert into SHRIYA_PROJECT.PAYMENT (PAYMENT_ID,CUSTOMER_ID,CASE_ID,DISCOUNT) values ('PAYM10','CUST10','CASE10',0.15);
Insert into SHRIYA_PROJECT.PAYMENT (PAYMENT_ID,CUSTOMER_ID,CASE_ID,DISCOUNT) values ('PAYM11','CUST11','CASE11',0.1);
Insert into SHRIYA_PROJECT.PAYMENT (PAYMENT_ID,CUSTOMER_ID,CASE_ID,DISCOUNT) values ('PAYM12','CUST12','CASE12',0.1);
Insert into SHRIYA_PROJECT.PAYMENT (PAYMENT_ID,CUSTOMER_ID,CASE_ID,DISCOUNT) values ('PAYM13','CUST13','CASE13',0.15);
Insert into SHRIYA_PROJECT.PAYMENT (PAYMENT_ID,CUSTOMER_ID,CASE_ID,DISCOUNT) values ('PAYM14','CUST14','CASE14',0.15);
Insert into SHRIYA_PROJECT.PAYMENT (PAYMENT_ID,CUSTOMER_ID,CASE_ID,DISCOUNT) values ('PAYM15','CUST15','CASE12',0.15);
Insert into SHRIYA_PROJECT.PAYMENT (PAYMENT_ID,CUSTOMER_ID,CASE_ID,DISCOUNT) values ('PAYM16','CUST16','CASE16',0.15);
Insert into SHRIYA_PROJECT.PAYMENT (PAYMENT_ID,CUSTOMER_ID,CASE_ID,DISCOUNT) values ('PAYM17','CUST17','CASE17',0.15);
Insert into SHRIYA_PROJECT.PAYMENT (PAYMENT_ID,CUSTOMER_ID,CASE_ID,DISCOUNT) values ('PAYM18','CUST18','CASE18',0.15);
Insert into SHRIYA_PROJECT.PAYMENT (PAYMENT_ID,CUSTOMER_ID,CASE_ID,DISCOUNT) values ('PAYM19','CUST19','CASE19',0.15);
Insert into SHRIYA_PROJECT.PAYMENT (PAYMENT_ID,CUSTOMER_ID,CASE_ID,DISCOUNT) values ('PAYM20','CUST20','CASE20',0.15);
Insert into SHRIYA_PROJECT.PAYMENT (PAYMENT_ID,CUSTOMER_ID,CASE_ID,DISCOUNT) values ('PAYM21','CUST21','CASE21',0.15);
Insert into SHRIYA_PROJECT.PAYMENT (PAYMENT_ID,CUSTOMER_ID,CASE_ID,DISCOUNT) values ('PAYM22','CUST22','CASE22',0.15);
Insert into SHRIYA_PROJECT.PAYMENT (PAYMENT_ID,CUSTOMER_ID,CASE_ID,DISCOUNT) values ('PAYM23','CUST23','CASE23',0.1);
Insert into SHRIYA_PROJECT.PAYMENT (PAYMENT_ID,CUSTOMER_ID,CASE_ID,DISCOUNT) values ('PAYM24','CUST24','CASE24',0.15);
Insert into SHRIYA_PROJECT.PAYMENT (PAYMENT_ID,CUSTOMER_ID,CASE_ID,DISCOUNT) values ('PAYM25','CUST25','CASE25',0.1);
Insert into SHRIYA_PROJECT.PAYMENT (PAYMENT_ID,CUSTOMER_ID,CASE_ID,DISCOUNT) values ('PAYM26','CUST26','CASE26',0.15);
Insert into SHRIYA_PROJECT.PAYMENT (PAYMENT_ID,CUSTOMER_ID,CASE_ID,DISCOUNT) values ('PAYM27','CUST27','CASE27',0.15);
Insert into SHRIYA_PROJECT.PAYMENT (PAYMENT_ID,CUSTOMER_ID,CASE_ID,DISCOUNT) values ('PAYM28','CUST28','CASE28',0.1);
Insert into SHRIYA_PROJECT.PAYMENT (PAYMENT_ID,CUSTOMER_ID,CASE_ID,DISCOUNT) values ('PAYM29','CUST29','CASE29',0.15);
Insert into SHRIYA_PROJECT.PAYMENT (PAYMENT_ID,CUSTOMER_ID,CASE_ID,DISCOUNT) values ('PAYM30','CUST30','CASE30',0.15);
Insert into SHRIYA_PROJECT.PAYMENT (PAYMENT_ID,CUSTOMER_ID,CASE_ID,DISCOUNT) values ('PAYM31','CUST31','CASE31',0.15);
Insert into SHRIYA_PROJECT.PAYMENT (PAYMENT_ID,CUSTOMER_ID,CASE_ID,DISCOUNT) values ('PAYM32','CUST32','CASE32',0.15);
Insert into SHRIYA_PROJECT.PAYMENT (PAYMENT_ID,CUSTOMER_ID,CASE_ID,DISCOUNT) values ('PAYM33','CUST33','CASE33',0.1);
Insert into SHRIYA_PROJECT.PAYMENT (PAYMENT_ID,CUSTOMER_ID,CASE_ID,DISCOUNT) values ('PAYM34','CUST34','CASE34',0.15);
Insert into SHRIYA_PROJECT.PAYMENT (PAYMENT_ID,CUSTOMER_ID,CASE_ID,DISCOUNT) values ('PAYM35','CUST35','CASE35',0.15);
Insert into SHRIYA_PROJECT.PAYMENT (PAYMENT_ID,CUSTOMER_ID,CASE_ID,DISCOUNT) values ('PAYM36','CUST36','CASE36',0.3);
Insert into SHRIYA_PROJECT.PAYMENT (PAYMENT_ID,CUSTOMER_ID,CASE_ID,DISCOUNT) values ('PAYM37','CUST37','CASE37',0.3);
Insert into SHRIYA_PROJECT.PAYMENT (PAYMENT_ID,CUSTOMER_ID,CASE_ID,DISCOUNT) values ('PAYM38','CUST38','CASE38',0.2);
Insert into SHRIYA_PROJECT.PAYMENT (PAYMENT_ID,CUSTOMER_ID,CASE_ID,DISCOUNT) values ('PAYM39','CUST39','CASE39',0.2);
Insert into SHRIYA_PROJECT.PAYMENT (PAYMENT_ID,CUSTOMER_ID,CASE_ID,DISCOUNT) values ('PAYM40','CUST40','CASE40',0.1);
Insert into SHRIYA_PROJECT.PAYMENT (PAYMENT_ID,CUSTOMER_ID,CASE_ID,DISCOUNT) values ('PAYM41','CUST41','CASE41',0.2);
Insert into SHRIYA_PROJECT.PAYMENT (PAYMENT_ID,CUSTOMER_ID,CASE_ID,DISCOUNT) values ('PAYM42','CUST42','CASE42',0.2);
Insert into SHRIYA_PROJECT.PAYMENT (PAYMENT_ID,CUSTOMER_ID,CASE_ID,DISCOUNT) values ('PAYM43','CUST43','CASE43',0.2);
Insert into SHRIYA_PROJECT.PAYMENT (PAYMENT_ID,CUSTOMER_ID,CASE_ID,DISCOUNT) values ('PAYM44','CUST44','CASE44',0.2);
Insert into SHRIYA_PROJECT.PAYMENT (PAYMENT_ID,CUSTOMER_ID,CASE_ID,DISCOUNT) values ('PAYM45','CUST45','CASE45',0.1);


-- table 11 --

create table subscription_renewal(
sub_renewal_id varchar2(10),
customer_id varchar2(10),
sub_id varchar2(10),
renewal_tier varchar2(25),
start_date timestamp,
primary key(sub_renewal_id),
FOREIGN KEY (sub_id) References subscription(sub_id) ON DELETE CASCADE
);

--insert sub renewal

-- table 12 --

create table customer_feedback(
feedback_id varchar2(25),
case_id varchar2(10),
feedback_description VARCHAR2(100),
likely_to_retain varchar2(20),
likely_to_recommend number(20),
primary key(feedback_id),
FOREIGN KEY (case_id) REFERENCES case_details(case_id) ON DELETE CASCADE
);
/* alter table query for time taken */


---insert statements for customer_feedback


-- table 15 --


create table case_resolution(
case_id varchar2(20),
resolution_type varchar2(50),
resolution_date timestamp,
comments varchar2(300),
FOREIGN KEY (case_id) REFERENCES case_details(case_id) ON DELETE CASCADE
);


--insert statements fro case resolution


alter table payment add service_cost decimal(20,4);
alter table payment add total decimal(20,4);

update table payment set service_cost = 

select dept_id from 


