--Creating tables for CCMS Project --
-- table 1 --
set serveroutput on;

drop table employee_work;
drop table employee_address;
drop table employee;
drop table DEPARTMENT;
drop table CUSTOMER_ADDRESS;
drop table payment;
drop table subscription_renewal;
drop table customer_feedback;
drop table case_resolution;
drop table CASE_DETAILS;
drop table imei_info;
drop table product;
drop table parts;
drop table customer;
drop table subscription;
drop table geo_details;


create table department(
Dept_id varchar2(10),
Dept_name varchar2(100),
Dept_Priority_days number(13),
Dept_email varchar2(30),
Dept_phone varchar2(15),
Manager_id varchar2(10),
Dept_Service_cost number(5),
constraint pk_dept primary key (Dept_id)
);

--insert statements for department 
Insert into SHRIYA_PROJECT.DEPARTMENT (DEPT_ID,DEPT_NAME,DEPT_PRIORITY_DAYS,DEPT_EMAIL,DEPT_PHONE,MANAGER_ID,DEPT_SERVICE_COST) values ('D01','SUBSCRIPTION',null,'subscription@ccms.com','(908) 379-5666','EMP30',null);
Insert into SHRIYA_PROJECT.DEPARTMENT (DEPT_ID,DEPT_NAME,DEPT_PRIORITY_DAYS,DEPT_EMAIL,DEPT_PHONE,MANAGER_ID,DEPT_SERVICE_COST) values ('D02','HW_LAPTOP',3,'hwlaptop@ccms.com','(521) 445-7944','EMP25',30);
Insert into SHRIYA_PROJECT.DEPARTMENT (DEPT_ID,DEPT_NAME,DEPT_PRIORITY_DAYS,DEPT_EMAIL,DEPT_PHONE,MANAGER_ID,DEPT_SERVICE_COST) values ('D03','HW_MONITOR',3,'hwmonitor@ccms.com','(428) 678-3661','EMP07',20);
Insert into SHRIYA_PROJECT.DEPARTMENT (DEPT_ID,DEPT_NAME,DEPT_PRIORITY_DAYS,DEPT_EMAIL,DEPT_PHONE,MANAGER_ID,DEPT_SERVICE_COST) values ('D04','HW_SPEAKER',5,'hwspeaker@ccms.com','(227) 296-2771','EMP16',10);
Insert into SHRIYA_PROJECT.DEPARTMENT (DEPT_ID,DEPT_NAME,DEPT_PRIORITY_DAYS,DEPT_EMAIL,DEPT_PHONE,MANAGER_ID,DEPT_SERVICE_COST) values ('D05','HW_MOUSE',5,'hwmouse@ccms.com','(928) 663-7286','EMP52',10);
Insert into SHRIYA_PROJECT.DEPARTMENT (DEPT_ID,DEPT_NAME,DEPT_PRIORITY_DAYS,DEPT_EMAIL,DEPT_PHONE,MANAGER_ID,DEPT_SERVICE_COST) values ('D06','HW_KEYBOARD',5,'hwkeyboard@ccms.com','(206) 740-9273','EMP45',10);
Insert into SHRIYA_PROJECT.DEPARTMENT (DEPT_ID,DEPT_NAME,DEPT_PRIORITY_DAYS,DEPT_EMAIL,DEPT_PHONE,MANAGER_ID,DEPT_SERVICE_COST) values ('D07','SW_LAPTOP',2,'swlaptop@ccms.com','(514) 572-1910','EMP32',40);
Insert into SHRIYA_PROJECT.DEPARTMENT (DEPT_ID,DEPT_NAME,DEPT_PRIORITY_DAYS,DEPT_EMAIL,DEPT_PHONE,MANAGER_ID,DEPT_SERVICE_COST) values ('D08','NON-TECH_OTHERS',5,'swothers@ccms.com','(605) 975-7790','EMP01',15);
Insert into SHRIYA_PROJECT.DEPARTMENT (DEPT_ID,DEPT_NAME,DEPT_PRIORITY_DAYS,DEPT_EMAIL,DEPT_PHONE,MANAGER_ID,DEPT_SERVICE_COST) values ('D09','ANALYSTS',null,'analysts@ccms.com','(720) 543-3078','EMP17',null);
Insert into SHRIYA_PROJECT.DEPARTMENT (DEPT_ID,DEPT_NAME,DEPT_PRIORITY_DAYS,DEPT_EMAIL,DEPT_PHONE,MANAGER_ID,DEPT_SERVICE_COST) values ('D10','PAYMENTS',null,'payments@ccms.com','(841) 513-6996','EMP19',null);
Insert into SHRIYA_PROJECT.DEPARTMENT (DEPT_ID,DEPT_NAME,DEPT_PRIORITY_DAYS,DEPT_EMAIL,DEPT_PHONE,MANAGER_ID,DEPT_SERVICE_COST) values ('D11','WAREHOUSE',null,'warehouse@ccms.com','(323) 210-3039','EMP05',null);


-- table 2---

create table subscription (
    sub_id varchar2(20),
    sub_tier varchar2(65 CHAR),
    sub_period number(20),
    discount number(5),
    primary key(sub_id)
);

ALTER TABLE SHRIYA_PROJECT.subscription
DROP COLUMN discount;


alter table SHRIYA_PROJECT.subscription
add discount decimal(5,2);


--insert subscription
Insert into SHRIYA_PROJECT.SUBSCRIPTION (SUB_ID,SUB_TIER,SUB_PERIOD,DISCOUNT) values ('SUB01','SILVER',3,0.1);
Insert into SHRIYA_PROJECT.SUBSCRIPTION (SUB_ID,SUB_TIER,SUB_PERIOD,DISCOUNT) values ('SUB02','GOLD',4,0.15);
Insert into SHRIYA_PROJECT.SUBSCRIPTION (SUB_ID,SUB_TIER,SUB_PERIOD,DISCOUNT) values ('SUB03','PLATINUM',5,0.2);
Insert into SHRIYA_PROJECT.SUBSCRIPTION (SUB_ID,SUB_TIER,SUB_PERIOD,DISCOUNT) values ('SUB04','DIAMOND',7,0.3);



CREATE TABLE GEO_DETAILS(
State_Code varchar2(5), 
State varchar2(200) NOT NULL UNIQUE,
Tax number(5) NOT NULL,
Time_zone varchar2(200) NOT NULL,
PRIMARY KEY(State_code)
);


--altering geo_details : changing data type of tax to decimal -- 
ALTER TABLE shriya_project.geo_details
DROP COLUMN tax;

ALTER TABLE shriya_project.geo_details
ADD tax decimal(5,2);


--inserting data into geodetails object ---
Insert into SHRIYA_PROJECT.GEO_DETAILS (STATE_CODE,STATE,TIME_ZONE,TAX) values ('AK','Alaska','CST',0);
Insert into SHRIYA_PROJECT.GEO_DETAILS (STATE_CODE,STATE,TIME_ZONE,TAX) values ('AZ','Arizona','MST',0.04);
Insert into SHRIYA_PROJECT.GEO_DETAILS (STATE_CODE,STATE,TIME_ZONE,TAX) values ('AR','Arkansas','CST',0.05);
Insert into SHRIYA_PROJECT.GEO_DETAILS (STATE_CODE,STATE,TIME_ZONE,TAX) values ('CA','California','PST',0.06);
Insert into SHRIYA_PROJECT.GEO_DETAILS (STATE_CODE,STATE,TIME_ZONE,TAX) values ('CO','Colorado','MST',0.07);
Insert into SHRIYA_PROJECT.GEO_DETAILS (STATE_CODE,STATE,TIME_ZONE,TAX) values ('CT','Connecticut','EST',0.03);
Insert into SHRIYA_PROJECT.GEO_DETAILS (STATE_CODE,STATE,TIME_ZONE,TAX) values ('DE','Delaware','EST',0);
Insert into SHRIYA_PROJECT.GEO_DETAILS (STATE_CODE,STATE,TIME_ZONE,TAX) values ('DC','District of Columbia','EST',0.03);
Insert into SHRIYA_PROJECT.GEO_DETAILS (STATE_CODE,STATE,TIME_ZONE,TAX) values ('FL','Florida','EST',0.06);
Insert into SHRIYA_PROJECT.GEO_DETAILS (STATE_CODE,STATE,TIME_ZONE,TAX) values ('GA','Georgia','EST',0.04);
Insert into SHRIYA_PROJECT.GEO_DETAILS (STATE_CODE,STATE,TIME_ZONE,TAX) values ('HI','Hawaii','HST',0.06);
Insert into SHRIYA_PROJECT.GEO_DETAILS (STATE_CODE,STATE,TIME_ZONE,TAX) values ('ID','Idaho','MST',0.04);
Insert into SHRIYA_PROJECT.GEO_DETAILS (STATE_CODE,STATE,TIME_ZONE,TAX) values ('IL','Illinois','CST',0.04);
Insert into SHRIYA_PROJECT.GEO_DETAILS (STATE_CODE,STATE,TIME_ZONE,TAX) values ('IN','Indiana','CST',0.06);
Insert into SHRIYA_PROJECT.GEO_DETAILS (STATE_CODE,STATE,TIME_ZONE,TAX) values ('IA','Iowa','CST',0.06);
Insert into SHRIYA_PROJECT.GEO_DETAILS (STATE_CODE,STATE,TIME_ZONE,TAX) values ('KS','Kansas','MST',0.07);
Insert into SHRIYA_PROJECT.GEO_DETAILS (STATE_CODE,STATE,TIME_ZONE,TAX) values ('KY','Kentucky','CST',0.06);
Insert into SHRIYA_PROJECT.GEO_DETAILS (STATE_CODE,STATE,TIME_ZONE,TAX) values ('LA','Louisiana','CST',0.06);
Insert into SHRIYA_PROJECT.GEO_DETAILS (STATE_CODE,STATE,TIME_ZONE,TAX) values ('ME','Maine','EST',0.06);
Insert into SHRIYA_PROJECT.GEO_DETAILS (STATE_CODE,STATE,TIME_ZONE,TAX) values ('MD','Maryland','EST',0.04);
Insert into SHRIYA_PROJECT.GEO_DETAILS (STATE_CODE,STATE,TIME_ZONE,TAX) values ('MA','Massachusetts','EST',0.05);
Insert into SHRIYA_PROJECT.GEO_DETAILS (STATE_CODE,STATE,TIME_ZONE,TAX) values ('MI','Michigan','CST',0.06);
Insert into SHRIYA_PROJECT.GEO_DETAILS (STATE_CODE,STATE,TIME_ZONE,TAX) values ('MN','Minnesota','CST',0.06);
Insert into SHRIYA_PROJECT.GEO_DETAILS (STATE_CODE,STATE,TIME_ZONE,TAX) values ('MS','Mississippi','CST',0.06);
Insert into SHRIYA_PROJECT.GEO_DETAILS (STATE_CODE,STATE,TIME_ZONE,TAX) values ('MO','Missouri','CST',0.06);
Insert into SHRIYA_PROJECT.GEO_DETAILS (STATE_CODE,STATE,TIME_ZONE,TAX) values ('MT','Montana','MST',0);
Insert into SHRIYA_PROJECT.GEO_DETAILS (STATE_CODE,STATE,TIME_ZONE,TAX) values ('NE','Nebraska','CST',0.04);
Insert into SHRIYA_PROJECT.GEO_DETAILS (STATE_CODE,STATE,TIME_ZONE,TAX) values ('NV','Nevada','PST',0.06);
Insert into SHRIYA_PROJECT.GEO_DETAILS (STATE_CODE,STATE,TIME_ZONE,TAX) values ('NH','New Hampshire','EST',0);
Insert into SHRIYA_PROJECT.GEO_DETAILS (STATE_CODE,STATE,TIME_ZONE,TAX) values ('NJ','New Jersey','EST',0.06);
Insert into SHRIYA_PROJECT.GEO_DETAILS (STATE_CODE,STATE,TIME_ZONE,TAX) values ('NM','New Mexico','EST',0);
Insert into SHRIYA_PROJECT.GEO_DETAILS (STATE_CODE,STATE,TIME_ZONE,TAX) values ('NY','New York','EST',0.06);
Insert into SHRIYA_PROJECT.GEO_DETAILS (STATE_CODE,STATE,TIME_ZONE,TAX) values ('NC','North Carolina','EST',0.06);
Insert into SHRIYA_PROJECT.GEO_DETAILS (STATE_CODE,STATE,TIME_ZONE,TAX) values ('ND','North Dakota','CST',0.04);
Insert into SHRIYA_PROJECT.GEO_DETAILS (STATE_CODE,STATE,TIME_ZONE,TAX) values ('OH','Ohio','EST',0.05);
Insert into SHRIYA_PROJECT.GEO_DETAILS (STATE_CODE,STATE,TIME_ZONE,TAX) values ('OK','Oklahoma','CST',0.05);
Insert into SHRIYA_PROJECT.GEO_DETAILS (STATE_CODE,STATE,TIME_ZONE,TAX) values ('OR','Oregon','MST',0);
Insert into SHRIYA_PROJECT.GEO_DETAILS (STATE_CODE,STATE,TIME_ZONE,TAX) values ('PA','Pennsylvania','EST',0.04);
Insert into SHRIYA_PROJECT.GEO_DETAILS (STATE_CODE,STATE,TIME_ZONE,TAX) values ('RI','Rhode Island','EST',0.07);
Insert into SHRIYA_PROJECT.GEO_DETAILS (STATE_CODE,STATE,TIME_ZONE,TAX) values ('SC','South Carolina','EST',0.06);
Insert into SHRIYA_PROJECT.GEO_DETAILS (STATE_CODE,STATE,TIME_ZONE,TAX) values ('SD','South Dakota','MST',0.12);
Insert into SHRIYA_PROJECT.GEO_DETAILS (STATE_CODE,STATE,TIME_ZONE,TAX) values ('TN','Tennessee','EST',0.07);
Insert into SHRIYA_PROJECT.GEO_DETAILS (STATE_CODE,STATE,TIME_ZONE,TAX) values ('TX','Texas','MST',0.06);
Insert into SHRIYA_PROJECT.GEO_DETAILS (STATE_CODE,STATE,TIME_ZONE,TAX) values ('UT','Utah','MST',0.04);
Insert into SHRIYA_PROJECT.GEO_DETAILS (STATE_CODE,STATE,TIME_ZONE,TAX) values ('VT','Vermont','EST',0.07);
Insert into SHRIYA_PROJECT.GEO_DETAILS (STATE_CODE,STATE,TIME_ZONE,TAX) values ('VA','Virginia','EST',0.06);
Insert into SHRIYA_PROJECT.GEO_DETAILS (STATE_CODE,STATE,TIME_ZONE,TAX) values ('WA','Washington','PST',0.12);
Insert into SHRIYA_PROJECT.GEO_DETAILS (STATE_CODE,STATE,TIME_ZONE,TAX) values ('WV','West Virginia','EST',0.07);
Insert into SHRIYA_PROJECT.GEO_DETAILS (STATE_CODE,STATE,TIME_ZONE,TAX) values ('WI','Wisconsin','CST',0.06);



-- table 3---
CREATE TABLE PARTS (
    PART_ID VARCHAR2(65 CHAR),
    PART_NUMBER varchar2(38) NOT NULL,
    PART_NAME VARCHAR2(65 CHAR),
    AVAILABILITY number(6),
    WARRANTY VARCHAR2(65 CHAR),
    PART_COST number(6),
    PRIMARY KEY(PART_ID)
);


--- inserting data into parts object --

Insert into SHRIYA_PROJECT.PARTS (PART_ID,PART_NUMBER,PART_NAME,AVAILABILITY,WARRANTY,PART_COST) values ('PART_1','PN-80-PH','BATTERY PHOENIX',57,'1YEAR',133);
Insert into SHRIYA_PROJECT.PARTS (PART_ID,PART_NUMBER,PART_NAME,AVAILABILITY,WARRANTY,PART_COST) values ('PART_2','PN-110-DR','BATTERY DRAGONFLY',90,'1YEAR',92);
Insert into SHRIYA_PROJECT.PARTS (PART_ID,PART_NUMBER,PART_NAME,AVAILABILITY,WARRANTY,PART_COST) values ('PART_3','PN-130-OR','BATTERY ORCHARD',87,'2YEAR',108);
Insert into SHRIYA_PROJECT.PARTS (PART_ID,PART_NUMBER,PART_NAME,AVAILABILITY,WARRANTY,PART_COST) values ('PART_4','PN-60HZ-PH','LAPTOP DISPLAY PHOENIX',76,'1YEAR',104);
Insert into SHRIYA_PROJECT.PARTS (PART_ID,PART_NUMBER,PART_NAME,AVAILABILITY,WARRANTY,PART_COST) values ('PART_5','PN-80HZ-DR','LAPTOP DISPLAY DRAGONFLY',84,'1YEAR',65);
Insert into SHRIYA_PROJECT.PARTS (PART_ID,PART_NUMBER,PART_NAME,AVAILABILITY,WARRANTY,PART_COST) values ('PART_6','PN-100HZ-OR','LAPTOP DISPLAY ORCHARD',78,'2YEAR',82);
Insert into SHRIYA_PROJECT.PARTS (PART_ID,PART_NUMBER,PART_NAME,AVAILABILITY,WARRANTY,PART_COST) values ('PART_7','PN-80DB-PH','SPEAKER PHOENIX',100,'1YEAR',50);
Insert into SHRIYA_PROJECT.PARTS (PART_ID,PART_NUMBER,PART_NAME,AVAILABILITY,WARRANTY,PART_COST) values ('PART_8','PN-90DB-DR','SPEAKER DRAGONFLY',94,'1YEAR',61);
Insert into SHRIYA_PROJECT.PARTS (PART_ID,PART_NUMBER,PART_NAME,AVAILABILITY,WARRANTY,PART_COST) values ('PART_9','PN-100DB-OR','SPEAKER ORCHARD',93,'2YEAR',134);
Insert into SHRIYA_PROJECT.PARTS (PART_ID,PART_NUMBER,PART_NAME,AVAILABILITY,WARRANTY,PART_COST) values ('PART_10','PN-CAM-01','CAMERA',83,'1YEAR',138);
Insert into SHRIYA_PROJECT.PARTS (PART_ID,PART_NUMBER,PART_NAME,AVAILABILITY,WARRANTY,PART_COST) values ('PART_11','PN-TOU-01','TOUCHPAD',85,'1YEAR',126);
Insert into SHRIYA_PROJECT.PARTS (PART_ID,PART_NUMBER,PART_NAME,AVAILABILITY,WARRANTY,PART_COST) values ('PART_12','PN-SSD-256','SSD256',71,'1YEAR',91);
Insert into SHRIYA_PROJECT.PARTS (PART_ID,PART_NUMBER,PART_NAME,AVAILABILITY,WARRANTY,PART_COST) values ('PART_13','PN-KEY-01','KEYBOARD',59,'2YEAR',81);
Insert into SHRIYA_PROJECT.PARTS (PART_ID,PART_NUMBER,PART_NAME,AVAILABILITY,WARRANTY,PART_COST) values ('PART_14','PN-SSD-512','SSD512',65,'1YEAR',130);
Insert into SHRIYA_PROJECT.PARTS (PART_ID,PART_NUMBER,PART_NAME,AVAILABILITY,WARRANTY,PART_COST) values ('PART_15','PN-CHA-01','CHARGER',72,'1YEAR',68);
Insert into SHRIYA_PROJECT.PARTS (PART_ID,PART_NUMBER,PART_NAME,AVAILABILITY,WARRANTY,PART_COST) values ('PART_16','PN-INT-01','INTERFACE BOARD',87,'1YEAR',71);
Insert into SHRIYA_PROJECT.PARTS (PART_ID,PART_NUMBER,PART_NAME,AVAILABILITY,WARRANTY,PART_COST) values ('PART_17','PN-MOST-01','MONITOR STAND HOGWARTS',89,'2YEAR',84);
Insert into SHRIYA_PROJECT.PARTS (PART_ID,PART_NUMBER,PART_NAME,AVAILABILITY,WARRANTY,PART_COST) values ('PART_18','PN-MOST-02','MONITOR STAND NARNIA',80,'1YEAR',60);
Insert into SHRIYA_PROJECT.PARTS (PART_ID,PART_NUMBER,PART_NAME,AVAILABILITY,WARRANTY,PART_COST) values ('PART_19','PN-MOST-03','MONITOR STAND WINTERFELL',87,'1YEAR',75);
Insert into SHRIYA_PROJECT.PARTS (PART_ID,PART_NUMBER,PART_NAME,AVAILABILITY,WARRANTY,PART_COST) values ('PART_20','PN-MOST-04','MONITOR STAND ASGARD',73,'1YEAR',87);
Insert into SHRIYA_PROJECT.PARTS (PART_ID,PART_NUMBER,PART_NAME,AVAILABILITY,WARRANTY,PART_COST) values ('PART_21','PN-PBBT-01','POWER BUTTON BT SPEAKER',68,'2YEAR',86);
Insert into SHRIYA_PROJECT.PARTS (PART_ID,PART_NUMBER,PART_NAME,AVAILABILITY,WARRANTY,PART_COST) values ('PART_22','PN-BT-DO','BLUETOOTH MODULE DOBBY SPEAKER',69,'1YEAR',117);
Insert into SHRIYA_PROJECT.PARTS (PART_ID,PART_NUMBER,PART_NAME,AVAILABILITY,WARRANTY,PART_COST) values ('PART_23','PN-BT-BU','BLUETOOTH MODULE BUMBLEBEE SPEAKER',60,'1YEAR',65);
Insert into SHRIYA_PROJECT.PARTS (PART_ID,PART_NUMBER,PART_NAME,AVAILABILITY,WARRANTY,PART_COST) values ('PART_24','PN-BT-VE','BLUETOOTH MODULE VENOM SPEAKER',69,'1YEAR',129);
Insert into SHRIYA_PROJECT.PARTS (PART_ID,PART_NUMBER,PART_NAME,AVAILABILITY,WARRANTY,PART_COST) values ('PART_25','PN-KEY-AV','KEYS AVATAR',97,'2YEAR',112);
Insert into SHRIYA_PROJECT.PARTS (PART_ID,PART_NUMBER,PART_NAME,AVAILABILITY,WARRANTY,PART_COST) values ('PART_26','PN-KEY-RA','KEYS RAGNAROK',76,'1YEAR',97);
Insert into SHRIYA_PROJECT.PARTS (PART_ID,PART_NUMBER,PART_NAME,AVAILABILITY,WARRANTY,PART_COST) values ('PART_27','PN-KEY-YO','KEYS YODA',54,'1YEAR',56);
Insert into SHRIYA_PROJECT.PARTS (PART_ID,PART_NUMBER,PART_NAME,AVAILABILITY,WARRANTY,PART_COST) values ('PART_28','PN-KETR-01','KEYBOARD TRANSMITTER',87,'1YEAR',107);
Insert into SHRIYA_PROJECT.PARTS (PART_ID,PART_NUMBER,PART_NAME,AVAILABILITY,WARRANTY,PART_COST) values ('PART_29','PN-KETR-02','KEYBOARD RECEIVER',55,'2YEAR',66);
Insert into SHRIYA_PROJECT.PARTS (PART_ID,PART_NUMBER,PART_NAME,AVAILABILITY,WARRANTY,PART_COST) values ('PART_30','PN-MOUTR-01','MOUSE TRANSMITTER',65,'1YEAR',80);
Insert into SHRIYA_PROJECT.PARTS (PART_ID,PART_NUMBER,PART_NAME,AVAILABILITY,WARRANTY,PART_COST) values ('PART_31','PN-MOUTR-02','MOUSE RECEIVER',90,'1YEAR',139);
Insert into SHRIYA_PROJECT.PARTS (PART_ID,PART_NUMBER,PART_NAME,AVAILABILITY,WARRANTY,PART_COST) values ('PART_32','PN-MOU-BTN','MOUSE BUTTONS',50,'1YEAR',51);
Insert into SHRIYA_PROJECT.PARTS (PART_ID,PART_NUMBER,PART_NAME,AVAILABILITY,WARRANTY,PART_COST) values ('PART_33','PN-MOST-05','MONITOR DISPLAY HOGWARTS/NARNIA',53,'1YEAR',65);
Insert into SHRIYA_PROJECT.PARTS (PART_ID,PART_NUMBER,PART_NAME,AVAILABILITY,WARRANTY,PART_COST) values ('PART_34','PN-MOST-06','MONITOR DISPLAY WINTERFELL/ASGARD',98,'2YEAR',75);


--alter table employee delete column employee_email;
--alter table employee add employee_email varchar2(100);

create table employee(employee_id varchar2(10),
employee_firstname varchar2(16),
employee_lastname varchar2(14),
employee_email varchar2(50),
employee_phonenbr varchar2(15),
dept_id varchar2(10),
primary key(employee_id),
FOREIGN KEY (dept_id) REFERENCES department(dept_id));

--inserting data into employee table ---

Insert into SHRIYA_PROJECT.EMPLOYEE (EMPLOYEE_ID,EMPLOYEE_FIRSTNAME,EMPLOYEE_LASTNAME,EMPLOYEE_EMAIL,EMPLOYEE_PHONENBR,DEPT_ID) values ('EMP01','Zachary','Weaver','ZacharyWeaver @gmail.com','582-400-7978','D08');
Insert into SHRIYA_PROJECT.EMPLOYEE (EMPLOYEE_ID,EMPLOYEE_FIRSTNAME,EMPLOYEE_LASTNAME,EMPLOYEE_EMAIL,EMPLOYEE_PHONENBR,DEPT_ID) values ('EMP02','Hadley','Floyd','HadleyFloyd @gmail.com','207-891-3452','D01');
Insert into SHRIYA_PROJECT.EMPLOYEE (EMPLOYEE_ID,EMPLOYEE_FIRSTNAME,EMPLOYEE_LASTNAME,EMPLOYEE_EMAIL,EMPLOYEE_PHONENBR,DEPT_ID) values ('EMP03','Craig','Sellers','CraigSellers @gmail.com','505-532-3086','D01');
Insert into SHRIYA_PROJECT.EMPLOYEE (EMPLOYEE_ID,EMPLOYEE_FIRSTNAME,EMPLOYEE_LASTNAME,EMPLOYEE_EMAIL,EMPLOYEE_PHONENBR,DEPT_ID) values ('EMP04','Jair','Hancock','JairHancock @gmail.com','203-442-0897','D01');
Insert into SHRIYA_PROJECT.EMPLOYEE (EMPLOYEE_ID,EMPLOYEE_FIRSTNAME,EMPLOYEE_LASTNAME,EMPLOYEE_EMAIL,EMPLOYEE_PHONENBR,DEPT_ID) values ('EMP05','Tessa','Hawkins','TessaHawkins @gmail.com','582-482-1419','D11');
Insert into SHRIYA_PROJECT.EMPLOYEE (EMPLOYEE_ID,EMPLOYEE_FIRSTNAME,EMPLOYEE_LASTNAME,EMPLOYEE_EMAIL,EMPLOYEE_PHONENBR,DEPT_ID) values ('EMP06','Cullen','Wheeler','CullenWheeler @gmail.com','225-433-7143','D09');
Insert into SHRIYA_PROJECT.EMPLOYEE (EMPLOYEE_ID,EMPLOYEE_FIRSTNAME,EMPLOYEE_LASTNAME,EMPLOYEE_EMAIL,EMPLOYEE_PHONENBR,DEPT_ID) values ('EMP07','Ismael','Evans','IsmaelEvans @gmail.com','582-529-4030','D03');
Insert into SHRIYA_PROJECT.EMPLOYEE (EMPLOYEE_ID,EMPLOYEE_FIRSTNAME,EMPLOYEE_LASTNAME,EMPLOYEE_EMAIL,EMPLOYEE_PHONENBR,DEPT_ID) values ('EMP08','Kennedy','Carter','KennedyCarter @gmail.com','505-565-1334','D01');
Insert into SHRIYA_PROJECT.EMPLOYEE (EMPLOYEE_ID,EMPLOYEE_FIRSTNAME,EMPLOYEE_LASTNAME,EMPLOYEE_EMAIL,EMPLOYEE_PHONENBR,DEPT_ID) values ('EMP09','Reynaldo','Montes','ReynaldoMontes @gmail.com','413-726-3753','D09');
Insert into SHRIYA_PROJECT.EMPLOYEE (EMPLOYEE_ID,EMPLOYEE_FIRSTNAME,EMPLOYEE_LASTNAME,EMPLOYEE_EMAIL,EMPLOYEE_PHONENBR,DEPT_ID) values ('EMP10','Elian','Osborne','ElianOsborne @gmail.com','582-400-1081','D10');
Insert into SHRIYA_PROJECT.EMPLOYEE (EMPLOYEE_ID,EMPLOYEE_FIRSTNAME,EMPLOYEE_LASTNAME,EMPLOYEE_EMAIL,EMPLOYEE_PHONENBR,DEPT_ID) values ('EMP11','Jaydan','Daugherty','JaydanDaugherty @gmail.com','582-583-9715','D10');
Insert into SHRIYA_PROJECT.EMPLOYEE (EMPLOYEE_ID,EMPLOYEE_FIRSTNAME,EMPLOYEE_LASTNAME,EMPLOYEE_EMAIL,EMPLOYEE_PHONENBR,DEPT_ID) values ('EMP12','Cierra','Norton','CierraNorton @gmail.com','582-999-9161','D11');
Insert into SHRIYA_PROJECT.EMPLOYEE (EMPLOYEE_ID,EMPLOYEE_FIRSTNAME,EMPLOYEE_LASTNAME,EMPLOYEE_EMAIL,EMPLOYEE_PHONENBR,DEPT_ID) values ('EMP13','Desiree','Reid','DesireeReid @gmail.com','582-333-9012','D11');
Insert into SHRIYA_PROJECT.EMPLOYEE (EMPLOYEE_ID,EMPLOYEE_FIRSTNAME,EMPLOYEE_LASTNAME,EMPLOYEE_EMAIL,EMPLOYEE_PHONENBR,DEPT_ID) values ('EMP14','Leonardo','Robertson','LeonardoRobertson @gmail.com','231-276-4129','D02');
Insert into SHRIYA_PROJECT.EMPLOYEE (EMPLOYEE_ID,EMPLOYEE_FIRSTNAME,EMPLOYEE_LASTNAME,EMPLOYEE_EMAIL,EMPLOYEE_PHONENBR,DEPT_ID) values ('EMP15','Clarissa','Suarez','ClarissaSuarez @gmail.com','582-500-0164','D02');
Insert into SHRIYA_PROJECT.EMPLOYEE (EMPLOYEE_ID,EMPLOYEE_FIRSTNAME,EMPLOYEE_LASTNAME,EMPLOYEE_EMAIL,EMPLOYEE_PHONENBR,DEPT_ID) values ('EMP16','Nickolas','Alexander','NickolasAlexander @gmail.com','203-961-3317','D04');
Insert into SHRIYA_PROJECT.EMPLOYEE (EMPLOYEE_ID,EMPLOYEE_FIRSTNAME,EMPLOYEE_LASTNAME,EMPLOYEE_EMAIL,EMPLOYEE_PHONENBR,DEPT_ID) values ('EMP17','Rose','Duran','RoseDuran @gmail.com','206-545-1850','D09');
Insert into SHRIYA_PROJECT.EMPLOYEE (EMPLOYEE_ID,EMPLOYEE_FIRSTNAME,EMPLOYEE_LASTNAME,EMPLOYEE_EMAIL,EMPLOYEE_PHONENBR,DEPT_ID) values ('EMP18','Niko','Wyatt','NikoWyatt @gmail.com','203-609-0415','D02');
Insert into SHRIYA_PROJECT.EMPLOYEE (EMPLOYEE_ID,EMPLOYEE_FIRSTNAME,EMPLOYEE_LASTNAME,EMPLOYEE_EMAIL,EMPLOYEE_PHONENBR,DEPT_ID) values ('EMP19','Royce','Lloyd','RoyceLloyd @gmail.com','207-496-1438','D10');
Insert into SHRIYA_PROJECT.EMPLOYEE (EMPLOYEE_ID,EMPLOYEE_FIRSTNAME,EMPLOYEE_LASTNAME,EMPLOYEE_EMAIL,EMPLOYEE_PHONENBR,DEPT_ID) values ('EMP20','Jalen','Petty','JalenPetty @gmail.com','314-448-3850','D02');
Insert into SHRIYA_PROJECT.EMPLOYEE (EMPLOYEE_ID,EMPLOYEE_FIRSTNAME,EMPLOYEE_LASTNAME,EMPLOYEE_EMAIL,EMPLOYEE_PHONENBR,DEPT_ID) values ('EMP21','Cruz','Holt','CruzHolt @gmail.com','415-561-9034','D03');
Insert into SHRIYA_PROJECT.EMPLOYEE (EMPLOYEE_ID,EMPLOYEE_FIRSTNAME,EMPLOYEE_LASTNAME,EMPLOYEE_EMAIL,EMPLOYEE_PHONENBR,DEPT_ID) values ('EMP22','Hector','Wade','HectorWade @gmail.com','716-794-0296','D03');
Insert into SHRIYA_PROJECT.EMPLOYEE (EMPLOYEE_ID,EMPLOYEE_FIRSTNAME,EMPLOYEE_LASTNAME,EMPLOYEE_EMAIL,EMPLOYEE_PHONENBR,DEPT_ID) values ('EMP23','Katrina','Melendez','KatrinaMelendez @gmail.com','315-208-8223','D03');
Insert into SHRIYA_PROJECT.EMPLOYEE (EMPLOYEE_ID,EMPLOYEE_FIRSTNAME,EMPLOYEE_LASTNAME,EMPLOYEE_EMAIL,EMPLOYEE_PHONENBR,DEPT_ID) values ('EMP24','Kali','Mack','KaliMack @gmail.com','505-409-8838','D03');
Insert into SHRIYA_PROJECT.EMPLOYEE (EMPLOYEE_ID,EMPLOYEE_FIRSTNAME,EMPLOYEE_LASTNAME,EMPLOYEE_EMAIL,EMPLOYEE_PHONENBR,DEPT_ID) values ('EMP25','Beau','Raymond','BeauRaymond @gmail.com','582-500-9649','D02');
Insert into SHRIYA_PROJECT.EMPLOYEE (EMPLOYEE_ID,EMPLOYEE_FIRSTNAME,EMPLOYEE_LASTNAME,EMPLOYEE_EMAIL,EMPLOYEE_PHONENBR,DEPT_ID) values ('EMP26','Christina','Hays','ChristinaHays @gmail.com','239-331-8283','D04');
Insert into SHRIYA_PROJECT.EMPLOYEE (EMPLOYEE_ID,EMPLOYEE_FIRSTNAME,EMPLOYEE_LASTNAME,EMPLOYEE_EMAIL,EMPLOYEE_PHONENBR,DEPT_ID) values ('EMP27','Hailee','Hardy','HaileeHardy @gmail.com','582-222-7841','D04');
Insert into SHRIYA_PROJECT.EMPLOYEE (EMPLOYEE_ID,EMPLOYEE_FIRSTNAME,EMPLOYEE_LASTNAME,EMPLOYEE_EMAIL,EMPLOYEE_PHONENBR,DEPT_ID) values ('EMP28','Theodore','Norman','TheodoreNorman @gmail.com','404-859-2274','D04');
Insert into SHRIYA_PROJECT.EMPLOYEE (EMPLOYEE_ID,EMPLOYEE_FIRSTNAME,EMPLOYEE_LASTNAME,EMPLOYEE_EMAIL,EMPLOYEE_PHONENBR,DEPT_ID) values ('EMP29','Allie','Potter','AlliePotter @gmail.com','582-333-3524','D04');
Insert into SHRIYA_PROJECT.EMPLOYEE (EMPLOYEE_ID,EMPLOYEE_FIRSTNAME,EMPLOYEE_LASTNAME,EMPLOYEE_EMAIL,EMPLOYEE_PHONENBR,DEPT_ID) values ('EMP30','Marley','Woodward','MarleyWoodward @gmail.com','219-366-1572','D01');
Insert into SHRIYA_PROJECT.EMPLOYEE (EMPLOYEE_ID,EMPLOYEE_FIRSTNAME,EMPLOYEE_LASTNAME,EMPLOYEE_EMAIL,EMPLOYEE_PHONENBR,DEPT_ID) values ('EMP31','Albert','Bird','AlbertBird @gmail.com','582-202-6683','D05');
Insert into SHRIYA_PROJECT.EMPLOYEE (EMPLOYEE_ID,EMPLOYEE_FIRSTNAME,EMPLOYEE_LASTNAME,EMPLOYEE_EMAIL,EMPLOYEE_PHONENBR,DEPT_ID) values ('EMP32','Kaylah','Gibbs','KaylahGibbs @gmail.com','505-479-9338','D07');
Insert into SHRIYA_PROJECT.EMPLOYEE (EMPLOYEE_ID,EMPLOYEE_FIRSTNAME,EMPLOYEE_LASTNAME,EMPLOYEE_EMAIL,EMPLOYEE_PHONENBR,DEPT_ID) values ('EMP33','Nevaeh','Ramos','NevaehRamos @gmail.com','207-765-4781','D05');
Insert into SHRIYA_PROJECT.EMPLOYEE (EMPLOYEE_ID,EMPLOYEE_FIRSTNAME,EMPLOYEE_LASTNAME,EMPLOYEE_EMAIL,EMPLOYEE_PHONENBR,DEPT_ID) values ('EMP34','Tyrell','Austin','TyrellAustin @gmail.com','582-682-7032','D05');
Insert into SHRIYA_PROJECT.EMPLOYEE (EMPLOYEE_ID,EMPLOYEE_FIRSTNAME,EMPLOYEE_LASTNAME,EMPLOYEE_EMAIL,EMPLOYEE_PHONENBR,DEPT_ID) values ('EMP35','Douglas','Schmitt','DouglasSchmitt @gmail.com','582-333-6492','D05');
Insert into SHRIYA_PROJECT.EMPLOYEE (EMPLOYEE_ID,EMPLOYEE_FIRSTNAME,EMPLOYEE_LASTNAME,EMPLOYEE_EMAIL,EMPLOYEE_PHONENBR,DEPT_ID) values ('EMP36','Jenny','Zuniga','JennyZuniga @gmail.com','320-836-8136','D06');
Insert into SHRIYA_PROJECT.EMPLOYEE (EMPLOYEE_ID,EMPLOYEE_FIRSTNAME,EMPLOYEE_LASTNAME,EMPLOYEE_EMAIL,EMPLOYEE_PHONENBR,DEPT_ID) values ('EMP37','Mark','Floyd','MarkFloyd @gmail.com','325-377-3238','D06');
Insert into SHRIYA_PROJECT.EMPLOYEE (EMPLOYEE_ID,EMPLOYEE_FIRSTNAME,EMPLOYEE_LASTNAME,EMPLOYEE_EMAIL,EMPLOYEE_PHONENBR,DEPT_ID) values ('EMP38','Coby','Tate','CobyTate @gmail.com','582-333-7493','D06');
Insert into SHRIYA_PROJECT.EMPLOYEE (EMPLOYEE_ID,EMPLOYEE_FIRSTNAME,EMPLOYEE_LASTNAME,EMPLOYEE_EMAIL,EMPLOYEE_PHONENBR,DEPT_ID) values ('EMP39','Dalia','Owen','DaliaOwen @gmail.com','207-294-4672','D06');
Insert into SHRIYA_PROJECT.EMPLOYEE (EMPLOYEE_ID,EMPLOYEE_FIRSTNAME,EMPLOYEE_LASTNAME,EMPLOYEE_EMAIL,EMPLOYEE_PHONENBR,DEPT_ID) values ('EMP40','Arielle','Delgado','ArielleDelgado @gmail.com','505-674-6418','D07');
Insert into SHRIYA_PROJECT.EMPLOYEE (EMPLOYEE_ID,EMPLOYEE_FIRSTNAME,EMPLOYEE_LASTNAME,EMPLOYEE_EMAIL,EMPLOYEE_PHONENBR,DEPT_ID) values ('EMP41','Maverick','Lindsey','MaverickLindsey @gmail.com','240-470-0826','D07');
Insert into SHRIYA_PROJECT.EMPLOYEE (EMPLOYEE_ID,EMPLOYEE_FIRSTNAME,EMPLOYEE_LASTNAME,EMPLOYEE_EMAIL,EMPLOYEE_PHONENBR,DEPT_ID) values ('EMP42','Clarence','Robinson','ClarenceRobinson @gmail.com','239-774-1051','D07');
Insert into SHRIYA_PROJECT.EMPLOYEE (EMPLOYEE_ID,EMPLOYEE_FIRSTNAME,EMPLOYEE_LASTNAME,EMPLOYEE_EMAIL,EMPLOYEE_PHONENBR,DEPT_ID) values ('EMP43','Nayeli','Wang','NayeliWang @gmail.com','352-562-0121','D07');
Insert into SHRIYA_PROJECT.EMPLOYEE (EMPLOYEE_ID,EMPLOYEE_FIRSTNAME,EMPLOYEE_LASTNAME,EMPLOYEE_EMAIL,EMPLOYEE_PHONENBR,DEPT_ID) values ('EMP44','Dalton','Calderon','DaltonCalderon @gmail.com','234-369-8991','D08');
Insert into SHRIYA_PROJECT.EMPLOYEE (EMPLOYEE_ID,EMPLOYEE_FIRSTNAME,EMPLOYEE_LASTNAME,EMPLOYEE_EMAIL,EMPLOYEE_PHONENBR,DEPT_ID) values ('EMP45','Amira','Sanford','AmiraSanford @gmail.com','582-300-1271','D06');
Insert into SHRIYA_PROJECT.EMPLOYEE (EMPLOYEE_ID,EMPLOYEE_FIRSTNAME,EMPLOYEE_LASTNAME,EMPLOYEE_EMAIL,EMPLOYEE_PHONENBR,DEPT_ID) values ('EMP46','Gael','Potts','GaelPotts @gmail.com','435-824-9424','D08');
Insert into SHRIYA_PROJECT.EMPLOYEE (EMPLOYEE_ID,EMPLOYEE_FIRSTNAME,EMPLOYEE_LASTNAME,EMPLOYEE_EMAIL,EMPLOYEE_PHONENBR,DEPT_ID) values ('EMP47','Edgar','Jensen','EdgarJensen @gmail.com','582-222-6945','D08');
Insert into SHRIYA_PROJECT.EMPLOYEE (EMPLOYEE_ID,EMPLOYEE_FIRSTNAME,EMPLOYEE_LASTNAME,EMPLOYEE_EMAIL,EMPLOYEE_PHONENBR,DEPT_ID) values ('EMP48','Talia','Waller','TaliaWaller @gmail.com','582-482-4563','D08');
Insert into SHRIYA_PROJECT.EMPLOYEE (EMPLOYEE_ID,EMPLOYEE_FIRSTNAME,EMPLOYEE_LASTNAME,EMPLOYEE_EMAIL,EMPLOYEE_PHONENBR,DEPT_ID) values ('EMP49','Titus','Greene','TitusGreene @gmail.com',' 339-370-4388','D09');
Insert into SHRIYA_PROJECT.EMPLOYEE (EMPLOYEE_ID,EMPLOYEE_FIRSTNAME,EMPLOYEE_LASTNAME,EMPLOYEE_EMAIL,EMPLOYEE_PHONENBR,DEPT_ID) values ('EMP50','Kevin','Chase','KevinChase @gmail.com','248-508-2281','D02');
Insert into SHRIYA_PROJECT.EMPLOYEE (EMPLOYEE_ID,EMPLOYEE_FIRSTNAME,EMPLOYEE_LASTNAME,EMPLOYEE_EMAIL,EMPLOYEE_PHONENBR,DEPT_ID) values ('EMP51','Laura','Paul','LauraPaul @gmail.com','439-470-4388','D07');
Insert into SHRIYA_PROJECT.EMPLOYEE (EMPLOYEE_ID,EMPLOYEE_FIRSTNAME,EMPLOYEE_LASTNAME,EMPLOYEE_EMAIL,EMPLOYEE_PHONENBR,DEPT_ID) values ('EMP52','Laura','Bush','MarcusBush @gmail.com','548-408-3281','D05');


create table employee_address(employee_id varchar2(6),
address_type varchar2(18),
address_1 varchar2(100),
address_2 varchar(100),
employee_city varchar2(30),
employee_statecode varchar2(5),
employee_country varchar2(9),
employee_zip NUMBER(7),
FOREIGN KEY (employee_id) REFERENCES employee(employee_id),
FOREIGN KEY (employee_statecode) REFERENCES geo_details(State_Code) ON DELETE CASCADE);

--inserting data into employee_address table ---

Insert into SHRIYA_PROJECT.EMPLOYEE_ADDRESS (EMPLOYEE_ID,ADDRESS_TYPE,EMPLOYEE_STATECODE,EMPLOYEE_COUNTRY,EMPLOYEE_ZIP,ADDRESS_1,ADDRESS_2,EMPLOYEE_CITY) values ('EMP01','HOME','GA','USA',31639,'405 Janice Ave','225 Centr st.','Nashville');
Insert into SHRIYA_PROJECT.EMPLOYEE_ADDRESS (EMPLOYEE_ID,ADDRESS_TYPE,EMPLOYEE_STATECODE,EMPLOYEE_COUNTRY,EMPLOYEE_ZIP,ADDRESS_1,ADDRESS_2,EMPLOYEE_CITY) values ('EMP02','HOME','MA','USA',1746,'176 Hollis St','Apt 202','Holliston');
Insert into SHRIYA_PROJECT.EMPLOYEE_ADDRESS (EMPLOYEE_ID,ADDRESS_TYPE,EMPLOYEE_STATECODE,EMPLOYEE_COUNTRY,EMPLOYEE_ZIP,ADDRESS_1,ADDRESS_2,EMPLOYEE_CITY) values ('EMP03','HOME','KY','USA',42728,'685 Cane Valley Rd','Apt 511','Columbia');
Insert into SHRIYA_PROJECT.EMPLOYEE_ADDRESS (EMPLOYEE_ID,ADDRESS_TYPE,EMPLOYEE_STATECODE,EMPLOYEE_COUNTRY,EMPLOYEE_ZIP,ADDRESS_1,ADDRESS_2,EMPLOYEE_CITY) values ('EMP04','HOME','MI','USA',48614,'14045 S Chapin Rd','Garmin St lane','Brant');
Insert into SHRIYA_PROJECT.EMPLOYEE_ADDRESS (EMPLOYEE_ID,ADDRESS_TYPE,EMPLOYEE_STATECODE,EMPLOYEE_COUNTRY,EMPLOYEE_ZIP,ADDRESS_1,ADDRESS_2,EMPLOYEE_CITY) values ('EMP05','HOME','KY','USA',42701,'1686 Hutcherson Ln','Apt 501','Elizabethtown');
Insert into SHRIYA_PROJECT.EMPLOYEE_ADDRESS (EMPLOYEE_ID,ADDRESS_TYPE,EMPLOYEE_STATECODE,EMPLOYEE_COUNTRY,EMPLOYEE_ZIP,ADDRESS_1,ADDRESS_2,EMPLOYEE_CITY) values ('EMP06','HOME','IA','USA',51579,'2754 155th St','Villa no. 40','Woodbine');
Insert into SHRIYA_PROJECT.EMPLOYEE_ADDRESS (EMPLOYEE_ID,ADDRESS_TYPE,EMPLOYEE_STATECODE,EMPLOYEE_COUNTRY,EMPLOYEE_ZIP,ADDRESS_1,ADDRESS_2,EMPLOYEE_CITY) values ('EMP07','HOME','MS','USA',38637,'3347 Country Side Cir #18','Apt 2039','Horn Lake city');
Insert into SHRIYA_PROJECT.EMPLOYEE_ADDRESS (EMPLOYEE_ID,ADDRESS_TYPE,EMPLOYEE_STATECODE,EMPLOYEE_COUNTRY,EMPLOYEE_ZIP,ADDRESS_1,ADDRESS_2,EMPLOYEE_CITY) values ('EMP08','WORK','NC','USA',27529,'309 Westonridge Run','Villa no.23','Garner');
Insert into SHRIYA_PROJECT.EMPLOYEE_ADDRESS (EMPLOYEE_ID,ADDRESS_TYPE,EMPLOYEE_STATECODE,EMPLOYEE_COUNTRY,EMPLOYEE_ZIP,ADDRESS_1,ADDRESS_2,EMPLOYEE_CITY) values ('EMP09','WORK','MN','USA',55964,'50 2nd Ave NW','Apt 62','Plainview');
Insert into SHRIYA_PROJECT.EMPLOYEE_ADDRESS (EMPLOYEE_ID,ADDRESS_TYPE,EMPLOYEE_STATECODE,EMPLOYEE_COUNTRY,EMPLOYEE_ZIP,ADDRESS_1,ADDRESS_2,EMPLOYEE_CITY) values ('EMP10','WORK','MI','USA',48173,'19535 Glenwood Ct #40','H.no 239','Rockwood');
Insert into SHRIYA_PROJECT.EMPLOYEE_ADDRESS (EMPLOYEE_ID,ADDRESS_TYPE,EMPLOYEE_STATECODE,EMPLOYEE_COUNTRY,EMPLOYEE_ZIP,ADDRESS_1,ADDRESS_2,EMPLOYEE_CITY) values ('EMP11','WORK','TN','USA',37852,'1994 Nydeck Rd','Apt 023','Robbins');
Insert into SHRIYA_PROJECT.EMPLOYEE_ADDRESS (EMPLOYEE_ID,ADDRESS_TYPE,EMPLOYEE_STATECODE,EMPLOYEE_COUNTRY,EMPLOYEE_ZIP,ADDRESS_1,ADDRESS_2,EMPLOYEE_CITY) values ('EMP12','WORK','PA','USA',19083,'1105 Harding Dr','H.no 20','Havertown');
Insert into SHRIYA_PROJECT.EMPLOYEE_ADDRESS (EMPLOYEE_ID,ADDRESS_TYPE,EMPLOYEE_STATECODE,EMPLOYEE_COUNTRY,EMPLOYEE_ZIP,ADDRESS_1,ADDRESS_2,EMPLOYEE_CITY) values ('EMP13','WORK','MD','USA',20770,'7249 Morrison Dr','Apt 222','Greenbelt');
Insert into SHRIYA_PROJECT.EMPLOYEE_ADDRESS (EMPLOYEE_ID,ADDRESS_TYPE,EMPLOYEE_STATECODE,EMPLOYEE_COUNTRY,EMPLOYEE_ZIP,ADDRESS_1,ADDRESS_2,EMPLOYEE_CITY) values ('EMP14','WORK','PA','USA',17349,'16120 Sherwin Cir','PH15','New freedom');
Insert into SHRIYA_PROJECT.EMPLOYEE_ADDRESS (EMPLOYEE_ID,ADDRESS_TYPE,EMPLOYEE_STATECODE,EMPLOYEE_COUNTRY,EMPLOYEE_ZIP,ADDRESS_1,ADDRESS_2,EMPLOYEE_CITY) values ('EMP15','WORK','IL','USA',61866,'2992 County Rd #1900 E','Villa no. 304','Rantoul');
Insert into SHRIYA_PROJECT.EMPLOYEE_ADDRESS (EMPLOYEE_ID,ADDRESS_TYPE,EMPLOYEE_STATECODE,EMPLOYEE_COUNTRY,EMPLOYEE_ZIP,ADDRESS_1,ADDRESS_2,EMPLOYEE_CITY) values ('EMP16','HOME','GA','USA',31404,'2057 E 41st St','H.no. 93','Savannah');
Insert into SHRIYA_PROJECT.EMPLOYEE_ADDRESS (EMPLOYEE_ID,ADDRESS_TYPE,EMPLOYEE_STATECODE,EMPLOYEE_COUNTRY,EMPLOYEE_ZIP,ADDRESS_1,ADDRESS_2,EMPLOYEE_CITY) values ('EMP17','HOME','TN','USA',38261,'2704 Salem Dr','Apt 708','Union City');
Insert into SHRIYA_PROJECT.EMPLOYEE_ADDRESS (EMPLOYEE_ID,ADDRESS_TYPE,EMPLOYEE_STATECODE,EMPLOYEE_COUNTRY,EMPLOYEE_ZIP,ADDRESS_1,ADDRESS_2,EMPLOYEE_CITY) values ('EMP18','HOME','KY','USA',40437,'8359 78th Ky','PH11','Hustonville');
Insert into SHRIYA_PROJECT.EMPLOYEE_ADDRESS (EMPLOYEE_ID,ADDRESS_TYPE,EMPLOYEE_STATECODE,EMPLOYEE_COUNTRY,EMPLOYEE_ZIP,ADDRESS_1,ADDRESS_2,EMPLOYEE_CITY) values ('EMP19','HOME','AZ','USA',85253,'6702 E Beryl Ave','Apt 407','Paradise Valley');
Insert into SHRIYA_PROJECT.EMPLOYEE_ADDRESS (EMPLOYEE_ID,ADDRESS_TYPE,EMPLOYEE_STATECODE,EMPLOYEE_COUNTRY,EMPLOYEE_ZIP,ADDRESS_1,ADDRESS_2,EMPLOYEE_CITY) values ('EMP20','HOME','GA','USA',31635,'610 Chestnut Ridge Cir','Apt 284','Lakeland');
Insert into SHRIYA_PROJECT.EMPLOYEE_ADDRESS (EMPLOYEE_ID,ADDRESS_TYPE,EMPLOYEE_STATECODE,EMPLOYEE_COUNTRY,EMPLOYEE_ZIP,ADDRESS_1,ADDRESS_2,EMPLOYEE_CITY) values ('EMP21','HOME','NC','USA',28905,'144 Londonderry Dr','PH09','Marble');
Insert into SHRIYA_PROJECT.EMPLOYEE_ADDRESS (EMPLOYEE_ID,ADDRESS_TYPE,EMPLOYEE_STATECODE,EMPLOYEE_COUNTRY,EMPLOYEE_ZIP,ADDRESS_1,ADDRESS_2,EMPLOYEE_CITY) values ('EMP22','HOME','NC','USA',28782,'686 Wilderness Rd','PH29','Tryon');
Insert into SHRIYA_PROJECT.EMPLOYEE_ADDRESS (EMPLOYEE_ID,ADDRESS_TYPE,EMPLOYEE_STATECODE,EMPLOYEE_COUNTRY,EMPLOYEE_ZIP,ADDRESS_1,ADDRESS_2,EMPLOYEE_CITY) values ('EMP23','WORK','AK','USA',35653,'Highway','Goul Lane','Russellville');
Insert into SHRIYA_PROJECT.EMPLOYEE_ADDRESS (EMPLOYEE_ID,ADDRESS_TYPE,EMPLOYEE_STATECODE,EMPLOYEE_COUNTRY,EMPLOYEE_ZIP,ADDRESS_1,ADDRESS_2,EMPLOYEE_CITY) values ('EMP24','WORK','SC','USA',29384,'7454 Riverfork Rd','Seagull Lane','Waterloo');
Insert into SHRIYA_PROJECT.EMPLOYEE_ADDRESS (EMPLOYEE_ID,ADDRESS_TYPE,EMPLOYEE_STATECODE,EMPLOYEE_COUNTRY,EMPLOYEE_ZIP,ADDRESS_1,ADDRESS_2,EMPLOYEE_CITY) values ('EMP25','WORK','IL','USA',60415,'10521 Parkside Ave','Park st villa no 34','Chicago Ridge');
Insert into SHRIYA_PROJECT.EMPLOYEE_ADDRESS (EMPLOYEE_ID,ADDRESS_TYPE,EMPLOYEE_STATECODE,EMPLOYEE_COUNTRY,EMPLOYEE_ZIP,ADDRESS_1,ADDRESS_2,EMPLOYEE_CITY) values ('EMP26','WORK','CA','USA',93561,'26751 Sutter Ct','Mary lane','Tehachapi');
Insert into SHRIYA_PROJECT.EMPLOYEE_ADDRESS (EMPLOYEE_ID,ADDRESS_TYPE,EMPLOYEE_STATECODE,EMPLOYEE_COUNTRY,EMPLOYEE_ZIP,ADDRESS_1,ADDRESS_2,EMPLOYEE_CITY) values ('EMP27','WORK','FL','USA',32837,'4002 Promenade Square Dr','Apt 20','Orlando');
Insert into SHRIYA_PROJECT.EMPLOYEE_ADDRESS (EMPLOYEE_ID,ADDRESS_TYPE,EMPLOYEE_STATECODE,EMPLOYEE_COUNTRY,EMPLOYEE_ZIP,ADDRESS_1,ADDRESS_2,EMPLOYEE_CITY) values ('EMP28','WORK','PA','USA',17022,'125 N Locust St','PH34','Elizabethtown');
Insert into SHRIYA_PROJECT.EMPLOYEE_ADDRESS (EMPLOYEE_ID,ADDRESS_TYPE,EMPLOYEE_STATECODE,EMPLOYEE_COUNTRY,EMPLOYEE_ZIP,ADDRESS_1,ADDRESS_2,EMPLOYEE_CITY) values ('EMP29','WORK','FL','USA',32043,'5296 Sweat Rd','Apt 394','Green Cove Springs');
Insert into SHRIYA_PROJECT.EMPLOYEE_ADDRESS (EMPLOYEE_ID,ADDRESS_TYPE,EMPLOYEE_STATECODE,EMPLOYEE_COUNTRY,EMPLOYEE_ZIP,ADDRESS_1,ADDRESS_2,EMPLOYEE_CITY) values ('EMP30','WORK','MI','USA',49746,'130 Maple St','Apt 283','Hillman');
Insert into SHRIYA_PROJECT.EMPLOYEE_ADDRESS (EMPLOYEE_ID,ADDRESS_TYPE,EMPLOYEE_STATECODE,EMPLOYEE_COUNTRY,EMPLOYEE_ZIP,ADDRESS_1,ADDRESS_2,EMPLOYEE_CITY) values ('EMP31','HOME','NJ','USA',8094,'1480 N Tuckahoe Rd','Apt 198','Williamstown');
Insert into SHRIYA_PROJECT.EMPLOYEE_ADDRESS (EMPLOYEE_ID,ADDRESS_TYPE,EMPLOYEE_STATECODE,EMPLOYEE_COUNTRY,EMPLOYEE_ZIP,ADDRESS_1,ADDRESS_2,EMPLOYEE_CITY) values ('EMP32','HOME','MO','USA',63459,'52512 Brookside Trl','Apt 523','New London');
Insert into SHRIYA_PROJECT.EMPLOYEE_ADDRESS (EMPLOYEE_ID,ADDRESS_TYPE,EMPLOYEE_STATECODE,EMPLOYEE_COUNTRY,EMPLOYEE_ZIP,ADDRESS_1,ADDRESS_2,EMPLOYEE_CITY) values ('EMP33','HOME','AR','USA',72921,'705 Fayetteville Ave','Mary jane lane','Alma');
Insert into SHRIYA_PROJECT.EMPLOYEE_ADDRESS (EMPLOYEE_ID,ADDRESS_TYPE,EMPLOYEE_STATECODE,EMPLOYEE_COUNTRY,EMPLOYEE_ZIP,ADDRESS_1,ADDRESS_2,EMPLOYEE_CITY) values ('EMP34','HOME','OH','USA',44224,'3849 Kay Dr','PH61','Stow');
Insert into SHRIYA_PROJECT.EMPLOYEE_ADDRESS (EMPLOYEE_ID,ADDRESS_TYPE,EMPLOYEE_STATECODE,EMPLOYEE_COUNTRY,EMPLOYEE_ZIP,ADDRESS_1,ADDRESS_2,EMPLOYEE_CITY) values ('EMP35','HOME','NY','USA',11560,'20 Ash St','Apt 143','Locust Valley');
Insert into SHRIYA_PROJECT.EMPLOYEE_ADDRESS (EMPLOYEE_ID,ADDRESS_TYPE,EMPLOYEE_STATECODE,EMPLOYEE_COUNTRY,EMPLOYEE_ZIP,ADDRESS_1,ADDRESS_2,EMPLOYEE_CITY) values ('EMP36','HOME','CA','USA',93561,'21241 Golden Hills Blvd','Apt 543','Tehachapi');
Insert into SHRIYA_PROJECT.EMPLOYEE_ADDRESS (EMPLOYEE_ID,ADDRESS_TYPE,EMPLOYEE_STATECODE,EMPLOYEE_COUNTRY,EMPLOYEE_ZIP,ADDRESS_1,ADDRESS_2,EMPLOYEE_CITY) values ('EMP37','HOME','WI','USA',54611,'13928 State Rd #121','PH07','Alma Center');
Insert into SHRIYA_PROJECT.EMPLOYEE_ADDRESS (EMPLOYEE_ID,ADDRESS_TYPE,EMPLOYEE_STATECODE,EMPLOYEE_COUNTRY,EMPLOYEE_ZIP,ADDRESS_1,ADDRESS_2,EMPLOYEE_CITY) values ('EMP38','WORK','MI','USA',49327,'5110 W 118th St','PH32','Grant');
Insert into SHRIYA_PROJECT.EMPLOYEE_ADDRESS (EMPLOYEE_ID,ADDRESS_TYPE,EMPLOYEE_STATECODE,EMPLOYEE_COUNTRY,EMPLOYEE_ZIP,ADDRESS_1,ADDRESS_2,EMPLOYEE_CITY) values ('EMP39','WORK','MA','USA',1880,'398 Main St','Apt 320','Wakefield');
Insert into SHRIYA_PROJECT.EMPLOYEE_ADDRESS (EMPLOYEE_ID,ADDRESS_TYPE,EMPLOYEE_STATECODE,EMPLOYEE_COUNTRY,EMPLOYEE_ZIP,ADDRESS_1,ADDRESS_2,EMPLOYEE_CITY) values ('EMP40','WORK','MA','USA',2760,'581 Hickory Rd','PH29','North Attleboro');
Insert into SHRIYA_PROJECT.EMPLOYEE_ADDRESS (EMPLOYEE_ID,ADDRESS_TYPE,EMPLOYEE_STATECODE,EMPLOYEE_COUNTRY,EMPLOYEE_ZIP,ADDRESS_1,ADDRESS_2,EMPLOYEE_CITY) values ('EMP41','WORK','MN','USA',56567,'38642 County 19 Hwy','Center st lane','New York Mills');
Insert into SHRIYA_PROJECT.EMPLOYEE_ADDRESS (EMPLOYEE_ID,ADDRESS_TYPE,EMPLOYEE_STATECODE,EMPLOYEE_COUNTRY,EMPLOYEE_ZIP,ADDRESS_1,ADDRESS_2,EMPLOYEE_CITY) values ('EMP42','WORK','OH','USA',43543,'330 Empire St','Apt 62','Montpelier');
Insert into SHRIYA_PROJECT.EMPLOYEE_ADDRESS (EMPLOYEE_ID,ADDRESS_TYPE,EMPLOYEE_STATECODE,EMPLOYEE_COUNTRY,EMPLOYEE_ZIP,ADDRESS_1,ADDRESS_2,EMPLOYEE_CITY) values ('EMP43','WORK','CO','USA',80751,'631 N 3rd St','Apt 17','Sterling');
Insert into SHRIYA_PROJECT.EMPLOYEE_ADDRESS (EMPLOYEE_ID,ADDRESS_TYPE,EMPLOYEE_STATECODE,EMPLOYEE_COUNTRY,EMPLOYEE_ZIP,ADDRESS_1,ADDRESS_2,EMPLOYEE_CITY) values ('EMP44','WORK','NC','USA',27587,'7737 Matherly Dr','PH19','Wake Forest');
Insert into SHRIYA_PROJECT.EMPLOYEE_ADDRESS (EMPLOYEE_ID,ADDRESS_TYPE,EMPLOYEE_STATECODE,EMPLOYEE_COUNTRY,EMPLOYEE_ZIP,ADDRESS_1,ADDRESS_2,EMPLOYEE_CITY) values ('EMP45','WORK','NC','USA',28445,'903 S Anderson Blvd','Apt 65','Holly Ridge');
Insert into SHRIYA_PROJECT.EMPLOYEE_ADDRESS (EMPLOYEE_ID,ADDRESS_TYPE,EMPLOYEE_STATECODE,EMPLOYEE_COUNTRY,EMPLOYEE_ZIP,ADDRESS_1,ADDRESS_2,EMPLOYEE_CITY) values ('EMP46','HOME','MO','USA',63901,'7104 Woodland Meadow Dr','Apt 923, near MBTA Lane','Poplar Bluff');
Insert into SHRIYA_PROJECT.EMPLOYEE_ADDRESS (EMPLOYEE_ID,ADDRESS_TYPE,EMPLOYEE_STATECODE,EMPLOYEE_COUNTRY,EMPLOYEE_ZIP,ADDRESS_1,ADDRESS_2,EMPLOYEE_CITY) values ('EMP47','HOME','CA','USA',92037,'350 Prospect St','PH21','La Jolla');
Insert into SHRIYA_PROJECT.EMPLOYEE_ADDRESS (EMPLOYEE_ID,ADDRESS_TYPE,EMPLOYEE_STATECODE,EMPLOYEE_COUNTRY,EMPLOYEE_ZIP,ADDRESS_1,ADDRESS_2,EMPLOYEE_CITY) values ('EMP48','HOME','CA','USA',92543,'390 W Thornton Ave','Apt 187','Hemet');



create table product(
product_number varchar2(50),
product_name varchar2(50),
product_category varchar2(50),
primary key(product_number)
);


---insert product

Insert into SHRIYA_PROJECT.PRODUCT (PRODUCT_NUMBER,PRODUCT_NAME,PRODUCT_CATEGORY) values ('LAP-PHO-123','PHOENIX','LAPTOP');
Insert into SHRIYA_PROJECT.PRODUCT (PRODUCT_NUMBER,PRODUCT_NAME,PRODUCT_CATEGORY) values ('LAP-DRA-123','DRAGONFLY','LAPTOP');
Insert into SHRIYA_PROJECT.PRODUCT (PRODUCT_NUMBER,PRODUCT_NAME,PRODUCT_CATEGORY) values ('LAP-ORC-123','ORCHARD','LAPTOP');
Insert into SHRIYA_PROJECT.PRODUCT (PRODUCT_NUMBER,PRODUCT_NAME,PRODUCT_CATEGORY) values ('MON-ASG-123','ASGARD','MONITOR');
Insert into SHRIYA_PROJECT.PRODUCT (PRODUCT_NUMBER,PRODUCT_NAME,PRODUCT_CATEGORY) values ('MON-HOG-123','HOGWARTS','MONITOR');
Insert into SHRIYA_PROJECT.PRODUCT (PRODUCT_NUMBER,PRODUCT_NAME,PRODUCT_CATEGORY) values ('MON-NAR-123','NARNIA','MONITOR');
Insert into SHRIYA_PROJECT.PRODUCT (PRODUCT_NUMBER,PRODUCT_NAME,PRODUCT_CATEGORY) values ('MON-WIN-123','WINTERFELL','MONITOR');
Insert into SHRIYA_PROJECT.PRODUCT (PRODUCT_NUMBER,PRODUCT_NAME,PRODUCT_CATEGORY) values ('SPE-DOB-123','DOBBY','SPEAKER');
Insert into SHRIYA_PROJECT.PRODUCT (PRODUCT_NUMBER,PRODUCT_NAME,PRODUCT_CATEGORY) values ('SPE-BUM-123','BUMBLEBEE','SPEAKER');
Insert into SHRIYA_PROJECT.PRODUCT (PRODUCT_NUMBER,PRODUCT_NAME,PRODUCT_CATEGORY) values ('SPE-VEN-123','VENOM','SPEAKER');
Insert into SHRIYA_PROJECT.PRODUCT (PRODUCT_NUMBER,PRODUCT_NAME,PRODUCT_CATEGORY) values ('KEY-AVA-123','AVATAR','KEYBOARD');
Insert into SHRIYA_PROJECT.PRODUCT (PRODUCT_NUMBER,PRODUCT_NAME,PRODUCT_CATEGORY) values ('KEY-RAG-123','RAGNORAK','KEYBOARD');
Insert into SHRIYA_PROJECT.PRODUCT (PRODUCT_NUMBER,PRODUCT_NAME,PRODUCT_CATEGORY) values ('KEY-YOD-123','YODA','KEYBOARD');
Insert into SHRIYA_PROJECT.PRODUCT (PRODUCT_NUMBER,PRODUCT_NAME,PRODUCT_CATEGORY) values ('MOU-SNI-123','SNIPER','MOUSE');
Insert into SHRIYA_PROJECT.PRODUCT (PRODUCT_NUMBER,PRODUCT_NAME,PRODUCT_CATEGORY) values ('MOU-SPY-123','SPYDER','MOUSE');
Insert into SHRIYA_PROJECT.PRODUCT (PRODUCT_NUMBER,PRODUCT_NAME,PRODUCT_CATEGORY) values ('MOU-GLA-123','GLADIATOR','MOUSE');

create table imei_info(
imei varchar2(25),
product_number varchar2(50),
primary key(imei),
FOREIGN KEY (product_number) REFERENCES product(product_number)
);

--insert imei info
Insert into SHRIYA_PROJECT.IMEI_INFO (IMEI,PRODUCT_NUMBER) values ('LG142AA','LAP-PHO-123');
Insert into SHRIYA_PROJECT.IMEI_INFO (IMEI,PRODUCT_NUMBER) values ('B3D81AA','LAP-PHO-123');
Insert into SHRIYA_PROJECT.IMEI_INFO (IMEI,PRODUCT_NUMBER) values ('K5H78PS','LAP-PHO-123');
Insert into SHRIYA_PROJECT.IMEI_INFO (IMEI,PRODUCT_NUMBER) values ('P6D69AA','LAP-DRA-123');
Insert into SHRIYA_PROJECT.IMEI_INFO (IMEI,PRODUCT_NUMBER) values ('K5H79PS','LAP-DRA-123');
Insert into SHRIYA_PROJECT.IMEI_INFO (IMEI,PRODUCT_NUMBER) values ('PU896AT','LAP-DRA-123');
Insert into SHRIYA_PROJECT.IMEI_INFO (IMEI,PRODUCT_NUMBER) values ('RK271AT','LAP-ORC-123');
Insert into SHRIYA_PROJECT.IMEI_INFO (IMEI,PRODUCT_NUMBER) values ('PY356AA','LAP-ORC-123');
Insert into SHRIYA_PROJECT.IMEI_INFO (IMEI,PRODUCT_NUMBER) values ('RK270AA','LAP-ORC-123');
Insert into SHRIYA_PROJECT.IMEI_INFO (IMEI,PRODUCT_NUMBER) values ('RK270AT','MON-ASG-123');
Insert into SHRIYA_PROJECT.IMEI_INFO (IMEI,PRODUCT_NUMBER) values ('EG839AA','MON-ASG-123');
Insert into SHRIYA_PROJECT.IMEI_INFO (IMEI,PRODUCT_NUMBER) values ('EG839AT','MON-HOG-123');
Insert into SHRIYA_PROJECT.IMEI_INFO (IMEI,PRODUCT_NUMBER) values ('EG840AA','MON-HOG-123');
Insert into SHRIYA_PROJECT.IMEI_INFO (IMEI,PRODUCT_NUMBER) values ('FH376AA','MON-NAR-123');
Insert into SHRIYA_PROJECT.IMEI_INFO (IMEI,PRODUCT_NUMBER) values ('GY227AA','MON-NAR-123');
Insert into SHRIYA_PROJECT.IMEI_INFO (IMEI,PRODUCT_NUMBER) values ('NL166PC','MON-WIN-123');
Insert into SHRIYA_PROJECT.IMEI_INFO (IMEI,PRODUCT_NUMBER) values ('BM461AW','MON-WIN-123');
Insert into SHRIYA_PROJECT.IMEI_INFO (IMEI,PRODUCT_NUMBER) values ('6NT16AAE','SPE-DOB-123');
Insert into SHRIYA_PROJECT.IMEI_INFO (IMEI,PRODUCT_NUMBER) values ('NU713PC','SPE-DOB-123');
Insert into SHRIYA_PROJECT.IMEI_INFO (IMEI,PRODUCT_NUMBER) values ('QV555AA','SPE-BUM-123');
Insert into SHRIYA_PROJECT.IMEI_INFO (IMEI,PRODUCT_NUMBER) values ('J2N80AA','SPE-BUM-123');
Insert into SHRIYA_PROJECT.IMEI_INFO (IMEI,PRODUCT_NUMBER) values ('J2N80AT','SPE-VEN-123');
Insert into SHRIYA_PROJECT.IMEI_INFO (IMEI,PRODUCT_NUMBER) values ('3CN12AA','SPE-VEN-123');
Insert into SHRIYA_PROJECT.IMEI_INFO (IMEI,PRODUCT_NUMBER) values ('3CN13AA','KEY-AVA-123');
Insert into SHRIYA_PROJECT.IMEI_INFO (IMEI,PRODUCT_NUMBER) values ('3CN13AT','KEY-AVA-123');
Insert into SHRIYA_PROJECT.IMEI_INFO (IMEI,PRODUCT_NUMBER) values ('2EZ54AA','KEY-RAG-123');
Insert into SHRIYA_PROJECT.IMEI_INFO (IMEI,PRODUCT_NUMBER) values ('2EZ54AT','KEY-RAG-123');
Insert into SHRIYA_PROJECT.IMEI_INFO (IMEI,PRODUCT_NUMBER) values ('2EZ55AA','KEY-YOD-123');
Insert into SHRIYA_PROJECT.IMEI_INFO (IMEI,PRODUCT_NUMBER) values ('2FU10AA','KEY-YOD-123');
Insert into SHRIYA_PROJECT.IMEI_INFO (IMEI,PRODUCT_NUMBER) values ('2FU10AT','MOU-SNI-123');
Insert into SHRIYA_PROJECT.IMEI_INFO (IMEI,PRODUCT_NUMBER) values ('2ST04UA','MOU-SNI-123');
Insert into SHRIYA_PROJECT.IMEI_INFO (IMEI,PRODUCT_NUMBER) values ('2UV44UA','MOU-SPY-123');
Insert into SHRIYA_PROJECT.IMEI_INFO (IMEI,PRODUCT_NUMBER) values ('V0C65UA','MOU-SPY-123');
Insert into SHRIYA_PROJECT.IMEI_INFO (IMEI,PRODUCT_NUMBER) values ('W5W64UA','MOU-GLA-123');
Insert into SHRIYA_PROJECT.IMEI_INFO (IMEI,PRODUCT_NUMBER) values ('X9S70EA','MOU-GLA-123');
Insert into SHRIYA_PROJECT.IMEI_INFO (IMEI,PRODUCT_NUMBER) values ('X9S71EA','LAP-PHO-123');
Insert into SHRIYA_PROJECT.IMEI_INFO (IMEI,PRODUCT_NUMBER) values ('C3G78AA','LAP-DRA-123');
Insert into SHRIYA_PROJECT.IMEI_INFO (IMEI,PRODUCT_NUMBER) values ('C3G78AT','LAP-ORC-123');
Insert into SHRIYA_PROJECT.IMEI_INFO (IMEI,PRODUCT_NUMBER) values ('C3G79AA','LAP-PHO-123');
Insert into SHRIYA_PROJECT.IMEI_INFO (IMEI,PRODUCT_NUMBER) values ('C3G80AA','LAP-DRA-123');
Insert into SHRIYA_PROJECT.IMEI_INFO (IMEI,PRODUCT_NUMBER) values ('C3G80AT','LAP-ORC-123');
Insert into SHRIYA_PROJECT.IMEI_INFO (IMEI,PRODUCT_NUMBER) values ('G4V27UA','LAP-PHO-123');
Insert into SHRIYA_PROJECT.IMEI_INFO (IMEI,PRODUCT_NUMBER) values ('G6F23AA','LAP-PHO-123');
Insert into SHRIYA_PROJECT.IMEI_INFO (IMEI,PRODUCT_NUMBER) values ('G6F28AA','LAP-PHO-123');
Insert into SHRIYA_PROJECT.IMEI_INFO (IMEI,PRODUCT_NUMBER) values ('G6F36AA','LAP-DRA-123');
Insert into SHRIYA_PROJECT.IMEI_INFO (IMEI,PRODUCT_NUMBER) values ('J0E31PC','LAP-DRA-123');
Insert into SHRIYA_PROJECT.IMEI_INFO (IMEI,PRODUCT_NUMBER) values ('J9A98EA','LAP-DRA-123');
Insert into SHRIYA_PROJECT.IMEI_INFO (IMEI,PRODUCT_NUMBER) values ('P0A20PC','LAP-ORC-123');
Insert into SHRIYA_PROJECT.IMEI_INFO (IMEI,PRODUCT_NUMBER) values ('W5Z10UA','LAP-ORC-123');
Insert into SHRIYA_PROJECT.IMEI_INFO (IMEI,PRODUCT_NUMBER) values ('2MV25PA','LAP-ORC-123');
Insert into SHRIYA_PROJECT.IMEI_INFO (IMEI,PRODUCT_NUMBER) values ('T7W57PS','MON-ASG-123');
Insert into SHRIYA_PROJECT.IMEI_INFO (IMEI,PRODUCT_NUMBER) values ('X0U35PA','MON-ASG-123');
Insert into SHRIYA_PROJECT.IMEI_INFO (IMEI,PRODUCT_NUMBER) values ('X0U47PA','MON-HOG-123');
Insert into SHRIYA_PROJECT.IMEI_INFO (IMEI,PRODUCT_NUMBER) values ('Y5H01PA','MON-HOG-123');
Insert into SHRIYA_PROJECT.IMEI_INFO (IMEI,PRODUCT_NUMBER) values ('Y6N68PA','MON-NAR-123');
Insert into SHRIYA_PROJECT.IMEI_INFO (IMEI,PRODUCT_NUMBER) values ('1FD83UP','MON-NAR-123');
Insert into SHRIYA_PROJECT.IMEI_INFO (IMEI,PRODUCT_NUMBER) values ('1HE11PC','MON-WIN-123');
Insert into SHRIYA_PROJECT.IMEI_INFO (IMEI,PRODUCT_NUMBER) values ('2RC38EAR','MON-WIN-123');
Insert into SHRIYA_PROJECT.IMEI_INFO (IMEI,PRODUCT_NUMBER) values ('P7K39UC','SPE-DOB-123');
Insert into SHRIYA_PROJECT.IMEI_INFO (IMEI,PRODUCT_NUMBER) values ('P7K43UC','SPE-DOB-123');
Insert into SHRIYA_PROJECT.IMEI_INFO (IMEI,PRODUCT_NUMBER) values ('P7K52UC','SPE-BUM-123');
Insert into SHRIYA_PROJECT.IMEI_INFO (IMEI,PRODUCT_NUMBER) values ('P7K53UC','SPE-BUM-123');
Insert into SHRIYA_PROJECT.IMEI_INFO (IMEI,PRODUCT_NUMBER) values ('X9S72EA','SPE-VEN-123');
Insert into SHRIYA_PROJECT.IMEI_INFO (IMEI,PRODUCT_NUMBER) values ('Z2H41UP','SPE-VEN-123');
Insert into SHRIYA_PROJECT.IMEI_INFO (IMEI,PRODUCT_NUMBER) values ('Z4Y96PA','KEY-AVA-123');
Insert into SHRIYA_PROJECT.IMEI_INFO (IMEI,PRODUCT_NUMBER) values ('Z4Z14PA','KEY-AVA-123');
Insert into SHRIYA_PROJECT.IMEI_INFO (IMEI,PRODUCT_NUMBER) values ('W5Y96UA','KEY-RAG-123');
Insert into SHRIYA_PROJECT.IMEI_INFO (IMEI,PRODUCT_NUMBER) values ('W5Z02UT','KEY-RAG-123');
Insert into SHRIYA_PROJECT.IMEI_INFO (IMEI,PRODUCT_NUMBER) values ('W5Z05UT','KEY-YOD-123');
Insert into SHRIYA_PROJECT.IMEI_INFO (IMEI,PRODUCT_NUMBER) values ('W5Z06UA','KEY-YOD-123');
Insert into SHRIYA_PROJECT.IMEI_INFO (IMEI,PRODUCT_NUMBER) values ('X4X17AA','MOU-SNI-123');
Insert into SHRIYA_PROJECT.IMEI_INFO (IMEI,PRODUCT_NUMBER) values ('X4X20AA','MOU-SNI-123');
Insert into SHRIYA_PROJECT.IMEI_INFO (IMEI,PRODUCT_NUMBER) values ('X4X22AA','MOU-SPY-123');
Insert into SHRIYA_PROJECT.IMEI_INFO (IMEI,PRODUCT_NUMBER) values ('Z4Y99PA','MOU-SPY-123');
Insert into SHRIYA_PROJECT.IMEI_INFO (IMEI,PRODUCT_NUMBER) values ('1VE63EC','MOU-GLA-123');
Insert into SHRIYA_PROJECT.IMEI_INFO (IMEI,PRODUCT_NUMBER) values ('P3S24AA','MOU-GLA-123');
Insert into SHRIYA_PROJECT.IMEI_INFO (IMEI,PRODUCT_NUMBER) values ('P3S25AA','LAP-PHO-123');
Insert into SHRIYA_PROJECT.IMEI_INFO (IMEI,PRODUCT_NUMBER) values ('P3S26AA','LAP-DRA-123');
Insert into SHRIYA_PROJECT.IMEI_INFO (IMEI,PRODUCT_NUMBER) values ('P7K54UC','LAP-ORC-123');
Insert into SHRIYA_PROJECT.IMEI_INFO (IMEI,PRODUCT_NUMBER) values ('V2V44UA','LAP-PHO-123');
Insert into SHRIYA_PROJECT.IMEI_INFO (IMEI,PRODUCT_NUMBER) values ('V2V44UT','LAP-DRA-123');
Insert into SHRIYA_PROJECT.IMEI_INFO (IMEI,PRODUCT_NUMBER) values ('X3X66PC','LAP-ORC-123');
Insert into SHRIYA_PROJECT.IMEI_INFO (IMEI,PRODUCT_NUMBER) values ('1CP06PA','LAP-PHO-123');
Insert into SHRIYA_PROJECT.IMEI_INFO (IMEI,PRODUCT_NUMBER) values ('1JE33PA','LAP-PHO-123');
Insert into SHRIYA_PROJECT.IMEI_INFO (IMEI,PRODUCT_NUMBER) values ('1YZ26ES','LAP-PHO-123');
Insert into SHRIYA_PROJECT.IMEI_INFO (IMEI,PRODUCT_NUMBER) values ('3CN12AT','LAP-DRA-123');
Insert into SHRIYA_PROJECT.IMEI_INFO (IMEI,PRODUCT_NUMBER) values ('M5R73AT','LAP-DRA-123');
Insert into SHRIYA_PROJECT.IMEI_INFO (IMEI,PRODUCT_NUMBER) values ('V2V52UT','LAP-DRA-123');
Insert into SHRIYA_PROJECT.IMEI_INFO (IMEI,PRODUCT_NUMBER) values ('B8L63AA','LAP-ORC-123');
Insert into SHRIYA_PROJECT.IMEI_INFO (IMEI,PRODUCT_NUMBER) values ('E4S29AA','LAP-ORC-123');
Insert into SHRIYA_PROJECT.IMEI_INFO (IMEI,PRODUCT_NUMBER) values ('G0X35AV','LAP-ORC-123');
Insert into SHRIYA_PROJECT.IMEI_INFO (IMEI,PRODUCT_NUMBER) values ('G9F02AA','MON-ASG-123');
Insert into SHRIYA_PROJECT.IMEI_INFO (IMEI,PRODUCT_NUMBER) values ('G9F08AT','MON-ASG-123');
Insert into SHRIYA_PROJECT.IMEI_INFO (IMEI,PRODUCT_NUMBER) values ('G9F14AA','MON-HOG-123');
Insert into SHRIYA_PROJECT.IMEI_INFO (IMEI,PRODUCT_NUMBER) values ('J0E17PS','MON-HOG-123');
Insert into SHRIYA_PROJECT.IMEI_INFO (IMEI,PRODUCT_NUMBER) values ('J6D57UA','MON-NAR-123');
Insert into SHRIYA_PROJECT.IMEI_INFO (IMEI,PRODUCT_NUMBER) values ('J9A90ET','MON-NAR-123');
Insert into SHRIYA_PROJECT.IMEI_INFO (IMEI,PRODUCT_NUMBER) values ('K4Z71UP','MON-WIN-123');
Insert into SHRIYA_PROJECT.IMEI_INFO (IMEI,PRODUCT_NUMBER) values ('L1D69UC','MON-WIN-123');
Insert into SHRIYA_PROJECT.IMEI_INFO (IMEI,PRODUCT_NUMBER) values ('T3V65PS','SPE-DOB-123');
Insert into SHRIYA_PROJECT.IMEI_INFO (IMEI,PRODUCT_NUMBER) values ('T4L67UA','SPE-DOB-123');
Insert into SHRIYA_PROJECT.IMEI_INFO (IMEI,PRODUCT_NUMBER) values ('W3T89PA','SPE-BUM-123');
Insert into SHRIYA_PROJECT.IMEI_INFO (IMEI,PRODUCT_NUMBER) values ('Y6Z02UT','SPE-BUM-123');
Insert into SHRIYA_PROJECT.IMEI_INFO (IMEI,PRODUCT_NUMBER) values ('F5A50AT','SPE-VEN-123');
Insert into SHRIYA_PROJECT.IMEI_INFO (IMEI,PRODUCT_NUMBER) values ('F5A54AT','SPE-VEN-123');
Insert into SHRIYA_PROJECT.IMEI_INFO (IMEI,PRODUCT_NUMBER) values ('H9R54EC','KEY-AVA-123');
Insert into SHRIYA_PROJECT.IMEI_INFO (IMEI,PRODUCT_NUMBER) values ('J9A54ES','KEY-AVA-123');
Insert into SHRIYA_PROJECT.IMEI_INFO (IMEI,PRODUCT_NUMBER) values ('K9G72PS','KEY-RAG-123');
Insert into SHRIYA_PROJECT.IMEI_INFO (IMEI,PRODUCT_NUMBER) values ('G6F27AA','KEY-RAG-123');
Insert into SHRIYA_PROJECT.IMEI_INFO (IMEI,PRODUCT_NUMBER) values ('T7W56PS','KEY-YOD-123');
Insert into SHRIYA_PROJECT.IMEI_INFO (IMEI,PRODUCT_NUMBER) values ('T7W60PS','KEY-YOD-123');
Insert into SHRIYA_PROJECT.IMEI_INFO (IMEI,PRODUCT_NUMBER) values ('Y5H03PA','MOU-SNI-123');
Insert into SHRIYA_PROJECT.IMEI_INFO (IMEI,PRODUCT_NUMBER) values ('1PX07PA','MOU-SNI-123');
Insert into SHRIYA_PROJECT.IMEI_INFO (IMEI,PRODUCT_NUMBER) values ('1YZ64ES','MOU-SPY-123');
Insert into SHRIYA_PROJECT.IMEI_INFO (IMEI,PRODUCT_NUMBER) values ('3BA74PA','MOU-SPY-123');
Insert into SHRIYA_PROJECT.IMEI_INFO (IMEI,PRODUCT_NUMBER) values ('X9S65EA','MOU-GLA-123');
Insert into SHRIYA_PROJECT.IMEI_INFO (IMEI,PRODUCT_NUMBER) values ('X9S77ES','MOU-GLA-123');
Insert into SHRIYA_PROJECT.IMEI_INFO (IMEI,PRODUCT_NUMBER) values ('X4X18AA','LAP-PHO-123');
Insert into SHRIYA_PROJECT.IMEI_INFO (IMEI,PRODUCT_NUMBER) values ('X4X19AA','LAP-DRA-123');
Insert into SHRIYA_PROJECT.IMEI_INFO (IMEI,PRODUCT_NUMBER) values ('X4X19AT','LAP-ORC-123');
Insert into SHRIYA_PROJECT.IMEI_INFO (IMEI,PRODUCT_NUMBER) values ('X4X21AA','LAP-PHO-123');


CREATE TABLE CUSTOMER(
Customer_id varchar2(10),
First_name varchar2(225) NOT NULL UNIQUE,
Last_name varchar2(225) NOT NULL,
Email varchar2(50) NOT NULL UNIQUE,
Phone_number varchar(20) NOT NULL,
Customer_onboarddate timestamp NOT NULL,
Sub_id varchar2(20),
PRIMARY KEY(Customer_id),
FOREIGN KEY (Sub_id) References SUBSCRIPTION(Sub_id) ON DELETE CASCADE
);



---insert statements for customer
Insert into SHRIYA_PROJECT.CUSTOMER(CUSTOMER_ID,FIRST_NAME,LAST_NAME,EMAIL,PHONE_NUMBER,CUSTOMER_ONBOARDDATE,SUB_ID) values ('CUST31','Rocco','Paul','RoccoPaul @gmail.com','(495) 527-4806',to_timestamp('21-MAY-18 12.00.00.000000000 AM','DD-MON-RR HH.MI.SSXFF AM'),'SUB02');
Insert into SHRIYA_PROJECT.CUSTOMER (CUSTOMER_ID,FIRST_NAME,LAST_NAME,EMAIL,PHONE_NUMBER,CUSTOMER_ONBOARDDATE,SUB_ID) values ('CUST32','Jaime','Cline','JaimeCline @gmail.com','(958) 207-6374',to_timestamp('06-JAN-18 12.00.00.000000000 AM','DD-MON-RR HH.MI.SSXFF AM'),'SUB02');
Insert into SHRIYA_PROJECT.CUSTOMER (CUSTOMER_ID,FIRST_NAME,LAST_NAME,EMAIL,PHONE_NUMBER,CUSTOMER_ONBOARDDATE,SUB_ID) values ('CUST33','Slade','Villegas','SladeVillegas @gmail.com','(845) 242-5724',to_timestamp('23-SEP-18 12.00.00.000000000 AM','DD-MON-RR HH.MI.SSXFF AM'),'SUB01');
Insert into SHRIYA_PROJECT.CUSTOMER (CUSTOMER_ID,FIRST_NAME,LAST_NAME,EMAIL,PHONE_NUMBER,CUSTOMER_ONBOARDDATE,SUB_ID) values ('CUST34','Jaelyn','Vaughn','JaelynVaughn @gmail.com','(655) 480-6883',to_timestamp('26-AUG-18 12.00.00.000000000 AM','DD-MON-RR HH.MI.SSXFF AM'),'SUB02');
Insert into SHRIYA_PROJECT.CUSTOMER (CUSTOMER_ID,FIRST_NAME,LAST_NAME,EMAIL,PHONE_NUMBER,CUSTOMER_ONBOARDDATE,SUB_ID) values ('CUST35','Caylee','Craig','CayleeCraig @gmail.com','(662) 431-0125',to_timestamp('17-OCT-18 12.00.00.000000000 AM','DD-MON-RR HH.MI.SSXFF AM'),'SUB02');
Insert into SHRIYA_PROJECT.CUSTOMER (CUSTOMER_ID,FIRST_NAME,LAST_NAME,EMAIL,PHONE_NUMBER,CUSTOMER_ONBOARDDATE,SUB_ID) values ('CUST36','Jaden','Koch','JadenKoch @gmail.com','(690) 326-0714',to_timestamp('22-MAY-18 12.00.00.000000000 AM','DD-MON-RR HH.MI.SSXFF AM'),'SUB04');
Insert into SHRIYA_PROJECT.CUSTOMER (CUSTOMER_ID,FIRST_NAME,LAST_NAME,EMAIL,PHONE_NUMBER,CUSTOMER_ONBOARDDATE,SUB_ID) values ('CUST37','Tyree','Ferguson','TyreeFerguson @gmail.com','(626) 847-3949',to_timestamp('22-MAY-18 12.00.00.000000000 AM','DD-MON-RR HH.MI.SSXFF AM'),'SUB04');
Insert into SHRIYA_PROJECT.CUSTOMER (CUSTOMER_ID,FIRST_NAME,LAST_NAME,EMAIL,PHONE_NUMBER,CUSTOMER_ONBOARDDATE,SUB_ID) values ('CUST38','Eli','Villarreal','EliVillarreal @gmail.com','(367) 833-2840',to_timestamp('15-APR-19 12.00.00.000000000 AM','DD-MON-RR HH.MI.SSXFF AM'),'SUB03');
Insert into SHRIYA_PROJECT.CUSTOMER (CUSTOMER_ID,FIRST_NAME,LAST_NAME,EMAIL,PHONE_NUMBER,CUSTOMER_ONBOARDDATE,SUB_ID) values ('CUST39','Izaiah','Wiley','IzaiahWiley @gmail.com','(494) 338-5495',to_timestamp('21-JUN-18 12.00.00.000000000 AM','DD-MON-RR HH.MI.SSXFF AM'),'SUB03');
Insert into SHRIYA_PROJECT.CUSTOMER (CUSTOMER_ID,FIRST_NAME,LAST_NAME,EMAIL,PHONE_NUMBER,CUSTOMER_ONBOARDDATE,SUB_ID) values ('CUST40','Skye','Suarez','SkyeSuarez @gmail.com','(522) 699-8592',to_timestamp('20-JUN-18 12.00.00.000000000 AM','DD-MON-RR HH.MI.SSXFF AM'),'SUB01');
Insert into SHRIYA_PROJECT.CUSTOMER (CUSTOMER_ID,FIRST_NAME,LAST_NAME,EMAIL,PHONE_NUMBER,CUSTOMER_ONBOARDDATE,SUB_ID) values ('CUST41','Max','Villanueva','MaxVillanueva @gmail.com','(283) 944-7488',to_timestamp('09-OCT-18 12.00.00.000000000 AM','DD-MON-RR HH.MI.SSXFF AM'),'SUB03');
Insert into SHRIYA_PROJECT.CUSTOMER (CUSTOMER_ID,FIRST_NAME,LAST_NAME,EMAIL,PHONE_NUMBER,CUSTOMER_ONBOARDDATE,SUB_ID) values ('CUST42','Frida','Boone','FridaBoone @gmail.com','(384) 611-7467',to_timestamp('15-OCT-18 12.00.00.000000000 AM','DD-MON-RR HH.MI.SSXFF AM'),'SUB03');
Insert into SHRIYA_PROJECT.CUSTOMER (CUSTOMER_ID,FIRST_NAME,LAST_NAME,EMAIL,PHONE_NUMBER,CUSTOMER_ONBOARDDATE,SUB_ID) values ('CUST43','Makayla','Bernard','MakaylaBernard @gmail.com','(885) 553-3459',to_timestamp('24-DEC-18 12.00.00.000000000 AM','DD-MON-RR HH.MI.SSXFF AM'),'SUB03');
Insert into SHRIYA_PROJECT.CUSTOMER (CUSTOMER_ID,FIRST_NAME,LAST_NAME,EMAIL,PHONE_NUMBER,CUSTOMER_ONBOARDDATE,SUB_ID) values ('CUST44','Norah','Garner','NorahGarner @gmail.com','(463) 561-6541',to_timestamp('27-DEC-18 12.00.00.000000000 AM','DD-MON-RR HH.MI.SSXFF AM'),'SUB03');
Insert into SHRIYA_PROJECT.CUSTOMER (CUSTOMER_ID,FIRST_NAME,LAST_NAME,EMAIL,PHONE_NUMBER,CUSTOMER_ONBOARDDATE,SUB_ID) values ('CUST45','Logan','Zimmerman','LoganZimmerman @gmail.com','(370) 452-0901',to_timestamp('22-JAN-19 12.00.00.000000000 AM','DD-MON-RR HH.MI.SSXFF AM'),'SUB01');
Insert into SHRIYA_PROJECT.CUSTOMER (CUSTOMER_ID,FIRST_NAME,LAST_NAME,EMAIL,PHONE_NUMBER,CUSTOMER_ONBOARDDATE,SUB_ID) values ('CUST46','Houston','Davenport','HoustonDavenport @gmail.com','(433) 411-0151',to_timestamp('22-JAN-19 12.00.00.000000000 AM','DD-MON-RR HH.MI.SSXFF AM'),'SUB03');
Insert into SHRIYA_PROJECT.CUSTOMER (CUSTOMER_ID,FIRST_NAME,LAST_NAME,EMAIL,PHONE_NUMBER,CUSTOMER_ONBOARDDATE,SUB_ID) values ('CUST47','Rachel','Serrano','RachelSerrano @gmail.com','(766) 210-9787',to_timestamp('07-MAR-19 12.00.00.000000000 AM','DD-MON-RR HH.MI.SSXFF AM'),'SUB03');
Insert into SHRIYA_PROJECT.CUSTOMER (CUSTOMER_ID,FIRST_NAME,LAST_NAME,EMAIL,PHONE_NUMBER,CUSTOMER_ONBOARDDATE,SUB_ID) values ('CUST48','Kaya','White','KayaWhite @gmail.com','(310) 622-7916',to_timestamp('25-MAR-19 12.00.00.000000000 AM','DD-MON-RR HH.MI.SSXFF AM'),'SUB01');
Insert into SHRIYA_PROJECT.CUSTOMER (CUSTOMER_ID,FIRST_NAME,LAST_NAME,EMAIL,PHONE_NUMBER,CUSTOMER_ONBOARDDATE,SUB_ID) values ('CUST49','Landin','Wilkerson','LandinWilkerson @gmail.com','(696) 596-4997',to_timestamp('27-MAR-19 12.00.00.000000000 AM','DD-MON-RR HH.MI.SSXFF AM'),'SUB03');
Insert into SHRIYA_PROJECT.CUSTOMER (CUSTOMER_ID,FIRST_NAME,LAST_NAME,EMAIL,PHONE_NUMBER,CUSTOMER_ONBOARDDATE,SUB_ID) values ('CUST50','Kathleen','Mayo','KathleenMayo @gmail.com','(387) 495-1458',to_timestamp('08-MAY-19 12.00.00.000000000 AM','DD-MON-RR HH.MI.SSXFF AM'),'SUB01');
Insert into SHRIYA_PROJECT.CUSTOMER (CUSTOMER_ID,FIRST_NAME,LAST_NAME,EMAIL,PHONE_NUMBER,CUSTOMER_ONBOARDDATE,SUB_ID) values ('CUST51','Rashad','Bowman','RashadBowman @gmail.com','(848) 986-3045',to_timestamp('18-JUL-19 12.00.00.000000000 AM','DD-MON-RR HH.MI.SSXFF AM'),'SUB03');
Insert into SHRIYA_PROJECT.CUSTOMER (CUSTOMER_ID,FIRST_NAME,LAST_NAME,EMAIL,PHONE_NUMBER,CUSTOMER_ONBOARDDATE,SUB_ID) values ('CUST52','Eliana','Vargas','ElianaVargas @gmail.com','(876) 475-5376',to_timestamp('18-JUL-19 12.00.00.000000000 AM','DD-MON-RR HH.MI.SSXFF AM'),'SUB03');
Insert into SHRIYA_PROJECT.CUSTOMER (CUSTOMER_ID,FIRST_NAME,LAST_NAME,EMAIL,PHONE_NUMBER,CUSTOMER_ONBOARDDATE,SUB_ID) values ('CUST53','Weston','Holland','WestonHolland @gmail.com','(594) 979-2349',to_timestamp('29-JUL-19 12.00.00.000000000 AM','DD-MON-RR HH.MI.SSXFF AM'),'SUB01');
Insert into SHRIYA_PROJECT.CUSTOMER (CUSTOMER_ID,FIRST_NAME,LAST_NAME,EMAIL,PHONE_NUMBER,CUSTOMER_ONBOARDDATE,SUB_ID) values ('CUST54','Manuel','Branch','ManuelBranch @gmail.com','(241) 213-3783',to_timestamp('06-AUG-19 12.00.00.000000000 AM','DD-MON-RR HH.MI.SSXFF AM'),'SUB03');
Insert into SHRIYA_PROJECT.CUSTOMER (CUSTOMER_ID,FIRST_NAME,LAST_NAME,EMAIL,PHONE_NUMBER,CUSTOMER_ONBOARDDATE,SUB_ID) values ('CUST55','Marilyn','Sellers','MarilynSellers @gmail.com','(826) 986-6202',to_timestamp('21-AUG-19 12.00.00.000000000 AM','DD-MON-RR HH.MI.SSXFF AM'),'SUB03');
Insert into SHRIYA_PROJECT.CUSTOMER (CUSTOMER_ID,FIRST_NAME,LAST_NAME,EMAIL,PHONE_NUMBER,CUSTOMER_ONBOARDDATE,SUB_ID) values ('CUST56','Deanna','Stewart','DeannaStewart @gmail.com','(805) 924-9757',to_timestamp('17-MAY-18 12.00.00.000000000 AM','DD-MON-RR HH.MI.SSXFF AM'),'SUB01');
Insert into SHRIYA_PROJECT.CUSTOMER (CUSTOMER_ID,FIRST_NAME,LAST_NAME,EMAIL,PHONE_NUMBER,CUSTOMER_ONBOARDDATE,SUB_ID) values ('CUST57','Dakota','Bryan','DakotaBryan @gmail.com','(880) 252-0160',to_timestamp('18-MAY-18 12.00.00.000000000 AM','DD-MON-RR HH.MI.SSXFF AM'),'SUB03');
Insert into SHRIYA_PROJECT.CUSTOMER (CUSTOMER_ID,FIRST_NAME,LAST_NAME,EMAIL,PHONE_NUMBER,CUSTOMER_ONBOARDDATE,SUB_ID) values ('CUST58','Joshua','Reyes','JoshuaReyes @gmail.com','(573) 944-5792',to_timestamp('19-MAY-18 12.00.00.000000000 AM','DD-MON-RR HH.MI.SSXFF AM'),'SUB03');
Insert into SHRIYA_PROJECT.CUSTOMER (CUSTOMER_ID,FIRST_NAME,LAST_NAME,EMAIL,PHONE_NUMBER,CUSTOMER_ONBOARDDATE,SUB_ID) values ('CUST59','Tate','Vaughan','TateVaughan @gmail.com','(204) 597-1883',to_timestamp('20-MAY-18 12.00.00.000000000 AM','DD-MON-RR HH.MI.SSXFF AM'),'SUB03');
Insert into SHRIYA_PROJECT.CUSTOMER (CUSTOMER_ID,FIRST_NAME,LAST_NAME,EMAIL,PHONE_NUMBER,CUSTOMER_ONBOARDDATE,SUB_ID) values ('CUST60','Averi','Coffey','AveriCoffey @gmail.com','(541) 473-8212',to_timestamp('21-MAY-18 12.00.00.000000000 AM','DD-MON-RR HH.MI.SSXFF AM'),'SUB03');
Insert into SHRIYA_PROJECT.CUSTOMER (CUSTOMER_ID,FIRST_NAME,LAST_NAME,EMAIL,PHONE_NUMBER,CUSTOMER_ONBOARDDATE,SUB_ID) values ('CUST01','William','Mcclain','WilliamMcclain @gmail.com','(612) 449-2570',to_timestamp('27-MAY-19 12.00.00.000000000 AM','DD-MON-RR HH.MI.SSXFF AM'),'SUB01');
Insert into SHRIYA_PROJECT.CUSTOMER (CUSTOMER_ID,FIRST_NAME,LAST_NAME,EMAIL,PHONE_NUMBER,CUSTOMER_ONBOARDDATE,SUB_ID) values ('CUST02','Fabian','Erickson','FabianErickson @gmail.com','(542) 523-0093',to_timestamp('12-MAY-18 12.00.00.000000000 AM','DD-MON-RR HH.MI.SSXFF AM'),'SUB01');
Insert into SHRIYA_PROJECT.CUSTOMER (CUSTOMER_ID,FIRST_NAME,LAST_NAME,EMAIL,PHONE_NUMBER,CUSTOMER_ONBOARDDATE,SUB_ID) values ('CUST03','Tripp','Haas','TrippHaas @gmail.com','(854) 391-3985',to_timestamp('23-OCT-18 12.00.00.000000000 AM','DD-MON-RR HH.MI.SSXFF AM'),'SUB01');
Insert into SHRIYA_PROJECT.CUSTOMER (CUSTOMER_ID,FIRST_NAME,LAST_NAME,EMAIL,PHONE_NUMBER,CUSTOMER_ONBOARDDATE,SUB_ID) values ('CUST04','Tara','Franco','TaraFranco @gmail.com','(980) 852-1716',to_timestamp('18-MAR-18 12.00.00.000000000 AM','DD-MON-RR HH.MI.SSXFF AM'),'SUB01');
Insert into SHRIYA_PROJECT.CUSTOMER (CUSTOMER_ID,FIRST_NAME,LAST_NAME,EMAIL,PHONE_NUMBER,CUSTOMER_ONBOARDDATE,SUB_ID) values ('CUST05','Kenyon','Bradley','KenyonBradley @gmail.com','(420) 298-1217',to_timestamp('21-MAR-18 12.00.00.000000000 AM','DD-MON-RR HH.MI.SSXFF AM'),'SUB01');
Insert into SHRIYA_PROJECT.CUSTOMER (CUSTOMER_ID,FIRST_NAME,LAST_NAME,EMAIL,PHONE_NUMBER,CUSTOMER_ONBOARDDATE,SUB_ID) values ('CUST06','Dayanara','Braun','DayanaraBraun @gmail.com','(630) 676-6153',to_timestamp('18-JAN-18 12.00.00.000000000 AM','DD-MON-RR HH.MI.SSXFF AM'),'SUB01');
Insert into SHRIYA_PROJECT.CUSTOMER (CUSTOMER_ID,FIRST_NAME,LAST_NAME,EMAIL,PHONE_NUMBER,CUSTOMER_ONBOARDDATE,SUB_ID) values ('CUST07','Elliana','Phillips','EllianaPhillips @gmail.com','(871) 799-3337',to_timestamp('29-NOV-18 12.00.00.000000000 AM','DD-MON-RR HH.MI.SSXFF AM'),'SUB01');
Insert into SHRIYA_PROJECT.CUSTOMER (CUSTOMER_ID,FIRST_NAME,LAST_NAME,EMAIL,PHONE_NUMBER,CUSTOMER_ONBOARDDATE,SUB_ID) values ('CUST08','Sarai','Rogers','SaraiRogers @gmail.com','(430) 759-5451',to_timestamp('13-FEB-19 12.00.00.000000000 AM','DD-MON-RR HH.MI.SSXFF AM'),'SUB01');
Insert into SHRIYA_PROJECT.CUSTOMER (CUSTOMER_ID,FIRST_NAME,LAST_NAME,EMAIL,PHONE_NUMBER,CUSTOMER_ONBOARDDATE,SUB_ID) values ('CUST09','Anne','Holt','AnneHolt @gmail.com','(918) 379-5666',to_timestamp('28-DEC-18 12.00.00.000000000 AM','DD-MON-RR HH.MI.SSXFF AM'),'SUB01');
Insert into SHRIYA_PROJECT.CUSTOMER (CUSTOMER_ID,FIRST_NAME,LAST_NAME,EMAIL,PHONE_NUMBER,CUSTOMER_ONBOARDDATE,SUB_ID) values ('CUST10','Kasey','Murillo','KaseyMurillo @gmail.com','(541) 445-7944',to_timestamp('03-MAY-18 12.00.00.000000000 AM','DD-MON-RR HH.MI.SSXFF AM'),'SUB02');
Insert into SHRIYA_PROJECT.CUSTOMER (CUSTOMER_ID,FIRST_NAME,LAST_NAME,EMAIL,PHONE_NUMBER,CUSTOMER_ONBOARDDATE,SUB_ID) values ('CUST11','Gilbert','Marks','GilbertMarks @gmail.com','(428) 678-3661',to_timestamp('26-DEC-17 12.00.00.000000000 AM','DD-MON-RR HH.MI.SSXFF AM'),'SUB01');
Insert into SHRIYA_PROJECT.CUSTOMER (CUSTOMER_ID,FIRST_NAME,LAST_NAME,EMAIL,PHONE_NUMBER,CUSTOMER_ONBOARDDATE,SUB_ID) values ('CUST12','Xavier','Martin','XavierMartin @gmail.com','(227) 296-2772',to_timestamp('03-OCT-18 12.00.00.000000000 AM','DD-MON-RR HH.MI.SSXFF AM'),'SUB01');
Insert into SHRIYA_PROJECT.CUSTOMER (CUSTOMER_ID,FIRST_NAME,LAST_NAME,EMAIL,PHONE_NUMBER,CUSTOMER_ONBOARDDATE,SUB_ID) values ('CUST13','Travis','Krause','TravisKrause @gmail.com','(928) 663-7282',to_timestamp('17-JUN-18 12.00.00.000000000 AM','DD-MON-RR HH.MI.SSXFF AM'),'SUB02');
Insert into SHRIYA_PROJECT.CUSTOMER (CUSTOMER_ID,FIRST_NAME,LAST_NAME,EMAIL,PHONE_NUMBER,CUSTOMER_ONBOARDDATE,SUB_ID) values ('CUST14','Jadiel','Dodson','JadielDodson @gmail.com','(206) 746-9273',to_timestamp('07-AUG-18 12.00.00.000000000 AM','DD-MON-RR HH.MI.SSXFF AM'),'SUB02');
Insert into SHRIYA_PROJECT.CUSTOMER (CUSTOMER_ID,FIRST_NAME,LAST_NAME,EMAIL,PHONE_NUMBER,CUSTOMER_ONBOARDDATE,SUB_ID) values ('CUST15','Julio','Schroeder','JulioSchroeder @gmail.com','(595) 572-1919',to_timestamp('08-APR-18 12.00.00.000000000 AM','DD-MON-RR HH.MI.SSXFF AM'),'SUB02');
Insert into SHRIYA_PROJECT.CUSTOMER (CUSTOMER_ID,FIRST_NAME,LAST_NAME,EMAIL,PHONE_NUMBER,CUSTOMER_ONBOARDDATE,SUB_ID) values ('CUST16','Dayton','Fischer','DaytonFischer @gmail.com','(705) 975-7890',to_timestamp('17-SEP-18 12.00.00.000000000 AM','DD-MON-RR HH.MI.SSXFF AM'),'SUB02');
Insert into SHRIYA_PROJECT.CUSTOMER (CUSTOMER_ID,FIRST_NAME,LAST_NAME,EMAIL,PHONE_NUMBER,CUSTOMER_ONBOARDDATE,SUB_ID) values ('CUST17','Paige','Little','PaigeLittle @gmail.com','(720) 543-3077',to_timestamp('14-JAN-19 12.00.00.000000000 AM','DD-MON-RR HH.MI.SSXFF AM'),'SUB02');
Insert into SHRIYA_PROJECT.CUSTOMER (CUSTOMER_ID,FIRST_NAME,LAST_NAME,EMAIL,PHONE_NUMBER,CUSTOMER_ONBOARDDATE,SUB_ID) values ('CUST18','Kai','Medina','KaiMedina @gmail.com','(841) 513-6986',to_timestamp('25-JUN-18 12.00.00.000000000 AM','DD-MON-RR HH.MI.SSXFF AM'),'SUB02');
Insert into SHRIYA_PROJECT.CUSTOMER (CUSTOMER_ID,FIRST_NAME,LAST_NAME,EMAIL,PHONE_NUMBER,CUSTOMER_ONBOARDDATE,SUB_ID) values ('CUST19','Molly','Roberson','MollyRoberson @gmail.com','(447) 407-9220',to_timestamp('13-NOV-18 12.00.00.000000000 AM','DD-MON-RR HH.MI.SSXFF AM'),'SUB02');
Insert into SHRIYA_PROJECT.CUSTOMER (CUSTOMER_ID,FIRST_NAME,LAST_NAME,EMAIL,PHONE_NUMBER,CUSTOMER_ONBOARDDATE,SUB_ID) values ('CUST20','Alondra','Ballard','AlondraBallard @gmail.com','(940) 667-6734',to_timestamp('01-NOV-18 12.00.00.000000000 AM','DD-MON-RR HH.MI.SSXFF AM'),'SUB02');
Insert into SHRIYA_PROJECT.CUSTOMER (CUSTOMER_ID,FIRST_NAME,LAST_NAME,EMAIL,PHONE_NUMBER,CUSTOMER_ONBOARDDATE,SUB_ID) values ('CUST21','Matthias','Lin','MatthiasLin @gmail.com','(289) 848-9724',to_timestamp('31-OCT-18 12.00.00.000000000 AM','DD-MON-RR HH.MI.SSXFF AM'),'SUB02');
Insert into SHRIYA_PROJECT.CUSTOMER (CUSTOMER_ID,FIRST_NAME,LAST_NAME,EMAIL,PHONE_NUMBER,CUSTOMER_ONBOARDDATE,SUB_ID) values ('CUST22','Jalen','Mitchell','JalenMitchell @gmail.com','(512) 325-7675',to_timestamp('01-APR-18 12.00.00.000000000 AM','DD-MON-RR HH.MI.SSXFF AM'),'SUB02');
Insert into SHRIYA_PROJECT.CUSTOMER (CUSTOMER_ID,FIRST_NAME,LAST_NAME,EMAIL,PHONE_NUMBER,CUSTOMER_ONBOARDDATE,SUB_ID) values ('CUST23','Jaylon','Wiley','JaylonWiley @gmail.com','(912) 758-8558',to_timestamp('09-OCT-18 12.00.00.000000000 AM','DD-MON-RR HH.MI.SSXFF AM'),'SUB01');
Insert into SHRIYA_PROJECT.CUSTOMER (CUSTOMER_ID,FIRST_NAME,LAST_NAME,EMAIL,PHONE_NUMBER,CUSTOMER_ONBOARDDATE,SUB_ID) values ('CUST24','Jamal','Long','JamalLong @gmail.com','(480) 855-0149',to_timestamp('20-JUN-18 12.00.00.000000000 AM','DD-MON-RR HH.MI.SSXFF AM'),'SUB02');
Insert into SHRIYA_PROJECT.CUSTOMER (CUSTOMER_ID,FIRST_NAME,LAST_NAME,EMAIL,PHONE_NUMBER,CUSTOMER_ONBOARDDATE,SUB_ID) values ('CUST25','Lila','Jenkins','LilaJenkins @gmail.com','(323) 210-3038',to_timestamp('13-DEC-18 12.00.00.000000000 AM','DD-MON-RR HH.MI.SSXFF AM'),'SUB01');
Insert into SHRIYA_PROJECT.CUSTOMER (CUSTOMER_ID,FIRST_NAME,LAST_NAME,EMAIL,PHONE_NUMBER,CUSTOMER_ONBOARDDATE,SUB_ID) values ('CUST26','Ayaan','Zhang','AyaanZhang @gmail.com','(887) 674-6523',to_timestamp('30-JAN-19 12.00.00.000000000 AM','DD-MON-RR HH.MI.SSXFF AM'),'SUB02');
Insert into SHRIYA_PROJECT.CUSTOMER (CUSTOMER_ID,FIRST_NAME,LAST_NAME,EMAIL,PHONE_NUMBER,CUSTOMER_ONBOARDDATE,SUB_ID) values ('CUST27','Kobe','Barron','KobeBarron @gmail.com','(263) 842-6471',to_timestamp('29-JAN-19 12.00.00.000000000 AM','DD-MON-RR HH.MI.SSXFF AM'),'SUB02');
Insert into SHRIYA_PROJECT.CUSTOMER (CUSTOMER_ID,FIRST_NAME,LAST_NAME,EMAIL,PHONE_NUMBER,CUSTOMER_ONBOARDDATE,SUB_ID) values ('CUST28','Skyler','Gomez','SkylerGomez @gmail.com','(811) 827-1489',to_timestamp('31-JAN-18 12.00.00.000000000 AM','DD-MON-RR HH.MI.SSXFF AM'),'SUB01');
Insert into SHRIYA_PROJECT.CUSTOMER (CUSTOMER_ID,FIRST_NAME,LAST_NAME,EMAIL,PHONE_NUMBER,CUSTOMER_ONBOARDDATE,SUB_ID) values ('CUST29','Sanai','Mullins','SanaiMullins @gmail.com','(650) 413-9496',to_timestamp('11-FEB-18 12.00.00.000000000 AM','DD-MON-RR HH.MI.SSXFF AM'),'SUB02');
Insert into SHRIYA_PROJECT.CUSTOMER (CUSTOMER_ID,FIRST_NAME,LAST_NAME,EMAIL,PHONE_NUMBER,CUSTOMER_ONBOARDDATE,SUB_ID) values ('CUST30','Isabela','Cobb','IsabelaCobb @gmail.com','(955) 620-9886',to_timestamp('15-OCT-18 12.00.00.000000000 AM','DD-MON-RR HH.MI.SSXFF AM'),'SUB02');


CREATE TABLE CUSTOMER_ADDRESS(
Customer_id varchar2(10),
Address_type varchar2(200) NOT NULL,
Address_1 varchar2(255) NOT NULL,
Address_2 varchar2(255) ,
City varchar2(255) NOT NULL,
State_code varchar2(6),
Country varchar(65) NOT NULL,
Zip number(10) NOT NULL,
FOREIGN KEY (Customer_id) References CUSTOMER(Customer_id) ON DELETE CASCADE,
FOREIGN KEY (State_code) References GEO_DETAILS(State_code) ON DELETE CASCADE
);

---insert statements for customer_address
Insert into SHRIYA_PROJECT.CUSTOMER_ADDRESS (CUSTOMER_ID,ADDRESS_TYPE,ADDRESS_1,ADDRESS_2,CITY,STATE_CODE,COUNTRY,ZIP) values ('CUST01','HOME','67 Valley Farms St','Apt 544','Piedmont','SC','USA',29673);
Insert into SHRIYA_PROJECT.CUSTOMER_ADDRESS (CUSTOMER_ID,ADDRESS_TYPE,ADDRESS_1,ADDRESS_2,CITY,STATE_CODE,COUNTRY,ZIP) values ('CUST02','HOME','37 Roosevelt St',null,'Danbury','CT','USA',6810);
Insert into SHRIYA_PROJECT.CUSTOMER_ADDRESS (CUSTOMER_ID,ADDRESS_TYPE,ADDRESS_1,ADDRESS_2,CITY,STATE_CODE,COUNTRY,ZIP) values ('CUST03','HOME','647 SE Hamilton St','Apt 227','Hilliard','OH','USA',43026);
Insert into SHRIYA_PROJECT.CUSTOMER_ADDRESS (CUSTOMER_ID,ADDRESS_TYPE,ADDRESS_1,ADDRESS_2,CITY,STATE_CODE,COUNTRY,ZIP) values ('CUST04','HOME','18 S Wood Ave',null,'Iowa City','IA','USA',52240);
Insert into SHRIYA_PROJECT.CUSTOMER_ADDRESS (CUSTOMER_ID,ADDRESS_TYPE,ADDRESS_1,ADDRESS_2,CITY,STATE_CODE,COUNTRY,ZIP) values ('CUST05','HOME','8187 W Elmwood Road','Apt 420','High Point','NC','USA',27265);
Insert into SHRIYA_PROJECT.CUSTOMER_ADDRESS (CUSTOMER_ID,ADDRESS_TYPE,ADDRESS_1,ADDRESS_2,CITY,STATE_CODE,COUNTRY,ZIP) values ('CUST06','HOME','212 Manhattan Street',null,'East Haven','CT','USA',6512);
Insert into SHRIYA_PROJECT.CUSTOMER_ADDRESS (CUSTOMER_ID,ADDRESS_TYPE,ADDRESS_1,ADDRESS_2,CITY,STATE_CODE,COUNTRY,ZIP) values ('CUST07','HOME','9806 Bay Drive',null,'Wheeling','WV','USA',26003);
Insert into SHRIYA_PROJECT.CUSTOMER_ADDRESS (CUSTOMER_ID,ADDRESS_TYPE,ADDRESS_1,ADDRESS_2,CITY,STATE_CODE,COUNTRY,ZIP) values ('CUST08','WORK','9894 Applegate Drive',null,'Miami','FL','USA',33125);
Insert into SHRIYA_PROJECT.CUSTOMER_ADDRESS (CUSTOMER_ID,ADDRESS_TYPE,ADDRESS_1,ADDRESS_2,CITY,STATE_CODE,COUNTRY,ZIP) values ('CUST09','WORK','9605 Bridge St','Apt 661','Benton Harbor','MI','USA',49022);
Insert into SHRIYA_PROJECT.CUSTOMER_ADDRESS (CUSTOMER_ID,ADDRESS_TYPE,ADDRESS_1,ADDRESS_2,CITY,STATE_CODE,COUNTRY,ZIP) values ('CUST10','WORK','440 High Noon St','Apt 705','Douglasville','GA','USA',30134);
Insert into SHRIYA_PROJECT.CUSTOMER_ADDRESS (CUSTOMER_ID,ADDRESS_TYPE,ADDRESS_1,ADDRESS_2,CITY,STATE_CODE,COUNTRY,ZIP) values ('CUST11','WORK','259 Heritage St',null,'Sidney','OH','USA',45365);
Insert into SHRIYA_PROJECT.CUSTOMER_ADDRESS (CUSTOMER_ID,ADDRESS_TYPE,ADDRESS_1,ADDRESS_2,CITY,STATE_CODE,COUNTRY,ZIP) values ('CUST12','WORK','67 Vernon Drive','Apt 334','Kalamazoo','MI','USA',49009);
Insert into SHRIYA_PROJECT.CUSTOMER_ADDRESS (CUSTOMER_ID,ADDRESS_TYPE,ADDRESS_1,ADDRESS_2,CITY,STATE_CODE,COUNTRY,ZIP) values ('CUST13','WORK','361 Railroad Ave',null,'Norristown','PA','USA',19401);
Insert into SHRIYA_PROJECT.CUSTOMER_ADDRESS (CUSTOMER_ID,ADDRESS_TYPE,ADDRESS_1,ADDRESS_2,CITY,STATE_CODE,COUNTRY,ZIP) values ('CUST14','WORK','711 Edgewater St','2nd Lane ',' Jenison','MI','USA',49428);
Insert into SHRIYA_PROJECT.CUSTOMER_ADDRESS (CUSTOMER_ID,ADDRESS_TYPE,ADDRESS_1,ADDRESS_2,CITY,STATE_CODE,COUNTRY,ZIP) values ('CUST15','WORK','1 Greystone Dr',null,'Warminster','PA','USA',18974);
Insert into SHRIYA_PROJECT.CUSTOMER_ADDRESS (CUSTOMER_ID,ADDRESS_TYPE,ADDRESS_1,ADDRESS_2,CITY,STATE_CODE,COUNTRY,ZIP) values ('CUST16','HOME','888 Fawn St','Apt 603','Glenside','PA','USA',19038);
Insert into SHRIYA_PROJECT.CUSTOMER_ADDRESS (CUSTOMER_ID,ADDRESS_TYPE,ADDRESS_1,ADDRESS_2,CITY,STATE_CODE,COUNTRY,ZIP) values ('CUST17','HOME','72 Depot Dr',null,'Bedford','OH','USA',44146);
Insert into SHRIYA_PROJECT.CUSTOMER_ADDRESS (CUSTOMER_ID,ADDRESS_TYPE,ADDRESS_1,ADDRESS_2,CITY,STATE_CODE,COUNTRY,ZIP) values ('CUST18','HOME','36 Grandrose Rd','Sue street','Shirley','NY','USA',11967);
Insert into SHRIYA_PROJECT.CUSTOMER_ADDRESS (CUSTOMER_ID,ADDRESS_TYPE,ADDRESS_1,ADDRESS_2,CITY,STATE_CODE,COUNTRY,ZIP) values ('CUST19','HOME','9 Roosevelt Court','Cam road','Aiken','SC','USA',29803);
Insert into SHRIYA_PROJECT.CUSTOMER_ADDRESS (CUSTOMER_ID,ADDRESS_TYPE,ADDRESS_1,ADDRESS_2,CITY,STATE_CODE,COUNTRY,ZIP) values ('CUST20','HOME','743 Cherry Ave',null,'Ossining','NY','USA',10562);
Insert into SHRIYA_PROJECT.CUSTOMER_ADDRESS (CUSTOMER_ID,ADDRESS_TYPE,ADDRESS_1,ADDRESS_2,CITY,STATE_CODE,COUNTRY,ZIP) values ('CUST21','HOME','592 Vine Dr','Apt 211','Middleton','WI','USA',53562);
Insert into SHRIYA_PROJECT.CUSTOMER_ADDRESS (CUSTOMER_ID,ADDRESS_TYPE,ADDRESS_1,ADDRESS_2,CITY,STATE_CODE,COUNTRY,ZIP) values ('CUST22','HOME','249 Walnutwood Street',null,'Melbourne','FL','USA',32904);
Insert into SHRIYA_PROJECT.CUSTOMER_ADDRESS (CUSTOMER_ID,ADDRESS_TYPE,ADDRESS_1,ADDRESS_2,CITY,STATE_CODE,COUNTRY,ZIP) values ('CUST23','WORK','548 Amherst St',null,'Rosedale','NY','USA',11422);
Insert into SHRIYA_PROJECT.CUSTOMER_ADDRESS (CUSTOMER_ID,ADDRESS_TYPE,ADDRESS_1,ADDRESS_2,CITY,STATE_CODE,COUNTRY,ZIP) values ('CUST24','WORK','515 West Beacon St','Gaul Lane','Stone Mountain','GA','USA',30083);
Insert into SHRIYA_PROJECT.CUSTOMER_ADDRESS (CUSTOMER_ID,ADDRESS_TYPE,ADDRESS_1,ADDRESS_2,CITY,STATE_CODE,COUNTRY,ZIP) values ('CUST25','WORK','740 Blue Spring Street',null,'Newington','CT','USA',6111);
Insert into SHRIYA_PROJECT.CUSTOMER_ADDRESS (CUSTOMER_ID,ADDRESS_TYPE,ADDRESS_1,ADDRESS_2,CITY,STATE_CODE,COUNTRY,ZIP) values ('CUST26','WORK','29 Fordham Lane','Apt 112','Basking Ridge','NJ','USA',7920);
Insert into SHRIYA_PROJECT.CUSTOMER_ADDRESS (CUSTOMER_ID,ADDRESS_TYPE,ADDRESS_1,ADDRESS_2,CITY,STATE_CODE,COUNTRY,ZIP) values ('CUST27','WORK','353 Wood Road',null,'Atwater','CA','USA',95301);
Insert into SHRIYA_PROJECT.CUSTOMER_ADDRESS (CUSTOMER_ID,ADDRESS_TYPE,ADDRESS_1,ADDRESS_2,CITY,STATE_CODE,COUNTRY,ZIP) values ('CUST28','WORK','640 S Greenrose Street',null,'Marysville','OH','USA',43040);
Insert into SHRIYA_PROJECT.CUSTOMER_ADDRESS (CUSTOMER_ID,ADDRESS_TYPE,ADDRESS_1,ADDRESS_2,CITY,STATE_CODE,COUNTRY,ZIP) values ('CUST29','WORK','7456 Third Drive','Flox street','Eau Claire','WI','USA',54701);
Insert into SHRIYA_PROJECT.CUSTOMER_ADDRESS (CUSTOMER_ID,ADDRESS_TYPE,ADDRESS_1,ADDRESS_2,CITY,STATE_CODE,COUNTRY,ZIP) values ('CUST30','WORK','876 Santa Clara Drive',null,'East Hartford','CT','USA',6118);
Insert into SHRIYA_PROJECT.CUSTOMER_ADDRESS (CUSTOMER_ID,ADDRESS_TYPE,ADDRESS_1,ADDRESS_2,CITY,STATE_CODE,COUNTRY,ZIP) values ('CUST31','HOME','7198 Sherwood Ave','Apt 336','Marquette','MI','USA',49855);
Insert into SHRIYA_PROJECT.CUSTOMER_ADDRESS (CUSTOMER_ID,ADDRESS_TYPE,ADDRESS_1,ADDRESS_2,CITY,STATE_CODE,COUNTRY,ZIP) values ('CUST32','HOME','8725 Harrison Lane',null,'Greenfield','IN','USA',46140);
Insert into SHRIYA_PROJECT.CUSTOMER_ADDRESS (CUSTOMER_ID,ADDRESS_TYPE,ADDRESS_1,ADDRESS_2,CITY,STATE_CODE,COUNTRY,ZIP) values ('CUST33','HOME','26 North Wentworth Court','Apt blooms','Lumberton','NC','USA',28358);
Insert into SHRIYA_PROJECT.CUSTOMER_ADDRESS (CUSTOMER_ID,ADDRESS_TYPE,ADDRESS_1,ADDRESS_2,CITY,STATE_CODE,COUNTRY,ZIP) values ('CUST34','HOME','9317 Virginia Street',null,'Natchez','MS','USA',39120);
Insert into SHRIYA_PROJECT.CUSTOMER_ADDRESS (CUSTOMER_ID,ADDRESS_TYPE,ADDRESS_1,ADDRESS_2,CITY,STATE_CODE,COUNTRY,ZIP) values ('CUST35','HOME','7 Sulphur Springs Road',null,'Hillsboro','OR','USA',97124);
Insert into SHRIYA_PROJECT.CUSTOMER_ADDRESS (CUSTOMER_ID,ADDRESS_TYPE,ADDRESS_1,ADDRESS_2,CITY,STATE_CODE,COUNTRY,ZIP) values ('CUST36','HOME','9665 Andover St','Dox road','Xenia','OH','USA',45385);
Insert into SHRIYA_PROJECT.CUSTOMER_ADDRESS (CUSTOMER_ID,ADDRESS_TYPE,ADDRESS_1,ADDRESS_2,CITY,STATE_CODE,COUNTRY,ZIP) values ('CUST37','HOME','42 Marconi Dr',null,'Fairfield','CT','USA',6824);
Insert into SHRIYA_PROJECT.CUSTOMER_ADDRESS (CUSTOMER_ID,ADDRESS_TYPE,ADDRESS_1,ADDRESS_2,CITY,STATE_CODE,COUNTRY,ZIP) values ('CUST38','WORK','9355 Border Dr','Arlington Avenue','Auburndale','FL','USA',33823);
Insert into SHRIYA_PROJECT.CUSTOMER_ADDRESS (CUSTOMER_ID,ADDRESS_TYPE,ADDRESS_1,ADDRESS_2,CITY,STATE_CODE,COUNTRY,ZIP) values ('CUST39','WORK','829 Lawrence Rd',null,'Roslindale','MA','USA',2131);
Insert into SHRIYA_PROJECT.CUSTOMER_ADDRESS (CUSTOMER_ID,ADDRESS_TYPE,ADDRESS_1,ADDRESS_2,CITY,STATE_CODE,COUNTRY,ZIP) values ('CUST40','WORK','7699 Rockville Rd',null,'Tuscaloosa','AK','USA',35405);
Insert into SHRIYA_PROJECT.CUSTOMER_ADDRESS (CUSTOMER_ID,ADDRESS_TYPE,ADDRESS_1,ADDRESS_2,CITY,STATE_CODE,COUNTRY,ZIP) values ('CUST41','WORK','42 South Meadowbrook Street','Apt 555','Richardson','TX','USA',75080);
Insert into SHRIYA_PROJECT.CUSTOMER_ADDRESS (CUSTOMER_ID,ADDRESS_TYPE,ADDRESS_1,ADDRESS_2,CITY,STATE_CODE,COUNTRY,ZIP) values ('CUST42','WORK','62 Pennington Street',null,'Winter Haven','FL','USA',33880);
Insert into SHRIYA_PROJECT.CUSTOMER_ADDRESS (CUSTOMER_ID,ADDRESS_TYPE,ADDRESS_1,ADDRESS_2,CITY,STATE_CODE,COUNTRY,ZIP) values ('CUST43','WORK','321 Brookside St',null,'Anaheim','CA','USA',92806);
Insert into SHRIYA_PROJECT.CUSTOMER_ADDRESS (CUSTOMER_ID,ADDRESS_TYPE,ADDRESS_1,ADDRESS_2,CITY,STATE_CODE,COUNTRY,ZIP) values ('CUST44','WORK','8210 Delaware St','Cottage Street','New Britain','CT','USA',6051);
Insert into SHRIYA_PROJECT.CUSTOMER_ADDRESS (CUSTOMER_ID,ADDRESS_TYPE,ADDRESS_1,ADDRESS_2,CITY,STATE_CODE,COUNTRY,ZIP) values ('CUST45','WORK','648 Greenrose Avenue',null,'Highland Park','IL','USA',60035);
Insert into SHRIYA_PROJECT.CUSTOMER_ADDRESS (CUSTOMER_ID,ADDRESS_TYPE,ADDRESS_1,ADDRESS_2,CITY,STATE_CODE,COUNTRY,ZIP) values ('CUST46','HOME','42 Meadowbrook Rd',null,'Lake Villa','IL','USA',60046);
Insert into SHRIYA_PROJECT.CUSTOMER_ADDRESS (CUSTOMER_ID,ADDRESS_TYPE,ADDRESS_1,ADDRESS_2,CITY,STATE_CODE,COUNTRY,ZIP) values ('CUST47','HOME','94 Princeton St','Apt 229','Des Plaines','IL','USA',60016);
Insert into SHRIYA_PROJECT.CUSTOMER_ADDRESS (CUSTOMER_ID,ADDRESS_TYPE,ADDRESS_1,ADDRESS_2,CITY,STATE_CODE,COUNTRY,ZIP) values ('CUST48','HOME','5 NE Fairview Dr',null,'Columbia','MD','USA',21044);
Insert into SHRIYA_PROJECT.CUSTOMER_ADDRESS (CUSTOMER_ID,ADDRESS_TYPE,ADDRESS_1,ADDRESS_2,CITY,STATE_CODE,COUNTRY,ZIP) values ('CUST49','HOME','4 Overlook St',null,'Lombard','IL','USA',60148);
Insert into SHRIYA_PROJECT.CUSTOMER_ADDRESS (CUSTOMER_ID,ADDRESS_TYPE,ADDRESS_1,ADDRESS_2,CITY,STATE_CODE,COUNTRY,ZIP) values ('CUST50','HOME','6 Creekside Street','Apt no 2','Cornelius','NC','USA',28031);
Insert into SHRIYA_PROJECT.CUSTOMER_ADDRESS (CUSTOMER_ID,ADDRESS_TYPE,ADDRESS_1,ADDRESS_2,CITY,STATE_CODE,COUNTRY,ZIP) values ('CUST51','HOME','914 3rd St',null,'Reno','NV','USA',89523);
Insert into SHRIYA_PROJECT.CUSTOMER_ADDRESS (CUSTOMER_ID,ADDRESS_TYPE,ADDRESS_1,ADDRESS_2,CITY,STATE_CODE,COUNTRY,ZIP) values ('CUST52','HOME','118 Iroquois Dr',null,'Somerset','NJ','USA',8873);
Insert into SHRIYA_PROJECT.CUSTOMER_ADDRESS (CUSTOMER_ID,ADDRESS_TYPE,ADDRESS_1,ADDRESS_2,CITY,STATE_CODE,COUNTRY,ZIP) values ('CUST53','WORK','344 Rock Creek Road','White Street','New Port Richey','FL','USA',34653);
Insert into SHRIYA_PROJECT.CUSTOMER_ADDRESS (CUSTOMER_ID,ADDRESS_TYPE,ADDRESS_1,ADDRESS_2,CITY,STATE_CODE,COUNTRY,ZIP) values ('CUST54','WORK','710 Redwood St',null,'Sugar Land','TX','USA',77478);

CREATE TABLE CASE_DETAILS(
Case_id varchar2(10),
Open_date Timestamp NOT NULL,
Close_date Timestamp ,
Part_id varchar2(20),
IMEI varchar2(25),
Case_subject varchar2(250),
Customer_id varchar2(6),
State_code varchar2(25),
Issue_type varchar2(200) ,
employee_id varchar2(25),
PRIMARY KEY(Case_id),
FOREIGN KEY(Part_id) References PARTS(Part_id) ON DELETE CASCADE,
FOREIGN KEY(IMEI) References IMEI_INFO(IMEI) ON DELETE CASCADE,
FOREIGN KEY(Customer_id) References CUSTOMER(Customer_id) ON DELETE CASCADE,
FOREIGN KEY(State_code) References GEO_DETAILS(State_code) ON DELETE CASCADE
);
--- insert statements for case_details
Insert into SHRIYA_PROJECT.CASE_DETAILS (CASE_ID,OPEN_DATE,CLOSE_DATE,PART_ID,IMEI,CASE_SUBJECT,CUSTOMER_ID,STATE_CODE,ISSUE_TYPE,EMPLOYEE_ID) values ('CASE48',to_timestamp('24-MAR-20 12.00.00.000000000 AM','DD-MON-RR HH.MI.SSXFF AM'),to_timestamp('26-MAR-20 12.00.00.000000000 AM','DD-MON-RR HH.MI.SSXFF AM'),null,'P0A20PC','ANTIVURS INSTALLATION','CUST48','MD','ANTIVIRUS','EMP44');
Insert into SHRIYA_PROJECT.CASE_DETAILS (CASE_ID,OPEN_DATE,CLOSE_DATE,PART_ID,IMEI,CASE_SUBJECT,CUSTOMER_ID,STATE_CODE,ISSUE_TYPE,EMPLOYEE_ID) values ('CASE49',to_timestamp('26-MAR-20 12.00.00.000000000 AM','DD-MON-RR HH.MI.SSXFF AM'),to_timestamp('29-MAR-20 12.00.00.000000000 AM','DD-MON-RR HH.MI.SSXFF AM'),null,'W5Z10UA','LAPTOP IS CORRUPTED ','CUST49','IL','CORRUPTED','EMP43');
Insert into SHRIYA_PROJECT.CASE_DETAILS (CASE_ID,OPEN_DATE,CLOSE_DATE,PART_ID,IMEI,CASE_SUBJECT,CUSTOMER_ID,STATE_CODE,ISSUE_TYPE,EMPLOYEE_ID) values ('CASE50',to_timestamp('13-MAY-20 12.00.00.000000000 AM','DD-MON-RR HH.MI.SSXFF AM'),to_timestamp('07-MAY-20 12.00.00.000000000 AM','DD-MON-RR HH.MI.SSXFF AM'),null,'2MV25PA','AUDIO DOESNT WORK RIGHT','CUST50','NC','AUDIO CLARITY ','EMP18');
Insert into SHRIYA_PROJECT.CASE_DETAILS (CASE_ID,OPEN_DATE,CLOSE_DATE,PART_ID,IMEI,CASE_SUBJECT,CUSTOMER_ID,STATE_CODE,ISSUE_TYPE,EMPLOYEE_ID) values ('CASE51',to_timestamp('17-JUL-20 12.00.00.000000000 AM','DD-MON-RR HH.MI.SSXFF AM'),to_timestamp('23-JUL-20 12.00.00.000000000 AM','DD-MON-RR HH.MI.SSXFF AM'),'PART_34','T7W57PS','MONITOR HAS BLACK SCREEN','CUST51','NV','BLACK SCREEN','EMP24');
Insert into SHRIYA_PROJECT.CASE_DETAILS (CASE_ID,OPEN_DATE,CLOSE_DATE,PART_ID,IMEI,CASE_SUBJECT,CUSTOMER_ID,STATE_CODE,ISSUE_TYPE,EMPLOYEE_ID) values ('CASE52',to_timestamp('17-JUL-20 12.00.00.000000000 AM','DD-MON-RR HH.MI.SSXFF AM'),to_timestamp('22-JUL-20 12.00.00.000000000 AM','DD-MON-RR HH.MI.SSXFF AM'),'PART_17','X0U35PA','MONITOR''S STAND IS BROKEN','CUST52','NJ','BROKEN STAND','EMP22');
Insert into SHRIYA_PROJECT.CASE_DETAILS (CASE_ID,OPEN_DATE,CLOSE_DATE,PART_ID,IMEI,CASE_SUBJECT,CUSTOMER_ID,STATE_CODE,ISSUE_TYPE,EMPLOYEE_ID) values ('CASE53',to_timestamp('28-JUL-20 12.00.00.000000000 AM','DD-MON-RR HH.MI.SSXFF AM'),to_timestamp('03-AUG-20 12.00.00.000000000 AM','DD-MON-RR HH.MI.SSXFF AM'),'PART_33','X0U47PA','MONITOR HAS VERTICAL LINES','CUST53','FL','BLACK/VERTICAL LINES','EMP23');
Insert into SHRIYA_PROJECT.CASE_DETAILS (CASE_ID,OPEN_DATE,CLOSE_DATE,PART_ID,IMEI,CASE_SUBJECT,CUSTOMER_ID,STATE_CODE,ISSUE_TYPE,EMPLOYEE_ID) values ('CASE54',to_timestamp('05-AUG-20 12.00.00.000000000 AM','DD-MON-RR HH.MI.SSXFF AM'),to_timestamp('10-AUG-20 12.00.00.000000000 AM','DD-MON-RR HH.MI.SSXFF AM'),'PART_18','Y5H01PA','MONITOR''S STAND IS BROKEN','CUST54','TX','BROKEN STAND','EMP21');
Insert into SHRIYA_PROJECT.CASE_DETAILS (CASE_ID,OPEN_DATE,CLOSE_DATE,PART_ID,IMEI,CASE_SUBJECT,CUSTOMER_ID,STATE_CODE,ISSUE_TYPE,EMPLOYEE_ID) values ('CASE55',to_timestamp('20-AUG-20 12.00.00.000000000 AM','DD-MON-RR HH.MI.SSXFF AM'),to_timestamp('25-AUG-20 12.00.00.000000000 AM','DD-MON-RR HH.MI.SSXFF AM'),'PART_18','Y6N68PA','MONITOR''S STAND IS BROKEN','CUST55','MI','BROKEN STAND','EMP22');
Insert into SHRIYA_PROJECT.CASE_DETAILS (CASE_ID,OPEN_DATE,CLOSE_DATE,PART_ID,IMEI,CASE_SUBJECT,CUSTOMER_ID,STATE_CODE,ISSUE_TYPE,EMPLOYEE_ID) values ('CASE56',to_timestamp('17-MAY-19 12.00.00.000000000 AM','DD-MON-RR HH.MI.SSXFF AM'),to_timestamp('22-MAY-19 12.00.00.000000000 AM','DD-MON-RR HH.MI.SSXFF AM'),'PART_33','1FD83UP','MONITOR DISPLAY HAS A CRACK','CUST56','MS','DISPLAY CRACK','EMP24');
Insert into SHRIYA_PROJECT.CASE_DETAILS (CASE_ID,OPEN_DATE,CLOSE_DATE,PART_ID,IMEI,CASE_SUBJECT,CUSTOMER_ID,STATE_CODE,ISSUE_TYPE,EMPLOYEE_ID) values ('CASE57',to_timestamp('29-AUG-19 12.00.00.000000000 AM','DD-MON-RR HH.MI.SSXFF AM'),null,null,'LG142AA','OS PERFORMANCE IS LOW','CUST01','SC','OS PERFORMANCE ISSUE','EMP41');
Insert into SHRIYA_PROJECT.CASE_DETAILS (CASE_ID,OPEN_DATE,CLOSE_DATE,PART_ID,IMEI,CASE_SUBJECT,CUSTOMER_ID,STATE_CODE,ISSUE_TYPE,EMPLOYEE_ID) values ('CASE58',to_timestamp('26-SEP-19 12.00.00.000000000 AM','DD-MON-RR HH.MI.SSXFF AM'),null,null,'B3D81AA','REMOVING TERRAFORM','CUST02','CT','UNINSTALL 3RD PARTY APPS','EMP42');
Insert into SHRIYA_PROJECT.CASE_DETAILS (CASE_ID,OPEN_DATE,CLOSE_DATE,PART_ID,IMEI,CASE_SUBJECT,CUSTOMER_ID,STATE_CODE,ISSUE_TYPE,EMPLOYEE_ID) values ('CASE59',to_timestamp('26-SEP-19 12.00.00.000000000 AM','DD-MON-RR HH.MI.SSXFF AM'),null,null,'K5H78PS','LAPTOP DOES NOT BOOT UP PROPERLY','CUST03','OH','BOOTUP ISSUES','EMP43');
Insert into SHRIYA_PROJECT.CASE_DETAILS (CASE_ID,OPEN_DATE,CLOSE_DATE,PART_ID,IMEI,CASE_SUBJECT,CUSTOMER_ID,STATE_CODE,ISSUE_TYPE,EMPLOYEE_ID) values ('CASE60',to_timestamp('27-SEP-19 12.00.00.000000000 AM','DD-MON-RR HH.MI.SSXFF AM'),null,'PART_34','NL166PC','MONITOR DISPLAY HAS A CRACK','CUST15','PA','DISPLAY CRACK','EMP22');
Insert into SHRIYA_PROJECT.CASE_DETAILS (CASE_ID,OPEN_DATE,CLOSE_DATE,PART_ID,IMEI,CASE_SUBJECT,CUSTOMER_ID,STATE_CODE,ISSUE_TYPE,EMPLOYEE_ID) values ('CASE01',to_timestamp('26-MAY-20 12.00.00.000000000 AM','DD-MON-RR HH.MI.SSXFF AM'),null,'PART_1','LG142AA','PHOENIX LAPTOP HAS BATTERY ISSUE','CUST01','SC','BATTERY BLOAT','EMP15');
Insert into SHRIYA_PROJECT.CASE_DETAILS (CASE_ID,OPEN_DATE,CLOSE_DATE,PART_ID,IMEI,CASE_SUBJECT,CUSTOMER_ID,STATE_CODE,ISSUE_TYPE,EMPLOYEE_ID) values ('CASE02',to_timestamp('12-MAY-19 12.00.00.000000000 AM','DD-MON-RR HH.MI.SSXFF AM'),null,'PART_4','B3D81AA','PHOENIX LAPTOP HAS CRACKED DISPLAY','CUST02','CT','BLUE LINE','EMP14');
Insert into SHRIYA_PROJECT.CASE_DETAILS (CASE_ID,OPEN_DATE,CLOSE_DATE,PART_ID,IMEI,CASE_SUBJECT,CUSTOMER_ID,STATE_CODE,ISSUE_TYPE,EMPLOYEE_ID) values ('CASE03',to_timestamp('23-OCT-19 12.00.00.000000000 AM','DD-MON-RR HH.MI.SSXFF AM'),null,'PART_7','K5H78PS','PHOENIX LAPTOP HAS BAD AUDIO QUALITY','CUST01','SC','SPEAKER AUDIO QUALITY','EMP50');
Insert into SHRIYA_PROJECT.CASE_DETAILS (CASE_ID,OPEN_DATE,CLOSE_DATE,PART_ID,IMEI,CASE_SUBJECT,CUSTOMER_ID,STATE_CODE,ISSUE_TYPE,EMPLOYEE_ID) values ('CASE04',to_timestamp('18-MAR-19 12.00.00.000000000 AM','DD-MON-RR HH.MI.SSXFF AM'),to_timestamp('23-MAR-19 12.00.00.000000000 AM','DD-MON-RR HH.MI.SSXFF AM'),'PART_2','P6D69AA','DRAGONFLY LAPTOP HAS HIGH BATTERY TEMPERATURE','CUST04','IA','BATTERY TEMPERATURE','EMP15');
Insert into SHRIYA_PROJECT.CASE_DETAILS (CASE_ID,OPEN_DATE,CLOSE_DATE,PART_ID,IMEI,CASE_SUBJECT,CUSTOMER_ID,STATE_CODE,ISSUE_TYPE,EMPLOYEE_ID) values ('CASE05',to_timestamp('21-MAR-19 12.00.00.000000000 AM','DD-MON-RR HH.MI.SSXFF AM'),to_timestamp('21-MAR-19 12.00.00.000000000 AM','DD-MON-RR HH.MI.SSXFF AM'),'PART_5','K5H79PS','DRAGONFLY LAPTOP HAS A FROZEN SCREEN','CUST05','NC','FROZEN SCREEN','EMP50');
Insert into SHRIYA_PROJECT.CASE_DETAILS (CASE_ID,OPEN_DATE,CLOSE_DATE,PART_ID,IMEI,CASE_SUBJECT,CUSTOMER_ID,STATE_CODE,ISSUE_TYPE,EMPLOYEE_ID) values ('CASE06',to_timestamp('18-JAN-19 12.00.00.000000000 AM','DD-MON-RR HH.MI.SSXFF AM'),to_timestamp('19-JAN-19 12.00.00.000000000 AM','DD-MON-RR HH.MI.SSXFF AM'),'PART_2','PU896AT','DRAGONFLY LAPTOP HAS A BLOWN SPEAKER','CUST06','CT','BLOWN SPEAKER','EMP20');
Insert into SHRIYA_PROJECT.CASE_DETAILS (CASE_ID,OPEN_DATE,CLOSE_DATE,PART_ID,IMEI,CASE_SUBJECT,CUSTOMER_ID,STATE_CODE,ISSUE_TYPE,EMPLOYEE_ID) values ('CASE07',to_timestamp('29-NOV-19 12.00.00.000000000 AM','DD-MON-RR HH.MI.SSXFF AM'),null,'PART_3','RK271AT','ORCHARD LAPTOP HAS S BATTERY LEAK','CUST07','WV','BATTERY LEAK','EMP15');
Insert into SHRIYA_PROJECT.CASE_DETAILS (CASE_ID,OPEN_DATE,CLOSE_DATE,PART_ID,IMEI,CASE_SUBJECT,CUSTOMER_ID,STATE_CODE,ISSUE_TYPE,EMPLOYEE_ID) values ('CASE08',to_timestamp('13-FEB-20 12.00.00.000000000 AM','DD-MON-RR HH.MI.SSXFF AM'),to_timestamp('14-FEB-20 12.00.00.000000000 AM','DD-MON-RR HH.MI.SSXFF AM'),'PART_6','PY356AA','ORCHARD LAPTOP HAS A WHITE SCREEN','CUST08','FL','WHITE SCREEN','EMP20');
Insert into SHRIYA_PROJECT.CASE_DETAILS (CASE_ID,OPEN_DATE,CLOSE_DATE,PART_ID,IMEI,CASE_SUBJECT,CUSTOMER_ID,STATE_CODE,ISSUE_TYPE,EMPLOYEE_ID) values ('CASE09',to_timestamp('28-DEC-19 12.00.00.000000000 AM','DD-MON-RR HH.MI.SSXFF AM'),to_timestamp('28-DEC-19 12.00.00.000000000 AM','DD-MON-RR HH.MI.SSXFF AM'),'PART_9','RK270AA','ORCHARD LAPTOP HAS HIGH NOISE IN SPEAKER','CUST09','MI','SPEAKER AUDIO QUALITY','EMP14');
Insert into SHRIYA_PROJECT.CASE_DETAILS (CASE_ID,OPEN_DATE,CLOSE_DATE,PART_ID,IMEI,CASE_SUBJECT,CUSTOMER_ID,STATE_CODE,ISSUE_TYPE,EMPLOYEE_ID) values ('CASE10',to_timestamp('04-APR-19 12.00.00.000000000 AM','DD-MON-RR HH.MI.SSXFF AM'),to_timestamp('07-MAY-19 12.00.00.000000000 AM','DD-MON-RR HH.MI.SSXFF AM'),'PART_1','RK270AT','MONITOR HAS VERTICAL LINES','CUST10','GA','BLACK/VERTICAL LINES','EMP21');
Insert into SHRIYA_PROJECT.CASE_DETAILS (CASE_ID,OPEN_DATE,CLOSE_DATE,PART_ID,IMEI,CASE_SUBJECT,CUSTOMER_ID,STATE_CODE,ISSUE_TYPE,EMPLOYEE_ID) values ('CASE11',to_timestamp('27-DEC-18 12.00.00.000000000 AM','DD-MON-RR HH.MI.SSXFF AM'),to_timestamp('30-NOV-18 12.00.00.000000000 AM','DD-MON-RR HH.MI.SSXFF AM'),'PART_17','EG839AA','MONITOR IS FALLING ON ONE SIDE','CUST11','OH','BROKEN STAND','EMP22');
Insert into SHRIYA_PROJECT.CASE_DETAILS (CASE_ID,OPEN_DATE,CLOSE_DATE,PART_ID,IMEI,CASE_SUBJECT,CUSTOMER_ID,STATE_CODE,ISSUE_TYPE,EMPLOYEE_ID) values ('CASE12',to_timestamp('04-OCT-19 12.00.00.000000000 AM','DD-MON-RR HH.MI.SSXFF AM'),to_timestamp('07-SEP-19 12.00.00.000000000 AM','DD-MON-RR HH.MI.SSXFF AM'),'PART_18','EG839AT','MONITOR HAS BLACK SCREEN','CUST12','MI','BLACK/VERTICAL LINES','EMP23');
Insert into SHRIYA_PROJECT.CASE_DETAILS (CASE_ID,OPEN_DATE,CLOSE_DATE,PART_ID,IMEI,CASE_SUBJECT,CUSTOMER_ID,STATE_CODE,ISSUE_TYPE,EMPLOYEE_ID) values ('CASE13',to_timestamp('18-JUN-19 12.00.00.000000000 AM','DD-MON-RR HH.MI.SSXFF AM'),to_timestamp('21-MAY-19 12.00.00.000000000 AM','DD-MON-RR HH.MI.SSXFF AM'),'PART_19','EG840AA','MONITOR''S STAND IS BROKEN','CUST13','PA','BROKEN STAND','EMP24');
Insert into SHRIYA_PROJECT.CASE_DETAILS (CASE_ID,OPEN_DATE,CLOSE_DATE,PART_ID,IMEI,CASE_SUBJECT,CUSTOMER_ID,STATE_CODE,ISSUE_TYPE,EMPLOYEE_ID) values ('CASE14',to_timestamp('08-AUG-19 12.00.00.000000000 AM','DD-MON-RR HH.MI.SSXFF AM'),to_timestamp('11-JUL-19 12.00.00.000000000 AM','DD-MON-RR HH.MI.SSXFF AM'),'PART_20','FH376AA','MONITOR''S STAND IS BROKEN','CUST14','MI','BROKEN STAND','EMP21');
Insert into SHRIYA_PROJECT.CASE_DETAILS (CASE_ID,OPEN_DATE,CLOSE_DATE,PART_ID,IMEI,CASE_SUBJECT,CUSTOMER_ID,STATE_CODE,ISSUE_TYPE,EMPLOYEE_ID) values ('CASE15',to_timestamp('09-APR-19 12.00.00.000000000 AM','DD-MON-RR HH.MI.SSXFF AM'),to_timestamp('12-MAR-19 12.00.00.000000000 AM','DD-MON-RR HH.MI.SSXFF AM'),'PART_17','GY227AA','MONITOR HAS BLACK SCREEN','CUST12','MI','BLACK/VERTICAL LINES','EMP22');
Insert into SHRIYA_PROJECT.CASE_DETAILS (CASE_ID,OPEN_DATE,CLOSE_DATE,PART_ID,IMEI,CASE_SUBJECT,CUSTOMER_ID,STATE_CODE,ISSUE_TYPE,EMPLOYEE_ID) values ('CASE16',to_timestamp('18-SEP-19 12.00.00.000000000 AM','DD-MON-RR HH.MI.SSXFF AM'),to_timestamp('21-AUG-19 12.00.00.000000000 AM','DD-MON-RR HH.MI.SSXFF AM'),'PART_18','NL166PC','MONITOR''S STAND IS BROKEN','CUST16','PA','BROKEN STAND','EMP23');
Insert into SHRIYA_PROJECT.CASE_DETAILS (CASE_ID,OPEN_DATE,CLOSE_DATE,PART_ID,IMEI,CASE_SUBJECT,CUSTOMER_ID,STATE_CODE,ISSUE_TYPE,EMPLOYEE_ID) values ('CASE17',to_timestamp('15-JAN-20 12.00.00.000000000 AM','DD-MON-RR HH.MI.SSXFF AM'),to_timestamp('16-JAN-20 12.00.00.000000000 AM','DD-MON-RR HH.MI.SSXFF AM'),'PART_19','BM461AW','MONITOR HAS VERTICAL LINES','CUST17','OH','BLACK/VERTICAL LINES','EMP24');
Insert into SHRIYA_PROJECT.CASE_DETAILS (CASE_ID,OPEN_DATE,CLOSE_DATE,PART_ID,IMEI,CASE_SUBJECT,CUSTOMER_ID,STATE_CODE,ISSUE_TYPE,EMPLOYEE_ID) values ('CASE18',to_timestamp('26-JUN-19 12.00.00.000000000 AM','DD-MON-RR HH.MI.SSXFF AM'),to_timestamp('29-MAY-19 12.00.00.000000000 AM','DD-MON-RR HH.MI.SSXFF AM'),'PART_21','6NT16AAE','SPEAKER''S POWER BUTTON IS NOT RESPONDING ','CUST18','NY','UNRESPONSIVE','EMP26');
Insert into SHRIYA_PROJECT.CASE_DETAILS (CASE_ID,OPEN_DATE,CLOSE_DATE,PART_ID,IMEI,CASE_SUBJECT,CUSTOMER_ID,STATE_CODE,ISSUE_TYPE,EMPLOYEE_ID) values ('CASE19',to_timestamp('13-NOV-19 12.00.00.000000000 AM','DD-MON-RR HH.MI.SSXFF AM'),to_timestamp('18-NOV-19 12.00.00.000000000 AM','DD-MON-RR HH.MI.SSXFF AM'),'PART_22','NU713PC','SPEAKER IS NOT WORKING','CUST19','SC','CONNECTIVITY ISSUE','EMP27');
Insert into SHRIYA_PROJECT.CASE_DETAILS (CASE_ID,OPEN_DATE,CLOSE_DATE,PART_ID,IMEI,CASE_SUBJECT,CUSTOMER_ID,STATE_CODE,ISSUE_TYPE,EMPLOYEE_ID) values ('CASE20',to_timestamp('01-NOV-19 12.00.00.000000000 AM','DD-MON-RR HH.MI.SSXFF AM'),null,'PART_23','QV555AA','BLUETOOTH IS GETTING DISCONNECTED','CUST20','NY','CONNECTIVITY ISSUE','EMP28');
Insert into SHRIYA_PROJECT.CASE_DETAILS (CASE_ID,OPEN_DATE,CLOSE_DATE,PART_ID,IMEI,CASE_SUBJECT,CUSTOMER_ID,STATE_CODE,ISSUE_TYPE,EMPLOYEE_ID) values ('CASE21',to_timestamp('31-OCT-19 12.00.00.000000000 AM','DD-MON-RR HH.MI.SSXFF AM'),to_timestamp('03-NOV-19 12.00.00.000000000 AM','DD-MON-RR HH.MI.SSXFF AM'),'PART_23','J2N80AA','NOT ABLE TO CONNECT','CUST21','WI','CONNECTIVITY ISSUE','EMP29');
Insert into SHRIYA_PROJECT.CASE_DETAILS (CASE_ID,OPEN_DATE,CLOSE_DATE,PART_ID,IMEI,CASE_SUBJECT,CUSTOMER_ID,STATE_CODE,ISSUE_TYPE,EMPLOYEE_ID) values ('CASE22',to_timestamp('01-APR-19 12.00.00.000000000 AM','DD-MON-RR HH.MI.SSXFF AM'),to_timestamp('04-APR-19 12.00.00.000000000 AM','DD-MON-RR HH.MI.SSXFF AM'),'PART_24','J2N80AT','SPEAKER IS NOT WORKING','CUST22','FL','BROKEN OR DISTORTED SOUND','EMP26');
Insert into SHRIYA_PROJECT.CASE_DETAILS (CASE_ID,OPEN_DATE,CLOSE_DATE,PART_ID,IMEI,CASE_SUBJECT,CUSTOMER_ID,STATE_CODE,ISSUE_TYPE,EMPLOYEE_ID) values ('CASE23',to_timestamp('09-OCT-19 12.00.00.000000000 AM','DD-MON-RR HH.MI.SSXFF AM'),to_timestamp('13-OCT-19 12.00.00.000000000 AM','DD-MON-RR HH.MI.SSXFF AM'),'PART_24','3CN12AA','AUDIO DOESNT WORK RIGHT','CUST23','NY','VOLUME MODULATING','EMP28');
Insert into SHRIYA_PROJECT.CASE_DETAILS (CASE_ID,OPEN_DATE,CLOSE_DATE,PART_ID,IMEI,CASE_SUBJECT,CUSTOMER_ID,STATE_CODE,ISSUE_TYPE,EMPLOYEE_ID) values ('CASE24',to_timestamp('20-JUN-19 12.00.00.000000000 AM','DD-MON-RR HH.MI.SSXFF AM'),to_timestamp('24-JUN-19 12.00.00.000000000 AM','DD-MON-RR HH.MI.SSXFF AM'),'PART_25','3CN13AA','KEYPRESS IS UNRESPONSIVE','CUST24','GA','UNRESPONSIVE','EMP38');
Insert into SHRIYA_PROJECT.CASE_DETAILS (CASE_ID,OPEN_DATE,CLOSE_DATE,PART_ID,IMEI,CASE_SUBJECT,CUSTOMER_ID,STATE_CODE,ISSUE_TYPE,EMPLOYEE_ID) values ('CASE25',to_timestamp('13-DEC-19 12.00.00.000000000 AM','DD-MON-RR HH.MI.SSXFF AM'),to_timestamp('17-DEC-19 12.00.00.000000000 AM','DD-MON-RR HH.MI.SSXFF AM'),'PART_25','3CN13AT','KEY TURNS ON BUT DOESNT FUCNTION','CUST25','CT','UNRESPONSIVE','EMP36');
Insert into SHRIYA_PROJECT.CASE_DETAILS (CASE_ID,OPEN_DATE,CLOSE_DATE,PART_ID,IMEI,CASE_SUBJECT,CUSTOMER_ID,STATE_CODE,ISSUE_TYPE,EMPLOYEE_ID) values ('CASE26',to_timestamp('30-JAN-20 12.00.00.000000000 AM','DD-MON-RR HH.MI.SSXFF AM'),to_timestamp('03-FEB-20 12.00.00.000000000 AM','DD-MON-RR HH.MI.SSXFF AM'),'PART_26','2EZ54AA','SPECIFIC KEY ENTRY DOESNT WORK','CUST26','NJ','HARD PRESS','EMP39');
Insert into SHRIYA_PROJECT.CASE_DETAILS (CASE_ID,OPEN_DATE,CLOSE_DATE,PART_ID,IMEI,CASE_SUBJECT,CUSTOMER_ID,STATE_CODE,ISSUE_TYPE,EMPLOYEE_ID) values ('CASE27',to_timestamp('29-JAN-20 12.00.00.000000000 AM','DD-MON-RR HH.MI.SSXFF AM'),null,'PART_26','2EZ54AT','KEY PRESS DOESNT TAKE VALUE','CUST27','CA','LAG','EMP37');
Insert into SHRIYA_PROJECT.CASE_DETAILS (CASE_ID,OPEN_DATE,CLOSE_DATE,PART_ID,IMEI,CASE_SUBJECT,CUSTOMER_ID,STATE_CODE,ISSUE_TYPE,EMPLOYEE_ID) values ('CASE28',to_timestamp('31-JAN-19 12.00.00.000000000 AM','DD-MON-RR HH.MI.SSXFF AM'),to_timestamp('05-FEB-19 12.00.00.000000000 AM','DD-MON-RR HH.MI.SSXFF AM'),'PART_27','2EZ55AA','YODA KEY PRESS IS UNRESPONSIVE','CUST28','OH','UNRESPONSIVE','EMP36');
Insert into SHRIYA_PROJECT.CASE_DETAILS (CASE_ID,OPEN_DATE,CLOSE_DATE,PART_ID,IMEI,CASE_SUBJECT,CUSTOMER_ID,STATE_CODE,ISSUE_TYPE,EMPLOYEE_ID) values ('CASE29',to_timestamp('11-FEB-19 12.00.00.000000000 AM','DD-MON-RR HH.MI.SSXFF AM'),to_timestamp('16-FEB-19 12.00.00.000000000 AM','DD-MON-RR HH.MI.SSXFF AM'),'PART_27','2FU10AA','KEYBOARD DOESN''T WORK','CUST29','WI','UNRESPONSIVE','EMP37');
Insert into SHRIYA_PROJECT.CASE_DETAILS (CASE_ID,OPEN_DATE,CLOSE_DATE,PART_ID,IMEI,CASE_SUBJECT,CUSTOMER_ID,STATE_CODE,ISSUE_TYPE,EMPLOYEE_ID) values ('CASE30',to_timestamp('15-OCT-19 12.00.00.000000000 AM','DD-MON-RR HH.MI.SSXFF AM'),to_timestamp('20-OCT-19 12.00.00.000000000 AM','DD-MON-RR HH.MI.SSXFF AM'),'PART_31','2FU10AT','SNIPER MOUSE DOESN''T WORK','CUST30','CT','UNRESPONSIVE RECEIVER','EMP33');
Insert into SHRIYA_PROJECT.CASE_DETAILS (CASE_ID,OPEN_DATE,CLOSE_DATE,PART_ID,IMEI,CASE_SUBJECT,CUSTOMER_ID,STATE_CODE,ISSUE_TYPE,EMPLOYEE_ID) values ('CASE31',to_timestamp('21-MAY-19 12.00.00.000000000 AM','DD-MON-RR HH.MI.SSXFF AM'),to_timestamp('26-MAY-19 12.00.00.000000000 AM','DD-MON-RR HH.MI.SSXFF AM'),'PART_32','2ST04UA','SPYDER MOUSE BUTTON ISSUE','CUST31','MI','UNRESPONSIVE BUTTONS','EMP35');
Insert into SHRIYA_PROJECT.CASE_DETAILS (CASE_ID,OPEN_DATE,CLOSE_DATE,PART_ID,IMEI,CASE_SUBJECT,CUSTOMER_ID,STATE_CODE,ISSUE_TYPE,EMPLOYEE_ID) values ('CASE32',to_timestamp('06-JAN-19 12.00.00.000000000 AM','DD-MON-RR HH.MI.SSXFF AM'),to_timestamp('11-JAN-19 12.00.00.000000000 AM','DD-MON-RR HH.MI.SSXFF AM'),'PART_30','2UV44UA','SPYDER MOUSE TRANSMITTER ISSUE','CUST32','IN','TRANSMITTER ISSUE','EMP34');
Insert into SHRIYA_PROJECT.CASE_DETAILS (CASE_ID,OPEN_DATE,CLOSE_DATE,PART_ID,IMEI,CASE_SUBJECT,CUSTOMER_ID,STATE_CODE,ISSUE_TYPE,EMPLOYEE_ID) values ('CASE33',to_timestamp('23-SEP-19 12.00.00.000000000 AM','DD-MON-RR HH.MI.SSXFF AM'),to_timestamp('28-SEP-19 12.00.00.000000000 AM','DD-MON-RR HH.MI.SSXFF AM'),'PART_32','V0C65UA','SPYDER MOUSE BUTTON ISSUE','CUST33','NC','UNRESPONSIVE BUTTONS','EMP35');
Insert into SHRIYA_PROJECT.CASE_DETAILS (CASE_ID,OPEN_DATE,CLOSE_DATE,PART_ID,IMEI,CASE_SUBJECT,CUSTOMER_ID,STATE_CODE,ISSUE_TYPE,EMPLOYEE_ID) values ('CASE34',to_timestamp('26-AUG-19 12.00.00.000000000 AM','DD-MON-RR HH.MI.SSXFF AM'),to_timestamp('01-SEP-19 12.00.00.000000000 AM','DD-MON-RR HH.MI.SSXFF AM'),'PART_31','W5W64UA','GLADIATOR MOUSE DOESN''T WORK','CUST34','MS','UNRESPOSIVE RECEIVER','EMP33');
Insert into SHRIYA_PROJECT.CASE_DETAILS (CASE_ID,OPEN_DATE,CLOSE_DATE,PART_ID,IMEI,CASE_SUBJECT,CUSTOMER_ID,STATE_CODE,ISSUE_TYPE,EMPLOYEE_ID) values ('CASE35',to_timestamp('17-OCT-19 12.00.00.000000000 AM','DD-MON-RR HH.MI.SSXFF AM'),to_timestamp('22-OCT-19 12.00.00.000000000 AM','DD-MON-RR HH.MI.SSXFF AM'),'PART_32','X9S70EA','GLADIATOR MOUSE BUTTONS ISSUE','CUST35','OR','UNRESPONSIVE BUTTONS','EMP34');
Insert into SHRIYA_PROJECT.CASE_DETAILS (CASE_ID,OPEN_DATE,CLOSE_DATE,PART_ID,IMEI,CASE_SUBJECT,CUSTOMER_ID,STATE_CODE,ISSUE_TYPE,EMPLOYEE_ID) values ('CASE36',to_timestamp('22-MAY-19 12.00.00.000000000 AM','DD-MON-RR HH.MI.SSXFF AM'),to_timestamp('25-MAY-19 12.00.00.000000000 AM','DD-MON-RR HH.MI.SSXFF AM'),'PART_4','X9S71EA','PHOENIX LAPTOP DISPLAY SCREEN IS BLANK','CUST36','OH','BLACK/FROZEN SCREEN','EMP14');
Insert into SHRIYA_PROJECT.CASE_DETAILS (CASE_ID,OPEN_DATE,CLOSE_DATE,PART_ID,IMEI,CASE_SUBJECT,CUSTOMER_ID,STATE_CODE,ISSUE_TYPE,EMPLOYEE_ID) values ('CASE37',to_timestamp('22-MAY-19 12.00.00.000000000 AM','DD-MON-RR HH.MI.SSXFF AM'),to_timestamp('22-MAY-19 12.00.00.000000000 AM','DD-MON-RR HH.MI.SSXFF AM'),'PART_6','C3G78AA','SCREEN IS FROZEN','CUST37','CT','FROZEN SCREEN','EMP40');
Insert into SHRIYA_PROJECT.CASE_DETAILS (CASE_ID,OPEN_DATE,CLOSE_DATE,PART_ID,IMEI,CASE_SUBJECT,CUSTOMER_ID,STATE_CODE,ISSUE_TYPE,EMPLOYEE_ID) values ('CASE38',to_timestamp('14-APR-20 12.00.00.000000000 AM','DD-MON-RR HH.MI.SSXFF AM'),null,'PART_4','C3G78AT','SCREEN DISPLAYS A BLUE LINE','CUST38','FL','BLUE LINE','EMP41');
Insert into SHRIYA_PROJECT.CASE_DETAILS (CASE_ID,OPEN_DATE,CLOSE_DATE,PART_ID,IMEI,CASE_SUBJECT,CUSTOMER_ID,STATE_CODE,ISSUE_TYPE,EMPLOYEE_ID) values ('CASE39',to_timestamp('21-JUN-19 12.00.00.000000000 AM','DD-MON-RR HH.MI.SSXFF AM'),null,'PART_3','C3G79AA','BATTERY IS HEATING UP','CUST39','MA','BATTERY HEAT','EMP14');
Insert into SHRIYA_PROJECT.CASE_DETAILS (CASE_ID,OPEN_DATE,CLOSE_DATE,PART_ID,IMEI,CASE_SUBJECT,CUSTOMER_ID,STATE_CODE,ISSUE_TYPE,EMPLOYEE_ID) values ('CASE40',to_timestamp('20-JUN-19 12.00.00.000000000 AM','DD-MON-RR HH.MI.SSXFF AM'),to_timestamp('22-JUN-19 12.00.00.000000000 AM','DD-MON-RR HH.MI.SSXFF AM'),'PART_1','C3G80AA','LAPTOP IS NOT WORKING ','CUST40','AK','BATTERY BLOAT','EMP15');
Insert into SHRIYA_PROJECT.CASE_DETAILS (CASE_ID,OPEN_DATE,CLOSE_DATE,PART_ID,IMEI,CASE_SUBJECT,CUSTOMER_ID,STATE_CODE,ISSUE_TYPE,EMPLOYEE_ID) values ('CASE41',to_timestamp('09-OCT-19 12.00.00.000000000 AM','DD-MON-RR HH.MI.SSXFF AM'),to_timestamp('10-OCT-19 12.00.00.000000000 AM','DD-MON-RR HH.MI.SSXFF AM'),'PART_4','C3G80AT','DISPLAYS A BLANK SCREEN ','CUST41','TX','WHITE SCREEN','EMP42');
Insert into SHRIYA_PROJECT.CASE_DETAILS (CASE_ID,OPEN_DATE,CLOSE_DATE,PART_ID,IMEI,CASE_SUBJECT,CUSTOMER_ID,STATE_CODE,ISSUE_TYPE,EMPLOYEE_ID) values ('CASE42',to_timestamp('15-OCT-19 12.00.00.000000000 AM','DD-MON-RR HH.MI.SSXFF AM'),to_timestamp('17-OCT-19 12.00.00.000000000 AM','DD-MON-RR HH.MI.SSXFF AM'),'PART_5','G4V27UA','SCREEN IS CRACKED','CUST42','FL','CRACKED SCREEN ','EMP20');
Insert into SHRIYA_PROJECT.CASE_DETAILS (CASE_ID,OPEN_DATE,CLOSE_DATE,PART_ID,IMEI,CASE_SUBJECT,CUSTOMER_ID,STATE_CODE,ISSUE_TYPE,EMPLOYEE_ID) values ('CASE43',to_timestamp('24-DEC-19 12.00.00.000000000 AM','DD-MON-RR HH.MI.SSXFF AM'),to_timestamp('26-DEC-19 12.00.00.000000000 AM','DD-MON-RR HH.MI.SSXFF AM'),'PART_3','G6F23AA','LAPTOP IS NOT CHARGING','CUST43','CA','BATTERY BLOAT','EMP14');
Insert into SHRIYA_PROJECT.CASE_DETAILS (CASE_ID,OPEN_DATE,CLOSE_DATE,PART_ID,IMEI,CASE_SUBJECT,CUSTOMER_ID,STATE_CODE,ISSUE_TYPE,EMPLOYEE_ID) values ('CASE44',to_timestamp('27-DEC-19 12.00.00.000000000 AM','DD-MON-RR HH.MI.SSXFF AM'),to_timestamp('28-DEC-19 12.00.00.000000000 AM','DD-MON-RR HH.MI.SSXFF AM'),'PART_2','G6F28AA','LAPTOP IS NOT CHARGING','CUST44','CT','BATTERY LEAK','EMP15');
Insert into SHRIYA_PROJECT.CASE_DETAILS (CASE_ID,OPEN_DATE,CLOSE_DATE,PART_ID,IMEI,CASE_SUBJECT,CUSTOMER_ID,STATE_CODE,ISSUE_TYPE,EMPLOYEE_ID) values ('CASE45',to_timestamp('22-JAN-20 12.00.00.000000000 AM','DD-MON-RR HH.MI.SSXFF AM'),to_timestamp('24-JAN-20 12.00.00.000000000 AM','DD-MON-RR HH.MI.SSXFF AM'),'PART_2','G6F36AA','BATTERY IS HEATING UP','CUST45','IL','BATTERY HEAT','EMP15');
Insert into SHRIYA_PROJECT.CASE_DETAILS (CASE_ID,OPEN_DATE,CLOSE_DATE,PART_ID,IMEI,CASE_SUBJECT,CUSTOMER_ID,STATE_CODE,ISSUE_TYPE,EMPLOYEE_ID) values ('CASE46',to_timestamp('22-JAN-20 12.00.00.000000000 AM','DD-MON-RR HH.MI.SSXFF AM'),to_timestamp('24-JAN-20 12.00.00.000000000 AM','DD-MON-RR HH.MI.SSXFF AM'),null,'J0E31PC','OS CRASHED AND RECOVERY REQUIRED','CUST46','IL','OS: Recovery, restore, reset or backup','EMP40');
Insert into SHRIYA_PROJECT.CASE_DETAILS (CASE_ID,OPEN_DATE,CLOSE_DATE,PART_ID,IMEI,CASE_SUBJECT,CUSTOMER_ID,STATE_CODE,ISSUE_TYPE,EMPLOYEE_ID) values ('CASE47',to_timestamp('06-MAR-20 12.00.00.000000000 AM','DD-MON-RR HH.MI.SSXFF AM'),to_timestamp('11-MAR-20 12.00.00.000000000 AM','DD-MON-RR HH.MI.SSXFF AM'),'PART_6','J9A98EA','BLUE LINE ON THE DISPLAY','CUST47','IL','BLACK LINE ','EMP20');


-- table 4---

CREATE TABLE EMPLOYEE_WORK (
    WORK_ID  VARCHAR2 (65 CHAR), 
    EMPLOYEE_ID varchar2 (6),
    WORK_TYPE VARCHAR2 (65 CHAR),
    START_DATE TIMESTAMP, 
    STATUS VARCHAR2(65 CHAR),
    case_id varchar2(10),
    PRIMARY KEY (WORK_ID),
    FOREIGN KEY (EMPLOYEE_ID) REFERENCES EMPLOYEE(EMPLOYEE_ID) ON DELETE CASCADE,
    FOREIGN KEY (case_id) REFERENCES case_details(case_id) on delete cascade
) ;

--insertind data into employee_work table --

Insert into SHRIYA_PROJECT.EMPLOYEE_WORK (WORK_ID,EMPLOYEE_ID,WORK_TYPE,START_DATE,STATUS,CASE_ID) values ('WORK01','EMP15','REQUESTED BATTERY FROM VENDOR',to_timestamp('26-MAY-20 12.00.00.000000000 AM','DD-MON-RR HH.MI.SSXFF AM'),'PENDING','CASE01');
Insert into SHRIYA_PROJECT.EMPLOYEE_WORK (WORK_ID,EMPLOYEE_ID,WORK_TYPE,START_DATE,STATUS,CASE_ID) values ('WORK02','EMP14','REQUESTED THE LAPTOP DISPLAY',to_timestamp('13-MAY-19 12.00.00.000000000 AM','DD-MON-RR HH.MI.SSXFF AM'),'PENDING','CASE02');
Insert into SHRIYA_PROJECT.EMPLOYEE_WORK (WORK_ID,EMPLOYEE_ID,WORK_TYPE,START_DATE,STATUS,CASE_ID) values ('WORK03','EMP50',null,to_timestamp('24-OCT-19 12.00.00.000000000 AM','DD-MON-RR HH.MI.SSXFF AM'),'PENDING','CASE03');
Insert into SHRIYA_PROJECT.EMPLOYEE_WORK (WORK_ID,EMPLOYEE_ID,WORK_TYPE,START_DATE,STATUS,CASE_ID) values ('WORK04','EMP15','REPLACED THE BATTERY',to_timestamp('19-MAR-19 12.00.00.000000000 AM','DD-MON-RR HH.MI.SSXFF AM'),'RESOLVED','CASE04');
Insert into SHRIYA_PROJECT.EMPLOYEE_WORK (WORK_ID,EMPLOYEE_ID,WORK_TYPE,START_DATE,STATUS,CASE_ID) values ('WORK05','EMP50','REPLACED THE LAPTOP DISPLAY',to_timestamp('21-MAR-19 12.00.00.000000000 AM','DD-MON-RR HH.MI.SSXFF AM'),'RESOLVED','CASE05');
Insert into SHRIYA_PROJECT.EMPLOYEE_WORK (WORK_ID,EMPLOYEE_ID,WORK_TYPE,START_DATE,STATUS,CASE_ID) values ('WORK06','EMP20','REPLACED THE SPEAKER',to_timestamp('18-JAN-19 12.00.00.000000000 AM','DD-MON-RR HH.MI.SSXFF AM'),'RESOLVED','CASE06');
Insert into SHRIYA_PROJECT.EMPLOYEE_WORK (WORK_ID,EMPLOYEE_ID,WORK_TYPE,START_DATE,STATUS,CASE_ID) values ('WORK07','EMP15','REQUESTED BATTERY FROM VENDOR',to_timestamp('29-NOV-19 12.00.00.000000000 AM','DD-MON-RR HH.MI.SSXFF AM'),'PENDING','CASE07');
Insert into SHRIYA_PROJECT.EMPLOYEE_WORK (WORK_ID,EMPLOYEE_ID,WORK_TYPE,START_DATE,STATUS,CASE_ID) values ('WORK08','EMP20','REPLACED THE LAPTOP DISPLAY',to_timestamp('13-FEB-20 12.00.00.000000000 AM','DD-MON-RR HH.MI.SSXFF AM'),'RESOLVED','CASE08');
Insert into SHRIYA_PROJECT.EMPLOYEE_WORK (WORK_ID,EMPLOYEE_ID,WORK_TYPE,START_DATE,STATUS,CASE_ID) values ('WORK09','EMP14','FIXED AUDIO BY MODULATION',to_timestamp('28-DEC-19 12.00.00.000000000 AM','DD-MON-RR HH.MI.SSXFF AM'),'RESOLVED','CASE09');
Insert into SHRIYA_PROJECT.EMPLOYEE_WORK (WORK_ID,EMPLOYEE_ID,WORK_TYPE,START_DATE,STATUS,CASE_ID) values ('WORK10','EMP21','REPLACED THE MONITOR DISPLAY',to_timestamp('04-MAY-19 12.00.00.000000000 AM','DD-MON-RR HH.MI.SSXFF AM'),'RESOLVED','CASE10');
Insert into SHRIYA_PROJECT.EMPLOYEE_WORK (WORK_ID,EMPLOYEE_ID,WORK_TYPE,START_DATE,STATUS,CASE_ID) values ('WORK11','EMP22','REPLACED MONITOR STAND',to_timestamp('27-DEC-18 12.00.00.000000000 AM','DD-MON-RR HH.MI.SSXFF AM'),'RESOLVED','CASE11');
Insert into SHRIYA_PROJECT.EMPLOYEE_WORK (WORK_ID,EMPLOYEE_ID,WORK_TYPE,START_DATE,STATUS,CASE_ID) values ('WORK12','EMP23','REPLACED THE MONITOR DISPLAY',to_timestamp('04-OCT-19 12.00.00.000000000 AM','DD-MON-RR HH.MI.SSXFF AM'),'RESOLVED','CASE12');
Insert into SHRIYA_PROJECT.EMPLOYEE_WORK (WORK_ID,EMPLOYEE_ID,WORK_TYPE,START_DATE,STATUS,CASE_ID) values ('WORK13','EMP24','REPLACED MONITOR STAND',to_timestamp('18-JUN-19 12.00.00.000000000 AM','DD-MON-RR HH.MI.SSXFF AM'),'RESOLVED','CASE13');
Insert into SHRIYA_PROJECT.EMPLOYEE_WORK (WORK_ID,EMPLOYEE_ID,WORK_TYPE,START_DATE,STATUS,CASE_ID) values ('WORK14','EMP21','REPLACED MONITOR STAND',to_timestamp('08-AUG-19 12.00.00.000000000 AM','DD-MON-RR HH.MI.SSXFF AM'),'RESOLVED','CASE14');
Insert into SHRIYA_PROJECT.EMPLOYEE_WORK (WORK_ID,EMPLOYEE_ID,WORK_TYPE,START_DATE,STATUS,CASE_ID) values ('WORK15','EMP22','REPLACED THE MONITOR DISPLAY',to_timestamp('09-APR-19 12.00.00.000000000 AM','DD-MON-RR HH.MI.SSXFF AM'),'RESOLVED','CASE15');
Insert into SHRIYA_PROJECT.EMPLOYEE_WORK (WORK_ID,EMPLOYEE_ID,WORK_TYPE,START_DATE,STATUS,CASE_ID) values ('WORK16','EMP23','REPLACED MONITOR STAND',to_timestamp('18-SEP-19 12.00.00.000000000 AM','DD-MON-RR HH.MI.SSXFF AM'),'RESOLVED','CASE16');
Insert into SHRIYA_PROJECT.EMPLOYEE_WORK (WORK_ID,EMPLOYEE_ID,WORK_TYPE,START_DATE,STATUS,CASE_ID) values ('WORK17','EMP24','NEW MONITOR WAS SHIPPED TO CUSTOMER',to_timestamp('15-JAN-20 12.00.00.000000000 AM','DD-MON-RR HH.MI.SSXFF AM'),'RESOLVED','CASE17');
Insert into SHRIYA_PROJECT.EMPLOYEE_WORK (WORK_ID,EMPLOYEE_ID,WORK_TYPE,START_DATE,STATUS,CASE_ID) values ('WORK18','EMP26','SPEAKER''S POWER BUTTON WAS REPLACED',to_timestamp('26-JUN-19 12.00.00.000000000 AM','DD-MON-RR HH.MI.SSXFF AM'),'RESOLVED','CASE18');
Insert into SHRIYA_PROJECT.EMPLOYEE_WORK (WORK_ID,EMPLOYEE_ID,WORK_TYPE,START_DATE,STATUS,CASE_ID) values ('WORK19','EMP27','FIXED SPEAKER CONNECTIVITY',to_timestamp('14-NOV-19 12.00.00.000000000 AM','DD-MON-RR HH.MI.SSXFF AM'),'RESOLVED','CASE19');
Insert into SHRIYA_PROJECT.EMPLOYEE_WORK (WORK_ID,EMPLOYEE_ID,WORK_TYPE,START_DATE,STATUS,CASE_ID) values ('WORK20','EMP28','CHECKING FOR BLUETOOTH CONNECTIVITY',to_timestamp('01-NOV-19 12.00.00.000000000 AM','DD-MON-RR HH.MI.SSXFF AM'),'PENDING','CASE20');
Insert into SHRIYA_PROJECT.EMPLOYEE_WORK (WORK_ID,EMPLOYEE_ID,WORK_TYPE,START_DATE,STATUS,CASE_ID) values ('WORK21','EMP29','FIXED THE SPEAKER CONNECTIONS',to_timestamp('01-NOV-19 12.00.00.000000000 AM','DD-MON-RR HH.MI.SSXFF AM'),'RESOLVED','CASE21');
Insert into SHRIYA_PROJECT.EMPLOYEE_WORK (WORK_ID,EMPLOYEE_ID,WORK_TYPE,START_DATE,STATUS,CASE_ID) values ('WORK22','EMP26','CHECKED IF THE PRODUCT HAS WARRANTY',to_timestamp('02-APR-19 12.00.00.000000000 AM','DD-MON-RR HH.MI.SSXFF AM'),'RESOLVED','CASE22');
Insert into SHRIYA_PROJECT.EMPLOYEE_WORK (WORK_ID,EMPLOYEE_ID,WORK_TYPE,START_DATE,STATUS,CASE_ID) values ('WORK23','EMP28','FIXED AUDIO BY MODULATION',to_timestamp('09-OCT-19 12.00.00.000000000 AM','DD-MON-RR HH.MI.SSXFF AM'),'RESOLVED','CASE23');
Insert into SHRIYA_PROJECT.EMPLOYEE_WORK (WORK_ID,EMPLOYEE_ID,WORK_TYPE,START_DATE,STATUS,CASE_ID) values ('WORK24','EMP38','REPLACED KEYBOARD PARTS',to_timestamp('20-JUN-19 12.00.00.000000000 AM','DD-MON-RR HH.MI.SSXFF AM'),'RESOLVED','CASE24');
Insert into SHRIYA_PROJECT.EMPLOYEE_WORK (WORK_ID,EMPLOYEE_ID,WORK_TYPE,START_DATE,STATUS,CASE_ID) values ('WORK25','EMP36','REPLACED THE CONNECTIONS',to_timestamp('13-DEC-19 12.00.00.000000000 AM','DD-MON-RR HH.MI.SSXFF AM'),'RESOLVED','CASE25');
Insert into SHRIYA_PROJECT.EMPLOYEE_WORK (WORK_ID,EMPLOYEE_ID,WORK_TYPE,START_DATE,STATUS,CASE_ID) values ('WORK26','EMP39','REPLACED KEYBOARD PARTS',to_timestamp('30-JAN-20 12.00.00.000000000 AM','DD-MON-RR HH.MI.SSXFF AM'),'RESOLVED','CASE26');
Insert into SHRIYA_PROJECT.EMPLOYEE_WORK (WORK_ID,EMPLOYEE_ID,WORK_TYPE,START_DATE,STATUS,CASE_ID) values ('WORK27','EMP37','CHECKING FOR BATTERY EFFICIENCY',to_timestamp('30-JAN-20 12.00.00.000000000 AM','DD-MON-RR HH.MI.SSXFF AM'),'PENDING','CASE27');
Insert into SHRIYA_PROJECT.EMPLOYEE_WORK (WORK_ID,EMPLOYEE_ID,WORK_TYPE,START_DATE,STATUS,CASE_ID) values ('WORK28','EMP36','SHIPPED PARTS FOR THE KEYBOARD',to_timestamp('31-JAN-19 12.00.00.000000000 AM','DD-MON-RR HH.MI.SSXFF AM'),'RESOLVED','CASE28');
Insert into SHRIYA_PROJECT.EMPLOYEE_WORK (WORK_ID,EMPLOYEE_ID,WORK_TYPE,START_DATE,STATUS,CASE_ID) values ('WORK29','EMP37','REPLACED KEYBOARD PARTS',to_timestamp('11-FEB-19 12.00.00.000000000 AM','DD-MON-RR HH.MI.SSXFF AM'),'RESOLVED','CASE29');
Insert into SHRIYA_PROJECT.EMPLOYEE_WORK (WORK_ID,EMPLOYEE_ID,WORK_TYPE,START_DATE,STATUS,CASE_ID) values ('WORK30','EMP33','SHIPPED PARTS FOR THE MOUSE',to_timestamp('15-OCT-19 12.00.00.000000000 AM','DD-MON-RR HH.MI.SSXFF AM'),'RESOLVED','CASE30');
Insert into SHRIYA_PROJECT.EMPLOYEE_WORK (WORK_ID,EMPLOYEE_ID,WORK_TYPE,START_DATE,STATUS,CASE_ID) values ('WORK31','EMP35','SHIPPED PARTS FOR THE MOUSE',to_timestamp('21-MAY-19 12.00.00.000000000 AM','DD-MON-RR HH.MI.SSXFF AM'),'RESOLVED','CASE31');
Insert into SHRIYA_PROJECT.EMPLOYEE_WORK (WORK_ID,EMPLOYEE_ID,WORK_TYPE,START_DATE,STATUS,CASE_ID) values ('WORK32','EMP34','FIXED MOUSE TRANSMITTER',to_timestamp('06-JAN-19 12.00.00.000000000 AM','DD-MON-RR HH.MI.SSXFF AM'),'RESOLVED','CASE32');
Insert into SHRIYA_PROJECT.EMPLOYEE_WORK (WORK_ID,EMPLOYEE_ID,WORK_TYPE,START_DATE,STATUS,CASE_ID) values ('WORK33','EMP35','OFFERED CUST TO OPT FOR EXCHANGE',to_timestamp('23-SEP-19 12.00.00.000000000 AM','DD-MON-RR HH.MI.SSXFF AM'),'RESOLVED','CASE33');
Insert into SHRIYA_PROJECT.EMPLOYEE_WORK (WORK_ID,EMPLOYEE_ID,WORK_TYPE,START_DATE,STATUS,CASE_ID) values ('WORK34','EMP33','FIXED MOUSE RECEIVER BY MODULATION',to_timestamp('26-AUG-19 12.00.00.000000000 AM','DD-MON-RR HH.MI.SSXFF AM'),'RESOLVED','CASE34');
Insert into SHRIYA_PROJECT.EMPLOYEE_WORK (WORK_ID,EMPLOYEE_ID,WORK_TYPE,START_DATE,STATUS,CASE_ID) values ('WORK35','EMP34','REPLACED MOUSE',to_timestamp('17-OCT-19 12.00.00.000000000 AM','DD-MON-RR HH.MI.SSXFF AM'),'RESOLVED','CASE35');
Insert into SHRIYA_PROJECT.EMPLOYEE_WORK (WORK_ID,EMPLOYEE_ID,WORK_TYPE,START_DATE,STATUS,CASE_ID) values ('WORK36','EMP14','REPLACED THE LAPTOP DISPLAY',to_timestamp('22-MAY-19 12.00.00.000000000 AM','DD-MON-RR HH.MI.SSXFF AM'),'RESOLVED','CASE36');
Insert into SHRIYA_PROJECT.EMPLOYEE_WORK (WORK_ID,EMPLOYEE_ID,WORK_TYPE,START_DATE,STATUS,CASE_ID) values ('WORK37','EMP40','FIXED FROZEN SCREEN ERROR',to_timestamp('22-MAY-19 12.00.00.000000000 AM','DD-MON-RR HH.MI.SSXFF AM'),'RESOLVED','CASE37');
Insert into SHRIYA_PROJECT.EMPLOYEE_WORK (WORK_ID,EMPLOYEE_ID,WORK_TYPE,START_DATE,STATUS,CASE_ID) values ('WORK38','EMP41','WAITING FOR NEW PARTS FOR SCREEN ',to_timestamp('14-APR-20 12.00.00.000000000 AM','DD-MON-RR HH.MI.SSXFF AM'),'PENDING','CASE38');
Insert into SHRIYA_PROJECT.EMPLOYEE_WORK (WORK_ID,EMPLOYEE_ID,WORK_TYPE,START_DATE,STATUS,CASE_ID) values ('WORK39','EMP14','WAITING FOR BATTERY TO BE SHIPPED',to_timestamp('21-JUN-19 12.00.00.000000000 AM','DD-MON-RR HH.MI.SSXFF AM'),'PENDING','CASE39');
Insert into SHRIYA_PROJECT.EMPLOYEE_WORK (WORK_ID,EMPLOYEE_ID,WORK_TYPE,START_DATE,STATUS,CASE_ID) values ('WORK40','EMP15','REPLACED BATTERY ',to_timestamp('20-JUN-19 12.00.00.000000000 AM','DD-MON-RR HH.MI.SSXFF AM'),'RESOLVED','CASE40');
Insert into SHRIYA_PROJECT.EMPLOYEE_WORK (WORK_ID,EMPLOYEE_ID,WORK_TYPE,START_DATE,STATUS,CASE_ID) values ('WORK41','EMP42','FIXED WHITE SCREEN ERROR',to_timestamp('09-OCT-19 12.00.00.000000000 AM','DD-MON-RR HH.MI.SSXFF AM'),'RESOLVED','CASE41');
Insert into SHRIYA_PROJECT.EMPLOYEE_WORK (WORK_ID,EMPLOYEE_ID,WORK_TYPE,START_DATE,STATUS,CASE_ID) values ('WORK42','EMP20','REPLACED LAPTOP DISPLAY',to_timestamp('15-OCT-19 12.00.00.000000000 AM','DD-MON-RR HH.MI.SSXFF AM'),'RESOLVED','CASE42');
Insert into SHRIYA_PROJECT.EMPLOYEE_WORK (WORK_ID,EMPLOYEE_ID,WORK_TYPE,START_DATE,STATUS,CASE_ID) values ('WORK43','EMP14','BATTERY SHIPPED',to_timestamp('24-DEC-19 12.00.00.000000000 AM','DD-MON-RR HH.MI.SSXFF AM'),'RESOLVED','CASE43');
Insert into SHRIYA_PROJECT.EMPLOYEE_WORK (WORK_ID,EMPLOYEE_ID,WORK_TYPE,START_DATE,STATUS,CASE_ID) values ('WORK44','EMP15','REPLACED BATTERY ',to_timestamp('27-DEC-19 12.00.00.000000000 AM','DD-MON-RR HH.MI.SSXFF AM'),'RESOLVED','CASE44');
Insert into SHRIYA_PROJECT.EMPLOYEE_WORK (WORK_ID,EMPLOYEE_ID,WORK_TYPE,START_DATE,STATUS,CASE_ID) values ('WORK45','EMP15','REPLACED BATTERY ',to_timestamp('22-JAN-20 12.00.00.000000000 AM','DD-MON-RR HH.MI.SSXFF AM'),'RESOLVED','CASE45');
Insert into SHRIYA_PROJECT.EMPLOYEE_WORK (WORK_ID,EMPLOYEE_ID,WORK_TYPE,START_DATE,STATUS,CASE_ID) values ('WORK46','EMP40','OS RECOVERED ',to_timestamp('22-JAN-20 12.00.00.000000000 AM','DD-MON-RR HH.MI.SSXFF AM'),'RESOLVED','CASE46');
Insert into SHRIYA_PROJECT.EMPLOYEE_WORK (WORK_ID,EMPLOYEE_ID,WORK_TYPE,START_DATE,STATUS,CASE_ID) values ('WORK47','EMP20','REPLACED THE DISPLAY',to_timestamp('06-MAR-20 12.00.00.000000000 AM','DD-MON-RR HH.MI.SSXFF AM'),'RESOLVED','CASE47');
Insert into SHRIYA_PROJECT.EMPLOYEE_WORK (WORK_ID,EMPLOYEE_ID,WORK_TYPE,START_DATE,STATUS,CASE_ID) values ('WORK48','EMP44','ANTIVURS INSTALLATION',to_timestamp('24-MAR-20 12.00.00.000000000 AM','DD-MON-RR HH.MI.SSXFF AM'),'RESOLVED','CASE48');
Insert into SHRIYA_PROJECT.EMPLOYEE_WORK (WORK_ID,EMPLOYEE_ID,WORK_TYPE,START_DATE,STATUS,CASE_ID) values ('WORK49','EMP43','OS REINSTALLED',to_timestamp('26-MAR-20 12.00.00.000000000 AM','DD-MON-RR HH.MI.SSXFF AM'),'RESOLVED','CASE49');
Insert into SHRIYA_PROJECT.EMPLOYEE_WORK (WORK_ID,EMPLOYEE_ID,WORK_TYPE,START_DATE,STATUS,CASE_ID) values ('WORK50','EMP18','FIXED THE AUDIO',to_timestamp('13-MAY-20 12.00.00.000000000 AM','DD-MON-RR HH.MI.SSXFF AM'),'RESOLVED','CASE50');
Insert into SHRIYA_PROJECT.EMPLOYEE_WORK (WORK_ID,EMPLOYEE_ID,WORK_TYPE,START_DATE,STATUS,CASE_ID) values ('WORK51','EMP24','REPLACED THE SCREEN',to_timestamp('17-JUL-20 12.00.00.000000000 AM','DD-MON-RR HH.MI.SSXFF AM'),'RESOLVED','CASE51');
Insert into SHRIYA_PROJECT.EMPLOYEE_WORK (WORK_ID,EMPLOYEE_ID,WORK_TYPE,START_DATE,STATUS,CASE_ID) values ('WORK52','EMP22','REPLACED MONITOR''S STAND',to_timestamp('17-JUL-20 12.00.00.000000000 AM','DD-MON-RR HH.MI.SSXFF AM'),'RESOLVED','CASE52');
Insert into SHRIYA_PROJECT.EMPLOYEE_WORK (WORK_ID,EMPLOYEE_ID,WORK_TYPE,START_DATE,STATUS,CASE_ID) values ('WORK53','EMP23','REPLACED THE SCREEN',to_timestamp('28-JUL-20 12.00.00.000000000 AM','DD-MON-RR HH.MI.SSXFF AM'),'RESOLVED','CASE53');
Insert into SHRIYA_PROJECT.EMPLOYEE_WORK (WORK_ID,EMPLOYEE_ID,WORK_TYPE,START_DATE,STATUS,CASE_ID) values ('WORK54','EMP21','REPLACED MONITOR''S STAND',to_timestamp('05-AUG-20 12.00.00.000000000 AM','DD-MON-RR HH.MI.SSXFF AM'),'RESOLVED','CASE54');
Insert into SHRIYA_PROJECT.EMPLOYEE_WORK (WORK_ID,EMPLOYEE_ID,WORK_TYPE,START_DATE,STATUS,CASE_ID) values ('WORK55','EMP22','REPLACED MONITOR''S STAND',to_timestamp('20-AUG-20 12.00.00.000000000 AM','DD-MON-RR HH.MI.SSXFF AM'),'RESOLVED','CASE55');
Insert into SHRIYA_PROJECT.EMPLOYEE_WORK (WORK_ID,EMPLOYEE_ID,WORK_TYPE,START_DATE,STATUS,CASE_ID) values ('WORK56','EMP24','REPLACED THE SCREEN',to_timestamp('17-MAY-19 12.00.00.000000000 AM','DD-MON-RR HH.MI.SSXFF AM'),'RESOLVED','CASE56');
Insert into SHRIYA_PROJECT.EMPLOYEE_WORK (WORK_ID,EMPLOYEE_ID,WORK_TYPE,START_DATE,STATUS,CASE_ID) values ('WORK57','EMP41','UPDATED THE LAPTOP WITH LATEST OS VERSION',to_timestamp('29-AUG-19 12.00.00.000000000 AM','DD-MON-RR HH.MI.SSXFF AM'),'RESOLVED','CASE57');
Insert into SHRIYA_PROJECT.EMPLOYEE_WORK (WORK_ID,EMPLOYEE_ID,WORK_TYPE,START_DATE,STATUS,CASE_ID) values ('WORK58','EMP42',null,to_timestamp('26-SEP-19 12.00.00.000000000 AM','DD-MON-RR HH.MI.SSXFF AM'),'PENDING','CASE58');
Insert into SHRIYA_PROJECT.EMPLOYEE_WORK (WORK_ID,EMPLOYEE_ID,WORK_TYPE,START_DATE,STATUS,CASE_ID) values ('WORK59','EMP43','REINSTALLED THE OS',to_timestamp('26-SEP-19 12.00.00.000000000 AM','DD-MON-RR HH.MI.SSXFF AM'),'RESOLVED','CASE59');
Insert into SHRIYA_PROJECT.EMPLOYEE_WORK (WORK_ID,EMPLOYEE_ID,WORK_TYPE,START_DATE,STATUS,CASE_ID) values ('WORK60','EMP22','REPLACED MONITOR DISPLAY',to_timestamp('27-SEP-19 12.00.00.000000000 AM','DD-MON-RR HH.MI.SSXFF AM'),'RESOLVED','CASE60');


-- table 10---

CREATE TABLE PAYMENT(
Payment_id varchar2(60),
Customer_id varchar2(10),
discount number(10),
case_id varchar2(10),
PRIMARY KEY(Payment_id),
FOREIGN KEY (case_id) References case_details(case_id) ON DELETE CASCADE
);

--altered discount in payment table--
ALTER TABLE shriya_project.payment DROP COLUMN discount;
ALTER TABLE shriya_project.payment ADD discount decimal(5,2);

--insert payment

Insert into SHRIYA_PROJECT.PAYMENT (PAYMENT_ID,CUSTOMER_ID,CASE_ID,DISCOUNT) values ('PAYM01','CUST01','CASE01',0.1);
Insert into SHRIYA_PROJECT.PAYMENT (PAYMENT_ID,CUSTOMER_ID,CASE_ID,DISCOUNT) values ('PAYM02','CUST02','CASE02',0.1);
Insert into SHRIYA_PROJECT.PAYMENT (PAYMENT_ID,CUSTOMER_ID,CASE_ID,DISCOUNT) values ('PAYM03','CUST01','CASE03',0.1);
Insert into SHRIYA_PROJECT.PAYMENT (PAYMENT_ID,CUSTOMER_ID,CASE_ID,DISCOUNT) values ('PAYM04','CUST04','CASE04',0.1);
Insert into SHRIYA_PROJECT.PAYMENT (PAYMENT_ID,CUSTOMER_ID,CASE_ID,DISCOUNT) values ('PAYM05','CUST05','CASE05',0.1);
Insert into SHRIYA_PROJECT.PAYMENT (PAYMENT_ID,CUSTOMER_ID,CASE_ID,DISCOUNT) values ('PAYM06','CUST06','CASE06',0.1);
Insert into SHRIYA_PROJECT.PAYMENT (PAYMENT_ID,CUSTOMER_ID,CASE_ID,DISCOUNT) values ('PAYM07','CUST07','CASE07',0.1);
Insert into SHRIYA_PROJECT.PAYMENT (PAYMENT_ID,CUSTOMER_ID,CASE_ID,DISCOUNT) values ('PAYM08','CUST08','CASE08',0.1);
Insert into SHRIYA_PROJECT.PAYMENT (PAYMENT_ID,CUSTOMER_ID,CASE_ID,DISCOUNT) values ('PAYM09','CUST09','CASE09',0.1);
Insert into SHRIYA_PROJECT.PAYMENT (PAYMENT_ID,CUSTOMER_ID,CASE_ID,DISCOUNT) values ('PAYM10','CUST10','CASE10',0.15);
Insert into SHRIYA_PROJECT.PAYMENT (PAYMENT_ID,CUSTOMER_ID,CASE_ID,DISCOUNT) values ('PAYM11','CUST11','CASE11',0.1);
Insert into SHRIYA_PROJECT.PAYMENT (PAYMENT_ID,CUSTOMER_ID,CASE_ID,DISCOUNT) values ('PAYM12','CUST12','CASE12',0.1);
Insert into SHRIYA_PROJECT.PAYMENT (PAYMENT_ID,CUSTOMER_ID,CASE_ID,DISCOUNT) values ('PAYM13','CUST13','CASE13',0.15);
Insert into SHRIYA_PROJECT.PAYMENT (PAYMENT_ID,CUSTOMER_ID,CASE_ID,DISCOUNT) values ('PAYM14','CUST14','CASE14',0.15);
Insert into SHRIYA_PROJECT.PAYMENT (PAYMENT_ID,CUSTOMER_ID,CASE_ID,DISCOUNT) values ('PAYM15','CUST15','CASE12',0.15);
Insert into SHRIYA_PROJECT.PAYMENT (PAYMENT_ID,CUSTOMER_ID,CASE_ID,DISCOUNT) values ('PAYM16','CUST16','CASE16',0.15);
Insert into SHRIYA_PROJECT.PAYMENT (PAYMENT_ID,CUSTOMER_ID,CASE_ID,DISCOUNT) values ('PAYM17','CUST17','CASE17',0.15);
Insert into SHRIYA_PROJECT.PAYMENT (PAYMENT_ID,CUSTOMER_ID,CASE_ID,DISCOUNT) values ('PAYM18','CUST18','CASE18',0.15);
Insert into SHRIYA_PROJECT.PAYMENT (PAYMENT_ID,CUSTOMER_ID,CASE_ID,DISCOUNT) values ('PAYM19','CUST19','CASE19',0.15);
Insert into SHRIYA_PROJECT.PAYMENT (PAYMENT_ID,CUSTOMER_ID,CASE_ID,DISCOUNT) values ('PAYM20','CUST20','CASE20',0.15);
Insert into SHRIYA_PROJECT.PAYMENT (PAYMENT_ID,CUSTOMER_ID,CASE_ID,DISCOUNT) values ('PAYM21','CUST21','CASE21',0.15);
Insert into SHRIYA_PROJECT.PAYMENT (PAYMENT_ID,CUSTOMER_ID,CASE_ID,DISCOUNT) values ('PAYM22','CUST22','CASE22',0.15);
Insert into SHRIYA_PROJECT.PAYMENT (PAYMENT_ID,CUSTOMER_ID,CASE_ID,DISCOUNT) values ('PAYM23','CUST23','CASE23',0.1);
Insert into SHRIYA_PROJECT.PAYMENT (PAYMENT_ID,CUSTOMER_ID,CASE_ID,DISCOUNT) values ('PAYM24','CUST24','CASE24',0.15);
Insert into SHRIYA_PROJECT.PAYMENT (PAYMENT_ID,CUSTOMER_ID,CASE_ID,DISCOUNT) values ('PAYM25','CUST25','CASE25',0.1);
Insert into SHRIYA_PROJECT.PAYMENT (PAYMENT_ID,CUSTOMER_ID,CASE_ID,DISCOUNT) values ('PAYM26','CUST26','CASE26',0.15);
Insert into SHRIYA_PROJECT.PAYMENT (PAYMENT_ID,CUSTOMER_ID,CASE_ID,DISCOUNT) values ('PAYM27','CUST27','CASE27',0.15);
Insert into SHRIYA_PROJECT.PAYMENT (PAYMENT_ID,CUSTOMER_ID,CASE_ID,DISCOUNT) values ('PAYM28','CUST28','CASE28',0.1);
Insert into SHRIYA_PROJECT.PAYMENT (PAYMENT_ID,CUSTOMER_ID,CASE_ID,DISCOUNT) values ('PAYM29','CUST29','CASE29',0.15);
Insert into SHRIYA_PROJECT.PAYMENT (PAYMENT_ID,CUSTOMER_ID,CASE_ID,DISCOUNT) values ('PAYM30','CUST30','CASE30',0.15);
Insert into SHRIYA_PROJECT.PAYMENT (PAYMENT_ID,CUSTOMER_ID,CASE_ID,DISCOUNT) values ('PAYM31','CUST31','CASE31',0.15);
Insert into SHRIYA_PROJECT.PAYMENT (PAYMENT_ID,CUSTOMER_ID,CASE_ID,DISCOUNT) values ('PAYM32','CUST32','CASE32',0.15);
Insert into SHRIYA_PROJECT.PAYMENT (PAYMENT_ID,CUSTOMER_ID,CASE_ID,DISCOUNT) values ('PAYM33','CUST33','CASE33',0.1);
Insert into SHRIYA_PROJECT.PAYMENT (PAYMENT_ID,CUSTOMER_ID,CASE_ID,DISCOUNT) values ('PAYM34','CUST34','CASE34',0.15);
Insert into SHRIYA_PROJECT.PAYMENT (PAYMENT_ID,CUSTOMER_ID,CASE_ID,DISCOUNT) values ('PAYM35','CUST35','CASE35',0.15);
Insert into SHRIYA_PROJECT.PAYMENT (PAYMENT_ID,CUSTOMER_ID,CASE_ID,DISCOUNT) values ('PAYM36','CUST36','CASE36',0.3);
Insert into SHRIYA_PROJECT.PAYMENT (PAYMENT_ID,CUSTOMER_ID,CASE_ID,DISCOUNT) values ('PAYM37','CUST37','CASE37',0.3);
Insert into SHRIYA_PROJECT.PAYMENT (PAYMENT_ID,CUSTOMER_ID,CASE_ID,DISCOUNT) values ('PAYM38','CUST38','CASE38',0.2);
Insert into SHRIYA_PROJECT.PAYMENT (PAYMENT_ID,CUSTOMER_ID,CASE_ID,DISCOUNT) values ('PAYM39','CUST39','CASE39',0.2);
Insert into SHRIYA_PROJECT.PAYMENT (PAYMENT_ID,CUSTOMER_ID,CASE_ID,DISCOUNT) values ('PAYM40','CUST40','CASE40',0.1);
Insert into SHRIYA_PROJECT.PAYMENT (PAYMENT_ID,CUSTOMER_ID,CASE_ID,DISCOUNT) values ('PAYM41','CUST41','CASE41',0.2);
Insert into SHRIYA_PROJECT.PAYMENT (PAYMENT_ID,CUSTOMER_ID,CASE_ID,DISCOUNT) values ('PAYM42','CUST42','CASE42',0.2);
Insert into SHRIYA_PROJECT.PAYMENT (PAYMENT_ID,CUSTOMER_ID,CASE_ID,DISCOUNT) values ('PAYM43','CUST43','CASE43',0.2);
Insert into SHRIYA_PROJECT.PAYMENT (PAYMENT_ID,CUSTOMER_ID,CASE_ID,DISCOUNT) values ('PAYM44','CUST44','CASE44',0.2);
Insert into SHRIYA_PROJECT.PAYMENT (PAYMENT_ID,CUSTOMER_ID,CASE_ID,DISCOUNT) values ('PAYM45','CUST45','CASE45',0.1);


-- table 11 --

create table subscription_renewal(
sub_renewal_id varchar2(10),
customer_id varchar2(10),
sub_id varchar2(10),
renewal_tier varchar2(25),
start_date timestamp,
primary key(sub_renewal_id),
FOREIGN KEY (sub_id) References subscription(sub_id) ON DELETE CASCADE
);

--insert sub renewal

Insert into SHRIYA_PROJECT.SUBSCRIPTION_RENEWAL (SUB_RENEWAL_ID,CUSTOMER_ID,SUB_ID,RENEWAL_TIER,START_DATE) values ('SUBR01','CUST01','SUB01','SILVER',to_timestamp('27-MAY-22 12.00.00.000000000 AM','DD-MON-RR HH.MI.SSXFF AM'));
Insert into SHRIYA_PROJECT.SUBSCRIPTION_RENEWAL (SUB_RENEWAL_ID,CUSTOMER_ID,SUB_ID,RENEWAL_TIER,START_DATE) values ('SUBR02','CUST04','SUB01','SILVER',to_timestamp('21-MAR-21 12.00.00.000000000 AM','DD-MON-RR HH.MI.SSXFF AM'));
Insert into SHRIYA_PROJECT.SUBSCRIPTION_RENEWAL (SUB_RENEWAL_ID,CUSTOMER_ID,SUB_ID,RENEWAL_TIER,START_DATE) values ('SUBR03','CUST03','SUB01','SILVER',to_timestamp('23-OCT-21 12.00.00.000000000 AM','DD-MON-RR HH.MI.SSXFF AM'));
Insert into SHRIYA_PROJECT.SUBSCRIPTION_RENEWAL (SUB_RENEWAL_ID,CUSTOMER_ID,SUB_ID,RENEWAL_TIER,START_DATE) values ('SUBR04','CUST22','SUB01','SILVER',to_timestamp('01-APR-21 12.00.00.000000000 AM','DD-MON-RR HH.MI.SSXFF AM'));
Insert into SHRIYA_PROJECT.SUBSCRIPTION_RENEWAL (SUB_RENEWAL_ID,CUSTOMER_ID,SUB_ID,RENEWAL_TIER,START_DATE) values ('SUBR05','CUST06','SUB01','PLATINUM',to_timestamp('18-JAN-21 12.00.00.000000000 AM','DD-MON-RR HH.MI.SSXFF AM'));
Insert into SHRIYA_PROJECT.SUBSCRIPTION_RENEWAL (SUB_RENEWAL_ID,CUSTOMER_ID,SUB_ID,RENEWAL_TIER,START_DATE) values ('SUBR06','CUST24','SUB02','PLATINUM',to_timestamp('20-JUN-23 12.00.00.000000000 AM','DD-MON-RR HH.MI.SSXFF AM'));
Insert into SHRIYA_PROJECT.SUBSCRIPTION_RENEWAL (SUB_RENEWAL_ID,CUSTOMER_ID,SUB_ID,RENEWAL_TIER,START_DATE) values ('SUBR07','CUST32','SUB03','PLATINUM',to_timestamp('06-JAN-23 12.00.00.000000000 AM','DD-MON-RR HH.MI.SSXFF AM'));
Insert into SHRIYA_PROJECT.SUBSCRIPTION_RENEWAL (SUB_RENEWAL_ID,CUSTOMER_ID,SUB_ID,RENEWAL_TIER,START_DATE) values ('SUBR08','CUST34','SUB04','DIAMOND',to_timestamp('26-AUG-25 12.00.00.000000000 AM','DD-MON-RR HH.MI.SSXFF AM'));
Insert into SHRIYA_PROJECT.SUBSCRIPTION_RENEWAL (SUB_RENEWAL_ID,CUSTOMER_ID,SUB_ID,RENEWAL_TIER,START_DATE) values ('SUBR09','CUST48','SUB04','DIAMOND',to_timestamp('05-MAR-26 12.00.00.000000000 AM','DD-MON-RR HH.MI.SSXFF AM'));
Insert into SHRIYA_PROJECT.SUBSCRIPTION_RENEWAL (SUB_RENEWAL_ID,CUSTOMER_ID,SUB_ID,RENEWAL_TIER,START_DATE) values ('SUBR10','CUST51','SUB04','PLATINUM',to_timestamp('18-JUL-24 12.00.00.000000000 AM','DD-MON-RR HH.MI.SSXFF AM'));

-- table 12 --

create table customer_feedback(
feedback_id varchar2(25),
case_id varchar2(10),
feedback_description VARCHAR2(100),
likely_to_retain varchar2(20),
likely_to_recommend number(20),
primary key(feedback_id),
FOREIGN KEY (case_id) REFERENCES case_details(case_id) ON DELETE CASCADE
);
/* alter table query for time taken */


---insert statements for customer_feedback

Insert into SHRIYA_PROJECT.CUSTOMER_FEEDBACK (FEEDBACK_ID,CASE_ID,LIKELY_TO_RETAIN,LIKELY_TO_RECOMMEND,FEEDBACK_DESCRIPTION) values ('FB01','CASE57','YES',6,'AGENT FIXED MY ISSUE, BUT TOOK TOO LONG.');
Insert into SHRIYA_PROJECT.CUSTOMER_FEEDBACK (FEEDBACK_ID,CASE_ID,LIKELY_TO_RETAIN,LIKELY_TO_RECOMMEND,FEEDBACK_DESCRIPTION) values ('FB02','CASE59','YES',10,'THE AGENT WAS VERY KNOWLEDGABLE AND FIXED QUICKLY');
Insert into SHRIYA_PROJECT.CUSTOMER_FEEDBACK (FEEDBACK_ID,CASE_ID,LIKELY_TO_RETAIN,LIKELY_TO_RECOMMEND,FEEDBACK_DESCRIPTION) values ('FB03','CASE56','YES',8,'THE AGENT CAME AND REPLACED THE DISPLAY');
Insert into SHRIYA_PROJECT.CUSTOMER_FEEDBACK (FEEDBACK_ID,CASE_ID,LIKELY_TO_RETAIN,LIKELY_TO_RECOMMEND,FEEDBACK_DESCRIPTION) values ('FB04','CASE04','NO',4,'MY ISSUE TOOK LOT OF TIME TO BE FIXED');
Insert into SHRIYA_PROJECT.CUSTOMER_FEEDBACK (FEEDBACK_ID,CASE_ID,LIKELY_TO_RETAIN,LIKELY_TO_RECOMMEND,FEEDBACK_DESCRIPTION) values ('FB05','CASE05','YES',9,'AGENT HAD PERFECTLY REPLACED THE LAPTOP SCREEN');
Insert into SHRIYA_PROJECT.CUSTOMER_FEEDBACK (FEEDBACK_ID,CASE_ID,LIKELY_TO_RETAIN,LIKELY_TO_RECOMMEND,FEEDBACK_DESCRIPTION) values ('FB06','CASE06','YES',8,'AGENT HAD PERFECTLY REPLACED THE SPEAKER');
Insert into SHRIYA_PROJECT.CUSTOMER_FEEDBACK (FEEDBACK_ID,CASE_ID,LIKELY_TO_RETAIN,LIKELY_TO_RECOMMEND,FEEDBACK_DESCRIPTION) values ('FB07','CASE40','YES',9,'RECEIVED MY PARTS VIA COURIER');
Insert into SHRIYA_PROJECT.CUSTOMER_FEEDBACK (FEEDBACK_ID,CASE_ID,LIKELY_TO_RETAIN,LIKELY_TO_RECOMMEND,FEEDBACK_DESCRIPTION) values ('FB08','CASE08','YES',10,'MY DISPLAY WAS REPLACED QUICKLY. VERY HAPPY');
Insert into SHRIYA_PROJECT.CUSTOMER_FEEDBACK (FEEDBACK_ID,CASE_ID,LIKELY_TO_RETAIN,LIKELY_TO_RECOMMEND,FEEDBACK_DESCRIPTION) values ('FB09','CASE09','YES',10,'THE AGENT HELPED FIX MY SPEAKERS EFFICIENTLY');
Insert into SHRIYA_PROJECT.CUSTOMER_FEEDBACK (FEEDBACK_ID,CASE_ID,LIKELY_TO_RETAIN,LIKELY_TO_RECOMMEND,FEEDBACK_DESCRIPTION) values ('FB10','CASE10','YES',8,'AGENT HAD PERFECTLY REPLACED THE STAND');
Insert into SHRIYA_PROJECT.CUSTOMER_FEEDBACK (FEEDBACK_ID,CASE_ID,LIKELY_TO_RETAIN,LIKELY_TO_RECOMMEND,FEEDBACK_DESCRIPTION) values ('FB11','CASE11','NO',4,'THE DISPLAY ARRIVED LATE');
Insert into SHRIYA_PROJECT.CUSTOMER_FEEDBACK (FEEDBACK_ID,CASE_ID,LIKELY_TO_RETAIN,LIKELY_TO_RECOMMEND,FEEDBACK_DESCRIPTION) values ('FB12','CASE12','NO',5,'THE AGENT WAS RUDE');
Insert into SHRIYA_PROJECT.CUSTOMER_FEEDBACK (FEEDBACK_ID,CASE_ID,LIKELY_TO_RETAIN,LIKELY_TO_RECOMMEND,FEEDBACK_DESCRIPTION) values ('FB13','CASE13','YES',9,'PARTS WERE PERFECTLY FINE');
Insert into SHRIYA_PROJECT.CUSTOMER_FEEDBACK (FEEDBACK_ID,CASE_ID,LIKELY_TO_RETAIN,LIKELY_TO_RECOMMEND,FEEDBACK_DESCRIPTION) values ('FB14','CASE14','YES',8,'AGENT HAD PERFECTLY REPLACED THE STAND');
Insert into SHRIYA_PROJECT.CUSTOMER_FEEDBACK (FEEDBACK_ID,CASE_ID,LIKELY_TO_RETAIN,LIKELY_TO_RECOMMEND,FEEDBACK_DESCRIPTION) values ('FB15','CASE15','YES',9,'THE STAND WAS PERFECTLY FINE AND LAPTOP STANDS BETTER NOW');
Insert into SHRIYA_PROJECT.CUSTOMER_FEEDBACK (FEEDBACK_ID,CASE_ID,LIKELY_TO_RETAIN,LIKELY_TO_RECOMMEND,FEEDBACK_DESCRIPTION) values ('FB16','CASE16','YES',8,'PARTS ARRIVED ON TIME WOTHOUT ANY DEFECT');
Insert into SHRIYA_PROJECT.CUSTOMER_FEEDBACK (FEEDBACK_ID,CASE_ID,LIKELY_TO_RETAIN,LIKELY_TO_RECOMMEND,FEEDBACK_DESCRIPTION) values ('FB17','CASE17',null,8,'DIDN''T REQUIRE THE PARTS');
Insert into SHRIYA_PROJECT.CUSTOMER_FEEDBACK (FEEDBACK_ID,CASE_ID,LIKELY_TO_RETAIN,LIKELY_TO_RECOMMEND,FEEDBACK_DESCRIPTION) values ('FB18','CASE18','YES',9,'POWER BUTTON WAS DELIVERED ON TIME');
Insert into SHRIYA_PROJECT.CUSTOMER_FEEDBACK (FEEDBACK_ID,CASE_ID,LIKELY_TO_RETAIN,LIKELY_TO_RECOMMEND,FEEDBACK_DESCRIPTION) values ('FB19','CASE19','YES',10,'SPEAKER WORKS COMPELETLY FINE, SERVICE WENT VERY SMOOTHLY');
Insert into SHRIYA_PROJECT.CUSTOMER_FEEDBACK (FEEDBACK_ID,CASE_ID,LIKELY_TO_RETAIN,LIKELY_TO_RECOMMEND,FEEDBACK_DESCRIPTION) values ('FB20','CASE46','YES',8,'AGENT WAS VERY HELPFUL');
Insert into SHRIYA_PROJECT.CUSTOMER_FEEDBACK (FEEDBACK_ID,CASE_ID,LIKELY_TO_RETAIN,LIKELY_TO_RECOMMEND,FEEDBACK_DESCRIPTION) values ('FB21','CASE21','YES',9,'GOOD SERVICE');
Insert into SHRIYA_PROJECT.CUSTOMER_FEEDBACK (FEEDBACK_ID,CASE_ID,LIKELY_TO_RETAIN,LIKELY_TO_RECOMMEND,FEEDBACK_DESCRIPTION) values ('FB22','CASE22','NO',2,'WAS NOT HELPFUL');
Insert into SHRIYA_PROJECT.CUSTOMER_FEEDBACK (FEEDBACK_ID,CASE_ID,LIKELY_TO_RETAIN,LIKELY_TO_RECOMMEND,FEEDBACK_DESCRIPTION) values ('FB23','CASE23','YES',9,'RESOLVED WITHIN THE GIVEN TIME, GOOD WORK');
Insert into SHRIYA_PROJECT.CUSTOMER_FEEDBACK (FEEDBACK_ID,CASE_ID,LIKELY_TO_RETAIN,LIKELY_TO_RECOMMEND,FEEDBACK_DESCRIPTION) values ('FB24','CASE24','NO',5,'DAMAGED PARTS');
Insert into SHRIYA_PROJECT.CUSTOMER_FEEDBACK (FEEDBACK_ID,CASE_ID,LIKELY_TO_RETAIN,LIKELY_TO_RECOMMEND,FEEDBACK_DESCRIPTION) values ('FB25','CASE25','YES',6,'SATISFIED');
Insert into SHRIYA_PROJECT.CUSTOMER_FEEDBACK (FEEDBACK_ID,CASE_ID,LIKELY_TO_RETAIN,LIKELY_TO_RECOMMEND,FEEDBACK_DESCRIPTION) values ('FB26','CASE26','YES',9,'RECIEVED THE PARTS IN TIME');
Insert into SHRIYA_PROJECT.CUSTOMER_FEEDBACK (FEEDBACK_ID,CASE_ID,LIKELY_TO_RETAIN,LIKELY_TO_RECOMMEND,FEEDBACK_DESCRIPTION) values ('FB27','CASE48','NO',2,'DIDN''T RECEIVE THE REQUIRED PARTS');
Insert into SHRIYA_PROJECT.CUSTOMER_FEEDBACK (FEEDBACK_ID,CASE_ID,LIKELY_TO_RETAIN,LIKELY_TO_RECOMMEND,FEEDBACK_DESCRIPTION) values ('FB28','CASE28','YES',9,'AGENT HAD PERFECTLY REPLACED THE STAND');
Insert into SHRIYA_PROJECT.CUSTOMER_FEEDBACK (FEEDBACK_ID,CASE_ID,LIKELY_TO_RETAIN,LIKELY_TO_RECOMMEND,FEEDBACK_DESCRIPTION) values ('FB29','CASE29','YES',9,'PARTS ARRIVED ON TIME WOTHOUT ANY DEFECT');
Insert into SHRIYA_PROJECT.CUSTOMER_FEEDBACK (FEEDBACK_ID,CASE_ID,LIKELY_TO_RETAIN,LIKELY_TO_RECOMMEND,FEEDBACK_DESCRIPTION) values ('FB30','CASE30','YES',8,'AGENT WAS VERY HELPFUL AND RECEIVED THE PARTS ON TIME');
Insert into SHRIYA_PROJECT.CUSTOMER_FEEDBACK (FEEDBACK_ID,CASE_ID,LIKELY_TO_RETAIN,LIKELY_TO_RECOMMEND,FEEDBACK_DESCRIPTION) values ('FB31','CASE31','YES',7,'RECEIVED THE NEW PARTS TODAY AND THEY WORK FINE NOW');
Insert into SHRIYA_PROJECT.CUSTOMER_FEEDBACK (FEEDBACK_ID,CASE_ID,LIKELY_TO_RETAIN,LIKELY_TO_RECOMMEND,FEEDBACK_DESCRIPTION) values ('FB32','CASE32','YES',9,'AGENT TOOK ME THROUGH ALL STEPS AND WAS HELPFUL');
Insert into SHRIYA_PROJECT.CUSTOMER_FEEDBACK (FEEDBACK_ID,CASE_ID,LIKELY_TO_RETAIN,LIKELY_TO_RECOMMEND,FEEDBACK_DESCRIPTION) values ('FB33','CASE33','NO',2,'RUDE AGENT, ASKED ME TO RENEW MY WARRANTY');
Insert into SHRIYA_PROJECT.CUSTOMER_FEEDBACK (FEEDBACK_ID,CASE_ID,LIKELY_TO_RETAIN,LIKELY_TO_RECOMMEND,FEEDBACK_DESCRIPTION) values ('FB34','CASE34','YES',9,'PARTS ARRIVED ON TIME WOTHOUT ANY DEFECT');
Insert into SHRIYA_PROJECT.CUSTOMER_FEEDBACK (FEEDBACK_ID,CASE_ID,LIKELY_TO_RETAIN,LIKELY_TO_RECOMMEND,FEEDBACK_DESCRIPTION) values ('FB35','CASE35','NO',2,'OPTED FOR EXCHANGE AND THE PARTS WERE DAMAGED');
Insert into SHRIYA_PROJECT.CUSTOMER_FEEDBACK (FEEDBACK_ID,CASE_ID,LIKELY_TO_RETAIN,LIKELY_TO_RECOMMEND,FEEDBACK_DESCRIPTION) values ('FB36','CASE36','YES',9,'NEW SCREEN ARRIVED AND NOW IT''S WORKING FINE');

-- table 15 --


create table case_resolution(
case_id varchar2(20),
resolution_type varchar2(50),
resolution_date timestamp,
comments varchar2(300),
FOREIGN KEY (case_id) REFERENCES case_details(case_id) ON DELETE CASCADE
);


--insert statements fro case resolution
Insert into SHRIYA_PROJECT.CASE_RESOLUTION (CASE_ID,RESOLUTION_TYPE,RESOLUTION_DATE,COMMENTS) values ('CASE01',null,null,null);
Insert into SHRIYA_PROJECT.CASE_RESOLUTION (CASE_ID,RESOLUTION_TYPE,RESOLUTION_DATE,COMMENTS) values ('CASE02',null,null,null);
Insert into SHRIYA_PROJECT.CASE_RESOLUTION (CASE_ID,RESOLUTION_TYPE,RESOLUTION_DATE,COMMENTS) values ('CASE03',null,null,null);
Insert into SHRIYA_PROJECT.CASE_RESOLUTION (CASE_ID,RESOLUTION_TYPE,RESOLUTION_DATE,COMMENTS) values ('CASE04','ONSITE SOLUTION',to_timestamp('23-MAR-19 12.00.00.000000000 AM','DD-MON-RR HH.MI.SSXFF AM'),'THE BATTERY WAS REPLACED ONSITE');
Insert into SHRIYA_PROJECT.CASE_RESOLUTION (CASE_ID,RESOLUTION_TYPE,RESOLUTION_DATE,COMMENTS) values ('CASE05','ONSITE SOLUTION',to_timestamp('21-MAR-19 12.00.00.000000000 AM','DD-MON-RR HH.MI.SSXFF AM'),'THE DISPLAY WAS REPLACED ONSITE');
Insert into SHRIYA_PROJECT.CASE_RESOLUTION (CASE_ID,RESOLUTION_TYPE,RESOLUTION_DATE,COMMENTS) values ('CASE06','ONSITE SOLUTION',to_timestamp('19-JAN-19 12.00.00.000000000 AM','DD-MON-RR HH.MI.SSXFF AM'),'THE SPEAKER WAS REPLACED ONSITE');
Insert into SHRIYA_PROJECT.CASE_RESOLUTION (CASE_ID,RESOLUTION_TYPE,RESOLUTION_DATE,COMMENTS) values ('CASE07',null,null,null);
Insert into SHRIYA_PROJECT.CASE_RESOLUTION (CASE_ID,RESOLUTION_TYPE,RESOLUTION_DATE,COMMENTS) values ('CASE08','ONSITE SOLUTION',to_timestamp('14-FEB-20 12.00.00.000000000 AM','DD-MON-RR HH.MI.SSXFF AM'),'THE DISPLAY WAS REPLACED ONSITE');
Insert into SHRIYA_PROJECT.CASE_RESOLUTION (CASE_ID,RESOLUTION_TYPE,RESOLUTION_DATE,COMMENTS) values ('CASE09','REMOTE SOLUTION',to_timestamp('28-DEC-19 12.00.00.000000000 AM','DD-MON-RR HH.MI.SSXFF AM'),'THE SPEAKER LACKED LATEST DEVICE DRIVERS, POST INSTALLING THE DEVICE DRIVERS THE ISSUE WAS FIXED');
Insert into SHRIYA_PROJECT.CASE_RESOLUTION (CASE_ID,RESOLUTION_TYPE,RESOLUTION_DATE,COMMENTS) values ('CASE10','ONSITE SOLUTION',to_timestamp('07-MAY-19 12.00.00.000000000 AM','DD-MON-RR HH.MI.SSXFF AM'),'THE AGENT WENT AND REPLACED THE DISPLAY');
Insert into SHRIYA_PROJECT.CASE_RESOLUTION (CASE_ID,RESOLUTION_TYPE,RESOLUTION_DATE,COMMENTS) values ('CASE11','PARTS SHIPPED',to_timestamp('30-DEC-18 12.00.00.000000000 AM','DD-MON-RR HH.MI.SSXFF AM'),'PARTS WERE SHIPPED TO THE CUSTOMER');
Insert into SHRIYA_PROJECT.CASE_RESOLUTION (CASE_ID,RESOLUTION_TYPE,RESOLUTION_DATE,COMMENTS) values ('CASE12','ONSITE SOLUTION',to_timestamp('07-OCT-19 12.00.00.000000000 AM','DD-MON-RR HH.MI.SSXFF AM'),'THE AGENT WENT AND REPLACED THE DISPLAY');
Insert into SHRIYA_PROJECT.CASE_RESOLUTION (CASE_ID,RESOLUTION_TYPE,RESOLUTION_DATE,COMMENTS) values ('CASE13','PARTS SHIPPED',to_timestamp('21-JUN-19 12.00.00.000000000 AM','DD-MON-RR HH.MI.SSXFF AM'),'PARTS WERE SHIPPED TO THE CUSTOMER');
Insert into SHRIYA_PROJECT.CASE_RESOLUTION (CASE_ID,RESOLUTION_TYPE,RESOLUTION_DATE,COMMENTS) values ('CASE14','ONSITE SOLUTION',to_timestamp('11-AUG-19 12.00.00.000000000 AM','DD-MON-RR HH.MI.SSXFF AM'),'THE AGENT WENT AND REPLACED THE DISPLAY');
Insert into SHRIYA_PROJECT.CASE_RESOLUTION (CASE_ID,RESOLUTION_TYPE,RESOLUTION_DATE,COMMENTS) values ('CASE15','ONSITE SOLUTION',to_timestamp('12-APR-19 12.00.00.000000000 AM','DD-MON-RR HH.MI.SSXFF AM'),'THE AGENT WENT AND REPLACED THE DISPLAY');
Insert into SHRIYA_PROJECT.CASE_RESOLUTION (CASE_ID,RESOLUTION_TYPE,RESOLUTION_DATE,COMMENTS) values ('CASE16','PARTS SHIPPED',to_timestamp('21-SEP-19 12.00.00.000000000 AM','DD-MON-RR HH.MI.SSXFF AM'),'PARTS WERE SHIPPED TO THE CUSTOMER');
Insert into SHRIYA_PROJECT.CASE_RESOLUTION (CASE_ID,RESOLUTION_TYPE,RESOLUTION_DATE,COMMENTS) values ('CASE17','CANCELED PER CUSTOMER''S REQUEST',to_timestamp('16-JAN-20 12.00.00.000000000 AM','DD-MON-RR HH.MI.SSXFF AM'),'THE ORDER WAS CANCELLED BY THE CUSTOMER');
Insert into SHRIYA_PROJECT.CASE_RESOLUTION (CASE_ID,RESOLUTION_TYPE,RESOLUTION_DATE,COMMENTS) values ('CASE18','PARTS SHIPPED',to_timestamp('29-JUN-19 12.00.00.000000000 AM','DD-MON-RR HH.MI.SSXFF AM'),'PARTS WERE SHIPPED TO THE CUSTOMER');
Insert into SHRIYA_PROJECT.CASE_RESOLUTION (CASE_ID,RESOLUTION_TYPE,RESOLUTION_DATE,COMMENTS) values ('CASE19','RESOLVED SOULTION',to_timestamp('18-NOV-19 12.00.00.000000000 AM','DD-MON-RR HH.MI.SSXFF AM'),'RESOLVED IT BY CHANGING THE WIRES');
Insert into SHRIYA_PROJECT.CASE_RESOLUTION (CASE_ID,RESOLUTION_TYPE,RESOLUTION_DATE,COMMENTS) values ('CASE20',null,null,null);
Insert into SHRIYA_PROJECT.CASE_RESOLUTION (CASE_ID,RESOLUTION_TYPE,RESOLUTION_DATE,COMMENTS) values ('CASE21','RESOLVED SOULTION',to_timestamp('03-NOV-19 12.00.00.000000000 AM','DD-MON-RR HH.MI.SSXFF AM'),'RESLOVED BY RESETTING THE CONNECTIONS');
Insert into SHRIYA_PROJECT.CASE_RESOLUTION (CASE_ID,RESOLUTION_TYPE,RESOLUTION_DATE,COMMENTS) values ('CASE22','OUT OF WARRANTY ',to_timestamp('04-APR-19 12.00.00.000000000 AM','DD-MON-RR HH.MI.SSXFF AM'),'OFFERED FOR WARRANTY RENEWAL');
Insert into SHRIYA_PROJECT.CASE_RESOLUTION (CASE_ID,RESOLUTION_TYPE,RESOLUTION_DATE,COMMENTS) values ('CASE23','ONSITE SOLUTION',to_timestamp('13-OCT-19 12.00.00.000000000 AM','DD-MON-RR HH.MI.SSXFF AM'),'RESOLVED ONSITE BY MODULATING THE VOLUME');
Insert into SHRIYA_PROJECT.CASE_RESOLUTION (CASE_ID,RESOLUTION_TYPE,RESOLUTION_DATE,COMMENTS) values ('CASE24','PARTS SHIPPED',to_timestamp('24-JUN-19 12.00.00.000000000 AM','DD-MON-RR HH.MI.SSXFF AM'),'RESOLVED BY SHIPPING PARTS TO THE CUSTOMER');
Insert into SHRIYA_PROJECT.CASE_RESOLUTION (CASE_ID,RESOLUTION_TYPE,RESOLUTION_DATE,COMMENTS) values ('CASE25','ONSITE SOLUTION',to_timestamp('17-DEC-19 12.00.00.000000000 AM','DD-MON-RR HH.MI.SSXFF AM'),'CHANGED THE CONNECTIONS');
Insert into SHRIYA_PROJECT.CASE_RESOLUTION (CASE_ID,RESOLUTION_TYPE,RESOLUTION_DATE,COMMENTS) values ('CASE26','PARTS SHIPPED',to_timestamp('03-FEB-20 12.00.00.000000000 AM','DD-MON-RR HH.MI.SSXFF AM'),'RESOLVED BY SHIPPING PARTS');
Insert into SHRIYA_PROJECT.CASE_RESOLUTION (CASE_ID,RESOLUTION_TYPE,RESOLUTION_DATE,COMMENTS) values ('CASE27',null,null,null);
Insert into SHRIYA_PROJECT.CASE_RESOLUTION (CASE_ID,RESOLUTION_TYPE,RESOLUTION_DATE,COMMENTS) values ('CASE28','Parts Shipped',to_timestamp('05-FEB-19 12.00.00.000000000 AM','DD-MON-RR HH.MI.SSXFF AM'),'RESOLVED BY SHIPPING PARTS');
Insert into SHRIYA_PROJECT.CASE_RESOLUTION (CASE_ID,RESOLUTION_TYPE,RESOLUTION_DATE,COMMENTS) values ('CASE29','Parts Shipped',to_timestamp('16-FEB-19 12.00.00.000000000 AM','DD-MON-RR HH.MI.SSXFF AM'),'ASKED THE CUSTOMER TO OPT EXCHANGE');
Insert into SHRIYA_PROJECT.CASE_RESOLUTION (CASE_ID,RESOLUTION_TYPE,RESOLUTION_DATE,COMMENTS) values ('CASE30','Parts Shipped',to_timestamp('20-OCT-19 12.00.00.000000000 AM','DD-MON-RR HH.MI.SSXFF AM'),'RESOLVED BY SHIPPING PARTS');
Insert into SHRIYA_PROJECT.CASE_RESOLUTION (CASE_ID,RESOLUTION_TYPE,RESOLUTION_DATE,COMMENTS) values ('CASE31','Parts Shipped',to_timestamp('26-MAY-19 12.00.00.000000000 AM','DD-MON-RR HH.MI.SSXFF AM'),'RESOLVED BY SHIPPING PARTS');
Insert into SHRIYA_PROJECT.CASE_RESOLUTION (CASE_ID,RESOLUTION_TYPE,RESOLUTION_DATE,COMMENTS) values ('CASE32','Resolved-Solution provided',to_timestamp('11-JAN-19 12.00.00.000000000 AM','DD-MON-RR HH.MI.SSXFF AM'),'RESOLVED IT ON CALL, PROVIDED STEP BY STEP PROCESS');
Insert into SHRIYA_PROJECT.CASE_RESOLUTION (CASE_ID,RESOLUTION_TYPE,RESOLUTION_DATE,COMMENTS) values ('CASE33','Out Of Warranty - Do not agree to pay',to_timestamp('28-SEP-19 12.00.00.000000000 AM','DD-MON-RR HH.MI.SSXFF AM'),'OFFERED CUSTOMER TO OPT FOR EXCHANGE,BUT OUT OF WARRANTY,DIDNT AGREE TO PAY');
Insert into SHRIYA_PROJECT.CASE_RESOLUTION (CASE_ID,RESOLUTION_TYPE,RESOLUTION_DATE,COMMENTS) values ('CASE34','Parts Shipped',to_timestamp('01-SEP-19 12.00.00.000000000 AM','DD-MON-RR HH.MI.SSXFF AM'),'RESOLVED BY SHIPPING PARTS TO CUSTOMER');
Insert into SHRIYA_PROJECT.CASE_RESOLUTION (CASE_ID,RESOLUTION_TYPE,RESOLUTION_DATE,COMMENTS) values ('CASE35','Parts Shipped',to_timestamp('22-OCT-19 12.00.00.000000000 AM','DD-MON-RR HH.MI.SSXFF AM'),'OFFERED EXCHANGE SOLUTION TO CUSTOMER');
Insert into SHRIYA_PROJECT.CASE_RESOLUTION (CASE_ID,RESOLUTION_TYPE,RESOLUTION_DATE,COMMENTS) values ('CASE36','Parts Shipped',to_timestamp('25-MAY-19 12.00.00.000000000 AM','DD-MON-RR HH.MI.SSXFF AM'),'RESOLVED BY EXCHANGING LAPTOP SCREEN');
Insert into SHRIYA_PROJECT.CASE_RESOLUTION (CASE_ID,RESOLUTION_TYPE,RESOLUTION_DATE,COMMENTS) values ('CASE37','RESOLVED',to_timestamp('22-MAY-19 12.00.00.000000000 AM','DD-MON-RR HH.MI.SSXFF AM'),'RESOLVED IT ON CALL, PROVIDED STEP BY STEP PROCESS');
Insert into SHRIYA_PROJECT.CASE_RESOLUTION (CASE_ID,RESOLUTION_TYPE,RESOLUTION_DATE,COMMENTS) values ('CASE38',null,null,null);
Insert into SHRIYA_PROJECT.CASE_RESOLUTION (CASE_ID,RESOLUTION_TYPE,RESOLUTION_DATE,COMMENTS) values ('CASE39',null,null,null);
Insert into SHRIYA_PROJECT.CASE_RESOLUTION (CASE_ID,RESOLUTION_TYPE,RESOLUTION_DATE,COMMENTS) values ('CASE40','RESOLVED',to_timestamp('21-JUN-19 12.00.00.000000000 AM','DD-MON-RR HH.MI.SSXFF AM'),'RESOLVED BY SHIPPING PARTS');
Insert into SHRIYA_PROJECT.CASE_RESOLUTION (CASE_ID,RESOLUTION_TYPE,RESOLUTION_DATE,COMMENTS) values ('CASE41','RESOLVED',to_timestamp('11-OCT-19 12.00.00.000000000 AM','DD-MON-RR HH.MI.SSXFF AM'),'THE AGENT WENT AND REPLACED THE DISPLAY');
Insert into SHRIYA_PROJECT.CASE_RESOLUTION (CASE_ID,RESOLUTION_TYPE,RESOLUTION_DATE,COMMENTS) values ('CASE42','ONSITE SOLUTION',to_timestamp('17-OCT-19 12.00.00.000000000 AM','DD-MON-RR HH.MI.SSXFF AM'),'THE AGENT WENT AND REPLACED THE DISPLAY');
Insert into SHRIYA_PROJECT.CASE_RESOLUTION (CASE_ID,RESOLUTION_TYPE,RESOLUTION_DATE,COMMENTS) values ('CASE43','PARTS SHIPPED',to_timestamp('25-DEC-19 12.00.00.000000000 AM','DD-MON-RR HH.MI.SSXFF AM'),'PARTS WERE SHIPPED TO THE CUSTOMER');
Insert into SHRIYA_PROJECT.CASE_RESOLUTION (CASE_ID,RESOLUTION_TYPE,RESOLUTION_DATE,COMMENTS) values ('CASE44','ONSITE SOLUTION',to_timestamp('28-DEC-19 12.00.00.000000000 AM','DD-MON-RR HH.MI.SSXFF AM'),'THE AGENT WENT AND REPLACED THE BATTERY');
Insert into SHRIYA_PROJECT.CASE_RESOLUTION (CASE_ID,RESOLUTION_TYPE,RESOLUTION_DATE,COMMENTS) values ('CASE45','ONSITE SOLUTION',to_timestamp('24-JAN-20 12.00.00.000000000 AM','DD-MON-RR HH.MI.SSXFF AM'),'THE AGENT WENT AND REPLACED THE BATTERY');
Insert into SHRIYA_PROJECT.CASE_RESOLUTION (CASE_ID,RESOLUTION_TYPE,RESOLUTION_DATE,COMMENTS) values ('CASE46','REMOTE SOLUTION',to_timestamp('24-JAN-20 12.00.00.000000000 AM','DD-MON-RR HH.MI.SSXFF AM'),'RESOLVED IT ON CALL, PROVIDED STEP BY STEP PROCESS');
Insert into SHRIYA_PROJECT.CASE_RESOLUTION (CASE_ID,RESOLUTION_TYPE,RESOLUTION_DATE,COMMENTS) values ('CASE47','ONSITE SOLUTION',to_timestamp('11-MAR-20 12.00.00.000000000 AM','DD-MON-RR HH.MI.SSXFF AM'),'THE AGENT WENT AND REPLACED THE DISPLAY');
Insert into SHRIYA_PROJECT.CASE_RESOLUTION (CASE_ID,RESOLUTION_TYPE,RESOLUTION_DATE,COMMENTS) values ('CASE48','REMOTE SOLUTION',to_timestamp('26-MAR-20 12.00.00.000000000 AM','DD-MON-RR HH.MI.SSXFF AM'),'RESOLVED IT ON CALL, PROVIDED STEP BY STEP PROCESS');
Insert into SHRIYA_PROJECT.CASE_RESOLUTION (CASE_ID,RESOLUTION_TYPE,RESOLUTION_DATE,COMMENTS) values ('CASE49','REMOTE SOLUTION',to_timestamp('29-MAR-20 12.00.00.000000000 AM','DD-MON-RR HH.MI.SSXFF AM'),'RESOLVED IT ON CALL, PROVIDED STEP BY STEP PROCESS');
Insert into SHRIYA_PROJECT.CASE_RESOLUTION (CASE_ID,RESOLUTION_TYPE,RESOLUTION_DATE,COMMENTS) values ('CASE50','ONSITE SOLUTION',to_timestamp('07-MAY-20 12.00.00.000000000 AM','DD-MON-RR HH.MI.SSXFF AM'),'THE AGENT WENT AND REPAIRED CONNECTION FAULT');
Insert into SHRIYA_PROJECT.CASE_RESOLUTION (CASE_ID,RESOLUTION_TYPE,RESOLUTION_DATE,COMMENTS) values ('CASE51','ONSITE SOLUTION',to_timestamp('23-JUL-20 12.00.00.000000000 AM','DD-MON-RR HH.MI.SSXFF AM'),'THE AGENT WENT AND REPLACED THE DISPLAY');
Insert into SHRIYA_PROJECT.CASE_RESOLUTION (CASE_ID,RESOLUTION_TYPE,RESOLUTION_DATE,COMMENTS) values ('CASE52','PARTS SHIPPED',to_timestamp('22-JUL-20 12.00.00.000000000 AM','DD-MON-RR HH.MI.SSXFF AM'),'PARTS WERE SHIPPED TO THE CUSTOMER');
Insert into SHRIYA_PROJECT.CASE_RESOLUTION (CASE_ID,RESOLUTION_TYPE,RESOLUTION_DATE,COMMENTS) values ('CASE53','ONSITE SOLUTION',to_timestamp('03-AUG-20 12.00.00.000000000 AM','DD-MON-RR HH.MI.SSXFF AM'),'THE AGENT WENT AND REPLACED THE DISPLAY');
Insert into SHRIYA_PROJECT.CASE_RESOLUTION (CASE_ID,RESOLUTION_TYPE,RESOLUTION_DATE,COMMENTS) values ('CASE54','ONSITE SOLUTION',to_timestamp('07-AUG-20 12.00.00.000000000 AM','DD-MON-RR HH.MI.SSXFF AM'),'THE AGENT WENT AND REPLACED THE DISPLAY');
Insert into SHRIYA_PROJECT.CASE_RESOLUTION (CASE_ID,RESOLUTION_TYPE,RESOLUTION_DATE,COMMENTS) values ('CASE55','ONSITE SOLUTION',to_timestamp('22-AUG-20 12.00.00.000000000 AM','DD-MON-RR HH.MI.SSXFF AM'),'THE AGENT WENT AND REPLACED THE DISPLAY');
Insert into SHRIYA_PROJECT.CASE_RESOLUTION (CASE_ID,RESOLUTION_TYPE,RESOLUTION_DATE,COMMENTS) values ('CASE56','ONSITE SOLUTION',to_timestamp('18-MAY-20 12.00.00.000000000 AM','DD-MON-RR HH.MI.SSXFF AM'),'THE AGENT WENT AND REPLACED THE DISPLAY');

drop view V_CUSOTMER_PROFILE;

CREATE VIEW V_CUSOTMER_PROFILE AS
SELECT
    c.customer_ID,
    c.first_name || ' ' || last_name full_name,
    c.email,
    c.phone_number,
    c.customer_onboarddate,
    a.address_type,
    a.address_1,
    a.address_2,
    a.city,
    a.state_code,
    a.country,
    a.zip
FROM
    customer c
    left join customer_address a on c.customer_id = a.customer_id ;


drop view V_CASE_DETAILS;

CREATE VIEW V_CASE_DETAILS AS
SELECT
    c.case_id,
    c.open_date,
    c.close_date,
    c.part_id,
    c.imei,
    c.case_subject,
    c.customer_id,
    c.state_code,
    c.issue_type,
    a.employee_firstname || ' ' || a.employee_lastname full_name,
    a.employee_email
FROM
    case_details c
    left join employee a on c.employee_id = a.employee_id ;
    
drop view transaction_history_vw;
CREATE VIEW transaction_history_vw AS
SELECT
    a.sub_id,
    a.sub_tier,
    a.sub_period,
    p.payment_id,
    c.customer_id,
    d.dept_service_cost,
    a.discount

FROM
    customer c
    left join subscription a on c.sub_id = a.sub_id 
    left join department d on c.customer_id = d.manager_id
    left join payment p on p.customer_id = c.customer_id;
    
drop table payment; 
CREATE TABLE shriya_project.PAYMENT(
Payment_id int,
Customer_id varchar2(10),
discount number(10),
case_id varchar2(10),
PRIMARY KEY(Payment_id),
FOREIGN KEY (case_id) References shriya_project.case_details(case_id) ON DELETE CASCADE
);


drop sequence seq_payment_id;

ALTER TABLE SHRIYA_PROJECT.payment
DROP COLUMN discount;


alter table SHRIYA_PROJECT.payment
add discount decimal(5,2);

CREATE SEQUENCE SHRIYA_PROJECT.SEQ_PAYMENT_ID START WITH 1 INCREMENT BY 1;

insert into payment(payment_id, customer_id, discount, case_id)
select seq_payment_id.nextval, c.customer_id, s.discount, cd.case_id
from subscription s, customer c, case_details cd
where c.sub_id = s.sub_id and c.customer_id = cd.customer_id;
    
CREATE OR REPLACE EDITIONABLE PACKAGE PCKG_CUSTOMER AS 
ex_INVALID EXCEPTION;
FUNCTION PROCESS_CUSTOMER_ADDRESS(
        vADDRESS_1 IN CUSTOMER_ADDRESS.ADDRESS_1%TYPE,
        vADDRESS_2 IN CUSTOMER_ADDRESS.ADDRESS_2%TYPE,
        vstate_code IN CUSTOMER_ADDRESS.State_code%TYPE,
        vCITY IN CUSTOMER_ADDRESS.CITY%TYPE, 
        vZIP IN CUSTOMER_ADDRESS.ZIP%TYPE, 
        vCountry IN CUSTOMER_ADDRESS.country%TYPE,
        vADDRESS_TYPE IN CUSTOMER_ADDRESS.ADDRESS_TYPE%TYPE) 
    RETURN VARCHAR2;
    
    FUNCTION PROCESS_CUSTOMER(
        vCustomer_id IN CUSTOMER.Customer_id%TYPE,
        vFIRST_NAME IN CUSTOMER.FIRST_NAME%type, 
        vLAST_NAME IN CUSTOMER.LAST_NAME%type, 
        vEMAIL IN CUSTOMER.EMAIL%type,
        vPHONE_NUMBER IN CUSTOMER.PHONE_NUMBER%type, 
        vCUSTOMER_ONBOARDDATE IN CUSTOMER.CUSTOMER_ONBOARDDATE%type, 
        vSUB_ID IN CUSTOMER.SUB_ID%type) 
    RETURN VARCHAR2;
    
    PROCEDURE INSERT_CUSTOMER(
        vCustomer_id IN CUSTOMER.Customer_id%TYPE,
        vFIRST_NAME IN CUSTOMER.FIRST_NAME%type, 
        vLAST_NAME IN CUSTOMER.LAST_NAME%type, 
        vEMAIL IN CUSTOMER.EMAIL%type,
        vPHONE_NUMBER IN CUSTOMER.PHONE_NUMBER%type, 
        vCUSTOMER_ONBOARDDATE IN CUSTOMER.CUSTOMER_ONBOARDDATE%type, 
        vSUB_ID IN CUSTOMER.SUB_ID%type);
    
        PROCEDURE INSERT_CUSTOMER_ADDRESS(
        vCustomer_id IN CUSTOMER_ADDRESS.Customer_id%TYPE,
        vADDRESS_1 IN CUSTOMER_ADDRESS.ADDRESS_1%TYPE,
        vADDRESS_2 IN CUSTOMER_ADDRESS.ADDRESS_2%TYPE,
        vState_code IN CUSTOMER_ADDRESS.State_code%TYPE,
        vCITY IN CUSTOMER_ADDRESS.CITY%TYPE,
        vZIP IN CUSTOMER_ADDRESS.ZIP%TYPE,
        vCountry IN CUSTOMER_ADDRESS.country%TYPE,
        vADDRESS_TYPE IN CUSTOMER_ADDRESS.ADDRESS_TYPE%TYPE);
        
        PROCEDURE UPDATE_CUSTOMER_ADDRESS(
        vCustomer_id IN CUSTOMER_ADDRESS.Customer_id%TYPE,
        vADDRESS_1 IN CUSTOMER_ADDRESS.ADDRESS_1%TYPE,
        vADDRESS_2 IN CUSTOMER_ADDRESS.ADDRESS_2%TYPE,
        vState_code IN CUSTOMER_ADDRESS.State_code%TYPE,
        vCITY IN CUSTOMER_ADDRESS.CITY%TYPE,
        vZIP IN CUSTOMER_ADDRESS.ZIP%TYPE,
        vCountry IN CUSTOMER_ADDRESS.country%TYPE,
        vADDRESS_TYPE IN CUSTOMER_ADDRESS.ADDRESS_TYPE%TYPE);
        
END PCKG_CUSTOMER;

CREATE OR REPLACE EDITIONABLE PACKAGE PCKG_UTILS   AS 
 FUNCTION CHECK_CUSTOMER_ID_EXISTS 
    (
    vCUST_ID IN CUSTOMER.CUSTOMER_ID%type 
    ) RETURN VARCHAR2;
    
    FUNCTION CHECK_CASE_ID_EXISTS 
    (
    vCASE_ID IN CASE_DETAILS.CASE_ID%type
    ) RETURN VARCHAR2;
    
END PCKG_UTILS;

CREATE OR REPLACE EDITIONABLE PACKAGE BODY PCKG_UTILS   AS
 FUNCTION CHECK_CUSTOMER_ID_EXISTS 
    (
      vCUST_ID IN CUSTOMER.CUSTOMER_ID%type 
    ) RETURN VARCHAR2 AS
    
        DB_CUSTOMER_ID CUSTOMER.CUSTOMER_ID%type;
    BEGIN
    
        select CUSTOMER_ID into DB_CUSTOMER_ID from CUSTOMER where CUSTOMER_ID = vCUST_ID;
        if DB_CUSTOMER_ID IS NOT NULL then
            return DB_CUSTOMER_ID;
        end if;
    EXCEPTION
        when NO_DATA_FOUND then
             return 0;
        RETURN 0;
    END CHECK_CUSTOMER_ID_EXISTS;
    
    
    FUNCTION CHECK_CASE_ID_EXISTS 
    (
     vCASE_ID IN CASE_DETAILS.CASE_ID%type 
    ) RETURN VARCHAR2 AS 
        DB_CASE_ID CASE_DETAILS.CASE_ID%type;
    BEGIN
    
        select CASE_ID into DB_CASE_ID from CASE_DETAILS where CASE_ID = vCASE_ID;
        if DB_CASE_ID IS NOT NULL then
            return DB_CASE_ID;
        end if;
    EXCEPTION
        when NO_DATA_FOUND then
             return 0;
        RETURN 0;
    END CHECK_CASE_ID_EXISTS;
    
end PCKG_UTILS;


CREATE OR REPLACE EDITIONABLE PACKAGE BODY PCKG_CUSTOMER   AS

FUNCTION PROCESS_CUSTOMER_ADDRESS(
        vADDRESS_1 IN CUSTOMER_ADDRESS.ADDRESS_1%TYPE,
        vADDRESS_2 IN CUSTOMER_ADDRESS.ADDRESS_2%TYPE,
        vstate_code IN CUSTOMER_ADDRESS.State_code%TYPE,
        vCITY IN CUSTOMER_ADDRESS.CITY%TYPE, 
        vZIP IN CUSTOMER_ADDRESS.ZIP%TYPE, 
        vCountry IN CUSTOMER_ADDRESS.country%TYPE,
        vADDRESS_TYPE IN CUSTOMER_ADDRESS.ADDRESS_TYPE%TYPE) 
    RETURN VARCHAR2 AS
    
        ex_INVALID_ADDRESS EXCEPTION;
        ex_INVALID_CITY EXCEPTION;
        ex_INVALID_CITY_STATE EXCEPTION;
        ex_INVALID_ZIP_CODE EXCEPTION;
        ex_INVALID_ADDRESS_TYPE EXCEPTION;
    BEGIN
    
      --check if data is null, empty and not appropriate---
        if vADDRESS_1 is NULL or LENGTH(trim(vADDRESS_1)) is NULL or LENGTH(trim(vADDRESS_1)) > 50 then
            raise ex_INVALID_ADDRESS;
        end if;
        
        if LENGTH(trim(vADDRESS_1)) > 50 then
            raise ex_INVALID_ADDRESS;
        end if; 
    
        if vCITY is NULL or LENGTH(trim(vCITY)) is NULL then
            raise ex_INVALID_CITY;
        end if;
    
        if vstate_code is NULL or LENGTH(trim(vstate_code)) is NULL then
            raise ex_INVALID_CITY_STATE;
        end if;
        
        if vZIP is NULL or LENGTH(trim(vZIP)) is NULL then
            raise ex_INVALID_ZIP_CODE;
        end if;
    
        if vADDRESS_TYPE is NULL or LENGTH(trim(vADDRESS_TYPE)) is NULL or vADDRESS_TYPE NOT IN ('HOME','WORK','OTHER') then
            raise ex_INVALID_ADDRESS_TYPE;
        end if;
    
        RETURN 'YES';
    
    EXCEPTION
        when ex_INVALID_ADDRESS then
        dbms_output.put_line('Invalid Address !!!');
        RETURN 'NO';
        
        when ex_INVALID_CITY then
        dbms_output.put_line('Invalid City !!!');
        RETURN 'NO';
            
        when ex_INVALID_CITY_STATE then
        dbms_output.put_line('Invalid State !!!');
        RETURN 'NO';
      
        when ex_INVALID_ZIP_CODE then
        dbms_output.put_line('Invalid Zip Code !!!');
        RETURN 'NO';
        
        when ex_INVALID_ADDRESS_TYPE then
        dbms_output.put_line('Invalid Address Type !!!');
        RETURN 'NO';
        
        RETURN 'NO';
    
    END PROCESS_CUSTOMER_ADDRESS;
    
FUNCTION PROCESS_CUSTOMER(
        vCustomer_id IN CUSTOMER.Customer_id%TYPE,
        vFIRST_NAME IN CUSTOMER.FIRST_NAME%type, 
        vLAST_NAME IN CUSTOMER.LAST_NAME%type, 
        vEMAIL IN CUSTOMER.EMAIL%type,
        vPHONE_NUMBER IN CUSTOMER.PHONE_NUMBER%type, 
        vCUSTOMER_ONBOARDDATE IN CUSTOMER.CUSTOMER_ONBOARDDATE%type, 
        vSUB_ID IN CUSTOMER.SUB_ID%type)  
    RETURN VARCHAR2 AS
    
        DB_EMAIL_ID CUSTOMER.EMAIL%type;
        DB_CONTACT CUSTOMER.PHONE_NUMBER%type;
 
        
        INVALID_NAME EXCEPTION;
        INVALID_EMAIL EXCEPTION;
        INVALID_CONTACT EXCEPTION;
    
    BEGIN
            
        -- check data is null, empty and appropriate
        if vFIRST_NAME is NULL or REGEXP_LIKE(TRIM(vFIRST_NAME) , '^[0-9]*$') or LENGTH(TRIM(vFIRST_NAME)) is NULL or
        vLAST_NAME is NULL or REGEXP_LIKE(TRIM(vLAST_NAME) , '^[0-9]*$') or LENGTH(TRIM(vLAST_NAME)) is NULL then
            raise INVALID_NAME;
        end if;
        
        if vEMAIL is NULL or LENGTH(TRIM(vEMAIL)) is NULL or NOT (TRIM(vEMAIL)) LIKE '%@_%._%' then
            raise INVALID_EMAIL;
        end if;
        
        if vPHONE_NUMBER is NULL or  LENGTH(vPHONE_NUMBER) != 14  then
            raise INVALID_CONTACT;
        end if;
        
            -- check if customer data already exists
            begin
                select EMAIL into DB_EMAIL_ID from CUSTOMER where EMAIL = vEMAIL;
                if DB_EMAIL_ID IS NOT NULL then
                    raise INVALID_EMAIL;
                end if;
            exception
                when NO_DATA_FOUND then
                     NULL;
                when INVALID_EMAIL then
                    dbms_output.put_line('Duplicate Email Address!!!');
                    RETURN 'NO';
            end;
        
            begin
                select PHONE_NUMBER into DB_CONTACT from CUSTOMER where PHONE_NUMBER = vPHONE_NUMBER;
                if DB_CONTACT IS NOT NULL then
                    raise INVALID_CONTACT;
                end if;
            exception
                when NO_DATA_FOUND then
                     NULL;
                when INVALID_CONTACT then
                    dbms_output.put_line('Duplicate Contact!!!');
                    RETURN 'NO';
            end;
        
        RETURN 'YES';
    
    EXCEPTION
        when INVALID_NAME then
            dbms_output.put_line('Invalid Name !!!');
            RETURN 'NO';
        when INVALID_EMAIL then
            dbms_output.put_line('Invalid Email !!!');
            RETURN 'NO';
        when INVALID_CONTACT then
            dbms_output.put_line('Invalid Contact !!!');
            RETURN 'NO';
        when others then
            RETURN 'NO';
        
    END PROCESS_CUSTOMER;
    
    

    PROCEDURE INSERT_CUSTOMER_ADDRESS(
        vCustomer_id IN CUSTOMER_ADDRESS.Customer_id%TYPE,
        vADDRESS_1 IN CUSTOMER_ADDRESS.ADDRESS_1%TYPE,
        vADDRESS_2 IN CUSTOMER_ADDRESS.ADDRESS_2%TYPE,
        vState_code IN CUSTOMER_ADDRESS.State_code%TYPE,
        vCITY IN CUSTOMER_ADDRESS.CITY%TYPE,
        vZIP IN CUSTOMER_ADDRESS.ZIP%TYPE,
        vCountry IN CUSTOMER_ADDRESS.country%TYPE,
        vADDRESS_TYPE IN CUSTOMER_ADDRESS.ADDRESS_TYPE%TYPE)
        AS
        ex_INVALID EXCEPTION;
        ex_DUPLICATE_ADDR_ID EXCEPTION;
        ex_INVALID_CUST_ID EXCEPTION;
    BEGIN
        
        IF PROCESS_CUSTOMER_ADDRESS(trim(vADDRESS_1),trim(vADDRESS_2),trim(vState_code),trim(vCITY),
        trim(vZIP), trim(vCountry),trim(vADDRESS_TYPE)) = 'NO' then
            raise ex_INVALID;
        END IF;
        
        if pckg_utils.check_customer_id_exists(vCUSTOMER_ID) is null then
            raise ex_INVALID_CUST_ID;
        end if;
        
        
        INSERT INTO shriya_project.CUSTOMER_ADDRESS(CUSTOMER_ID, ADDRESS_1,ADDRESS_2, state_code, CITY, ZIP,country, ADDRESS_TYPE)
        VALUES(
            vCUSTOMER_ID,
            trim(vADDRESS_1),
            trim(vADDRESS_2),
            trim(vState_code),
            trim(vCITY),
            trim(vZIP),
            trim(vCountry),
            trim(vADDRESS_TYPE));
            
        IF SQL%ROWCOUNT != 1 then
            dbms_output.put_line('Sorry, Customer Address could not be inserted !!!');
            rollback;
        ELSE
            COMMIT;
            dbms_output.put_line('Customer Address Inserted Successfully !!!'); 
        END IF;
        
    EXCEPTION
        when ex_INVALID then
            dbms_output.put_line('Please insert the valid Customer Address !!!');
        when ex_DUPLICATE_ADDR_ID then
            dbms_output.put_line('Duplicate Address Id !!!');
        when ex_INVALID_CUST_ID then
            dbms_output.put_line(' Invalid Customer Id !!!');
        when others then
            dbms_output.put_line('Invalid Operation: '|| SQLERRM);
    
    END INSERT_CUSTOMER_ADDRESS;
    
    PROCEDURE UPDATE_CUSTOMER_ADDRESS(
        vCustomer_id IN CUSTOMER_ADDRESS.Customer_id%TYPE,
        vADDRESS_1 IN CUSTOMER_ADDRESS.ADDRESS_1%TYPE,
        vADDRESS_2 IN CUSTOMER_ADDRESS.ADDRESS_2%TYPE,
        vState_code IN CUSTOMER_ADDRESS.State_code%TYPE,
        vCITY IN CUSTOMER_ADDRESS.CITY%TYPE,
        vZIP IN CUSTOMER_ADDRESS.ZIP%TYPE,
        vCountry IN CUSTOMER_ADDRESS.country%TYPE,
        vADDRESS_TYPE IN CUSTOMER_ADDRESS.ADDRESS_TYPE%TYPE) 
        AS
        ex_INVALID EXCEPTION;
        ex_INVALID_ADDR_ID EXCEPTION;
    BEGIN

        IF PROCESS_CUSTOMER_ADDRESS(trim(vADDRESS_1),trim(vADDRESS_2),trim(vState_code),trim(vCITY),
        trim(vZIP), trim(vCountry),trim(vADDRESS_TYPE)) = 'NO' then
            raise ex_INVALID;
        END IF;
        

        UPDATE CUSTOMER_ADDRESS SET ADDRESS_1 = vADDRESS_1, ADDRESS_2 = vADDRESS_2,
        State_code = vState_code,CITY=vCITY ,ZIP=vZIP ,ADDRESS_TYPE=vADDRESS_TYPE WHERE Customer_id = vCustomer_id;
        
        IF SQL%ROWCOUNT !=1 THEN
            dbms_output.put_line('Record has not been updated. Please try again !!!');
            rollback;
        ELSE
            dbms_output.put_line('Record has updated successfully !!!');
            commit;
        END IF;

    EXCEPTION
        WHEN ex_INVALID THEN
            dbms_output.put_line('Customer address Update has failed. Please try again with valid constraints !!!');
        when ex_INVALID_ADDR_ID then
            dbms_output.put_line('No Address Id Found !!!');
        when others then
            dbms_output.put_line('Invalid Operation' || SQLERRM);
    END UPDATE_CUSTOMER_ADDRESS;
    
    PROCEDURE INSERT_CUSTOMER(
        vCustomer_id IN CUSTOMER.Customer_id%TYPE,
        vFIRST_NAME IN CUSTOMER.FIRST_NAME%type, 
        vLAST_NAME IN CUSTOMER.LAST_NAME%type, 
        vEMAIL IN CUSTOMER.EMAIL%type,
        vPHONE_NUMBER IN CUSTOMER.PHONE_NUMBER%type, 
        vCUSTOMER_ONBOARDDATE IN CUSTOMER.CUSTOMER_ONBOARDDATE%type, 
        vSUB_ID IN CUSTOMER.SUB_ID%type) 
        AS        
        ex_INVALID EXCEPTION;
        ex_DUPLICATE_CUSTOMER_ID EXCEPTION;
        
        BEGIN
        
        if PROCESS_CUSTOMER(vCustomer_id,trim(vFIRST_NAME),trim(vLAST_NAME),trim(vEMAIL),vPHONE_NUMBER,vCUSTOMER_ONBOARDDATE,
        trim(vSUB_ID)) = 'NO' then
            raise ex_INVALID;
        end if;
        
        if pckg_utils.CHECK_CUSTOMER_ID_EXISTS(vCUSTOMER_ID) != 0 then
            raise  ex_DUPLICATE_CUSTOMER_ID;
        end if;
        
        
        insert into customer values (vCustomer_id,
          trim(vFIRST_NAME),trim(vLAST_NAME),trim(vEMAIL),vPHONE_NUMBER,vCUSTOMER_ONBOARDDATE,
        trim(vSUB_ID)
        );
        
        if SQL%ROWCOUNT !=1 then
            rollback; 
            raise ex_INVALID;
        else
            dbms_output.put_line('Customer Inserted Successfully !!!');
            commit;
        end if;
        
        EXCEPTION
        when ex_INVALID then
            dbms_output.put_line('Invalid Customer !!!');  
            
        when ex_DUPLICATE_CUSTOMER_ID then
            dbms_output.put_line('Duplicate Customer Id Found !!! Cannot Add Customer');
        rollback;    
    END INSERT_CUSTOMER;

END PCKG_CUSTOMER;



set serveroutput on;


--execute pckg_customer.INSERT_CUSTOMER_ADDRESS('CUST68','830 roxbury St','apt1','AK','Tuscaloosa',75080,'USA','WORK');

--execute pckg_customer.INSERT_CUSTOMER('CUST68','kavya','S','shriya7dxt@gmail.com','(617) 490-6991','19-JAN-18 12.00.00.000000000 AM','SUB03');

--execute pckg_customer.UPDATE_CUSTOMER_ADDRESS('CUST46','710 roxbury St','apt1','TX','Sugar Land',77478,'USA','HOME');

            
            
CREATE OR REPLACE EDITIONABLE PACKAGE P_CASE_DETAILS   AS 

    FUNCTION PROCESS_CASE_DETAILS(
        vCASE_ID IN CASE_DETAILS.CASE_ID%type,
        vOPEN_DATE IN CASE_DETAILS.OPEN_DATE%type,
        vCLOSE_DATE IN CASE_DETAILS.CLOSE_DATE%type,
       	vPART_ID IN CASE_DETAILS.PART_ID%type,
        vIMEI IN CASE_DETAILS.IMEI%type,
        vCASE_SUBJECT IN CASE_DETAILS.CASE_SUBJECT%type,
        vCUSTOMER_ID IN CASE_DETAILS.CUSTOMER_ID%type,
	vSTATE_CODE IN CASE_DETAILS.STATE_CODE%type,
	vISSUE_TYPE IN CASE_DETAILS.ISSUE_TYPE%type,
	vEMPLOYEE_ID IN CASE_DETAILS.EMPLOYEE_ID%type
    ) RETURN VARCHAR2;
    

    PROCEDURE INSERT_CASE_DETAILS(
       vCASE_ID IN CASE_DETAILS.CASE_ID%type,
        vOPEN_DATE IN CASE_DETAILS.OPEN_DATE%type,
        vCLOSE_DATE IN CASE_DETAILS.CLOSE_DATE%type,
       	vPART_ID IN CASE_DETAILS.PART_ID%type,
        vIMEI IN CASE_DETAILS.IMEI%type,
        vCASE_SUBJECT IN CASE_DETAILS.CASE_SUBJECT%type,
        vCUSTOMER_ID IN CASE_DETAILS.CUSTOMER_ID%type,
	vSTATE_CODE IN CASE_DETAILS.STATE_CODE%type,
	vISSUE_TYPE IN CASE_DETAILS.ISSUE_TYPE%type,
	vEMPLOYEE_ID IN CASE_DETAILS.EMPLOYEE_ID%type
    );
    
    PROCEDURE UPDATE_CASE_DETAILS(
        vCASE_ID IN CASE_DETAILS.CASE_ID%type,
        vOPEN_DATE IN CASE_DETAILS.OPEN_DATE%type,
        vCLOSE_DATE IN CASE_DETAILS.CLOSE_DATE%type,
       	vPART_ID IN CASE_DETAILS.PART_ID%type,
        vIMEI IN CASE_DETAILS.IMEI%type,
        vCASE_SUBJECT IN CASE_DETAILS.CASE_SUBJECT%type,
        vCUSTOMER_ID IN CASE_DETAILS.CUSTOMER_ID%type,
	vSTATE_CODE IN CASE_DETAILS.STATE_CODE%type,
	vISSUE_TYPE IN CASE_DETAILS.ISSUE_TYPE%type,
	vEMPLOYEE_ID IN CASE_DETAILS.EMPLOYEE_ID%type
    );
    
    
  	PROCEDURE DELETE_CASE_DETAILS (
        vCASE_ID IN CASE_DETAILS.CASE_ID%type
    );
    
END P_CASE_DETAILS;


CREATE OR REPLACE EDITIONABLE PACKAGE BODY P_CASE_DETAILS   AS
 	FUNCTION PROCESS_CASE_DETAILS(
        vCASE_ID IN CASE_DETAILS.CASE_ID%type,
        vOPEN_DATE IN CASE_DETAILS.OPEN_DATE%type,
        vCLOSE_DATE IN CASE_DETAILS.CLOSE_DATE%type,
       	vPART_ID IN CASE_DETAILS.PART_ID%type,
        vIMEI IN CASE_DETAILS.IMEI%type,
        vCASE_SUBJECT IN CASE_DETAILS.CASE_SUBJECT%type,
        vCUSTOMER_ID IN CASE_DETAILS.CUSTOMER_ID%type,
	vSTATE_CODE IN CASE_DETAILS.STATE_CODE%type,
	vISSUE_TYPE IN CASE_DETAILS.ISSUE_TYPE%type,
	vEMPLOYEE_ID IN CASE_DETAILS.EMPLOYEE_ID%type
    ) RETURN VARCHAR2 AS

    -- TODO: Implementation required for FUNCTION P_CASE_DETAILS.Process_CASE_DETAILS
        ex_INVALID_CASE_TYPE EXCEPTION;
        ex_CASE_DOESNT_EXIST EXCEPTION;
        ex_INVALID_IMEI EXCEPTION;
        ex_CASE_SUBJECT EXCEPTION;
        ex_CUSTOMER EXCEPTION;
        ex_DUPLICATE_IMEI EXCEPTION;
        ex_NO_CASE_FOUND EXCEPTION;
        
        db_IMEI CASE_DETAILS.IMEI%type;
        DB_CASE_ID CASE_DETAILS.CASE_ID%type;
        
    BEGIN
        
        if vCASE_ID is NULL or LENGTH(trim(vCASE_ID)) IS NULL then
            raise ex_INVALID_CASE_TYPE;
        end if;
        
        
        if vIMEI is NULL or LENGTH(trim(vIMEI)) is NULL then 
            raise ex_INVALID_IMEI;
        end if;
        
        if vCUSTOMER_ID is NULL then
            raise ex_CUSTOMER;
        end if;
        
        if pckg_utils.check_case_id_exists(vCASE_ID) is null then
            raise ex_NO_CASE_FOUND;
        end if;
        
        begin
             select IMEI into db_IMEI from CASE_DETAILS where imei = vimei;
             if db_IMEI is NOT NULL then
                raise ex_DUPLICATE_IMEI;
            end if;
        exception
            when ex_DUPLICATE_IMEI then
                raise ex_DUPLICATE_IMEI;
            when NO_DATA_FOUND then
                return 'YES';
        end;
        
        RETURN 'YES';
    EXCEPTION
        when ex_INVALID_CASE_TYPE then
            dbms_output.put_line('Invalid Case Type !!! Case Type Cannot be NULL or Empty');
            RETURN 'NO';
        when ex_CASE_DOESNT_EXIST then
            dbms_output.put_line('Case doesnt exist');
            RETURN 'NO';
        when ex_DUPLICATE_IMEI then
            dbms_output.put_line('Duplicate IMEI Found !!!!');
            RETURN 'NO';
        when ex_NO_CASE_FOUND then
            dbms_output.put_line('no case Found !!!!');
            RETURN 'NO';
        when ex_INVALID_IMEI then
            dbms_output.put_line('invalid imei !!!!');
            RETURN 'NO';
        when others then
            RETURN 'NO';
  END PROCESS_CASE_DETAILS;

FUNCTION PROCESS_UPDATE_CASE(
        vCASE_ID IN CASE_DETAILS.CASE_ID%type,
        vOPEN_DATE IN CASE_DETAILS.OPEN_DATE%type,
        vCLOSE_DATE IN CASE_DETAILS.CLOSE_DATE%type,
       	vPART_ID IN CASE_DETAILS.PART_ID%type,
        vIMEI IN CASE_DETAILS.IMEI%type,
        vCASE_SUBJECT IN CASE_DETAILS.CASE_SUBJECT%type,
        vCUSTOMER_ID IN CASE_DETAILS.CUSTOMER_ID%type,
        vSTATE_CODE IN CASE_DETAILS.STATE_CODE%type,
        vISSUE_TYPE IN CASE_DETAILS.ISSUE_TYPE%type,
        vEMPLOYEE_ID IN CASE_DETAILS.EMPLOYEE_ID%type
    ) RETURN VARCHAR2 AS

    -- TODO: Implementation required for FUNCTION PCKG_CAR.PROCESS_CAR
        ex_INVALID_CASE_TYPE EXCEPTION;
        ex_PART_ID EXCEPTION;
        ex_IMEI EXCEPTION;
        ex_STATE_CODE EXCEPTION;
        ex_OPEN_DATE EXCEPTION;
        ex_DUPLICATE_IMEI exception;
        ex_NO_CASE_FOUND EXCEPTION;
        
        db_IMEI case_details.imei%type;
        DB_CASE_ID case_details.case_id%type;
    BEGIN
        
        if vCASE_ID is NULL or LENGTH(trim(vCASE_ID)) IS NULL then
            raise ex_INVALID_CASE_TYPE;
        end if;
        
        if vPART_ID IS NULL then
            raise ex_PART_ID;
        end if;
        
        if vOPEN_DATE is NULL then
            raise ex_OPEN_DATE;
        end if;
        
        if vIMEI is NULL or LENGTH(trim(vIMEI)) is NULL then
            raise ex_IMEI;
        end if;
        
        if LENGTH(trim(vSTATE_CODE)) !=2  then 
            raise ex_STATE_CODE;
        end if;
        
        if pckg_utils.check_case_id_exists(vCASE_ID) is null then
            raise ex_NO_CASE_FOUND;
        end if;
        
        begin
             select imei,case_id into db_imei,DB_CASE_ID from case_details where imei = vimei;
             if db_imei is NOT NULL and DB_CASE_ID != vcase_id then
                raise ex_DUPLICATE_IMEI;
            end if;
        exception
            when ex_DUPLICATE_IMEI then
                raise ex_DUPLICATE_IMEI;
            when NO_DATA_FOUND then
                return 'YES';
        end;
        
        RETURN 'YES';
        
    EXCEPTION
        when ex_INVALID_CASE_TYPE then
            dbms_output.put_line('Invalid Case ID !!! Case id Cannot be NULL or Empty');
            RETURN 'NO';
        when ex_PART_ID then
            dbms_output.put_line('Invalid part ID !!!');
            RETURN 'NO';
        when ex_IMEI then
            dbms_output.put_line('Invalid IMEI !!! ');
            RETURN 'NO';
        when ex_STATE_CODE then
            dbms_output.put_line('Invalid State code !!! state code should be 2 char');
            RETURN 'NO';
        when ex_OPEN_DATE then
            dbms_output.put_line('Invalid Case Number !!! Car Number Cannot be NULL or Empty');
            RETURN 'NO';
        when ex_DUPLICATE_IMEI then
            dbms_output.put_line('Duplicate imei Number Found !!!!');
            RETURN 'NO';
        when ex_NO_CASE_FOUND then
            dbms_output.put_line('Case ID not Found !!!!');
            RETURN 'NO';
        when others then
            RETURN 'NO';
  END PROCESS_UPDATE_CASE;

PROCEDURE INSERT_CASE_DETAILS(
        vCASE_ID IN CASE_DETAILS.CASE_ID%type,
        vOPEN_DATE IN CASE_DETAILS.OPEN_DATE%type,
        vCLOSE_DATE IN CASE_DETAILS.CLOSE_DATE%type,
       	vPART_ID IN CASE_DETAILS.PART_ID%type,
        vIMEI IN CASE_DETAILS.IMEI%type,
        vCASE_SUBJECT IN CASE_DETAILS.CASE_SUBJECT%type,
        vCUSTOMER_ID IN CASE_DETAILS.CUSTOMER_ID%type,
	vSTATE_CODE IN CASE_DETAILS.STATE_CODE%type,
	vISSUE_TYPE IN CASE_DETAILS.ISSUE_TYPE%type,
	vEMPLOYEE_ID IN CASE_DETAILS.EMPLOYEE_ID%type
    ) AS

    -- TODO: Implementation required for PROCEDURE P_CASE_DETAILS.INSERT_CASE_DETAILS
        ex_INVALID EXCEPTION;
        ex_DUPLICATE_IMEI EXCEPTION;
        ex_NO_CASE_FOUND EXCEPTION;
        ex_process EXCEPTION;
    BEGIN
        if Process_CASE_DETAILS(vCASE_ID, vOPEN_DATE, vCLOSE_DATE,vPART_ID, vIMEI, vCASE_SUBJECT, vCUSTOMER_ID,vSTATE_CODE,vISSUE_TYPE,vEMPLOYEE_ID) = 'NO' then
            raise ex_process;
        end if;
        
        if pckg_utils.check_case_id_exists(vCASE_ID) != 0 then 
            raise ex_DUPLICATE_IMEI;
        end if;
        
        insert into CASE_DETAILS(CASE_ID,
            OPEN_DATE,
            CLOSE_DATE,
           PART_ID,
            CASE_SUBJECT,
            IMEI,
            CUSTOMER_ID,
            STATE_CODE,
            ISSUE_TYPE,
            EMPLOYEE_ID) values(
            vCASE_ID,
            vOPEN_DATE,
            vCLOSE_DATE,
            trim(vPART_ID),
            trim(vCASE_SUBJECT),
            trim(vIMEI),
            vCUSTOMER_ID,
            vSTATE_CODE,
            vISSUE_TYPE,
            vEMPLOYEE_ID
        );
        
        UPDATE parts p SET Availability = Availability - 1 where p.part_id = vpart_id;
        
        if SQL%ROWCOUNT != 1 then
            raise ex_INVALID;
        else 
            dbms_output.put_line('Case Added Successfully');
        end if;
    
        commit;
    EXCEPTION
        when ex_INVALID then
            dbms_output.put_line('Case Could Not Be Inserted !!!');
        when ex_process then
            dbms_output.put_line('Case Could Not Be processed !!!');
        when ex_DUPLICATE_IMEI then
            dbms_output.put_line('Duplicate case_id !!!');
        when ex_NO_CASE_FOUND then
            dbms_output.put_line('no case Found !!!!');
        when others then
            dbms_output.put_line('Invalid Operation :' || SQLERRM);

  END INSERT_CASE_DETAILS;

 PROCEDURE UPDATE_CASE_DETAILS(
        vCASE_ID IN CASE_DETAILS.CASE_ID%type,
        vOPEN_DATE IN CASE_DETAILS.OPEN_DATE%type,
        vCLOSE_DATE IN CASE_DETAILS.CLOSE_DATE%type,
       	vPART_ID IN CASE_DETAILS.PART_ID%type,
        vIMEI IN CASE_DETAILS.IMEI%type,
        vCASE_SUBJECT IN CASE_DETAILS.CASE_SUBJECT%type,
        vCUSTOMER_ID IN CASE_DETAILS.CUSTOMER_ID%type,
	vSTATE_CODE IN CASE_DETAILS.STATE_CODE%type,
	vISSUE_TYPE IN CASE_DETAILS.ISSUE_TYPE%type,
	vEMPLOYEE_ID IN CASE_DETAILS.EMPLOYEE_ID%type
    ) AS

    -- TODO: Implementation required for PROCEDURE P_CASE_DETAILS.UPDATE_CASE_DETAILS
            ex_INVALID EXCEPTION;
    BEGIN
    
        if PROCESS_UPDATE_CASE(vCASE_ID, vOPEN_DATE, vCLOSE_DATE,vPART_ID, vIMEI, vCASE_SUBJECT, vCUSTOMER_ID,vSTATE_CODE,vISSUE_TYPE,vEMPLOYEE_ID) = 'NO' then
            raise ex_INVALID;
        end if;
        
        UPDATE CASE_DETAILS SET CASE_ID = vCASE_ID, OPEN_DATE = vOPEN_DATE, CLOSE_DATE = vCLOSE_DATE, PART_ID = vPART_ID , IMEI = vIMEI , CASE_SUBJECT = vCASE_SUBJECT, CUSTOMER_ID = vCUSTOMER_ID,state_code = vSTATE_CODE,issue_type = vISSUE_TYPE,employee_id = vEMPLOYEE_ID WHERE CASE_ID = vCASE_ID;
        
        IF SQL%ROWCOUNT !=1 THEN
            dbms_output.put_line('Record not been updated. Please try again !!!');
            rollback;
        ELSE
            dbms_output.put_line('Record has updated successfully !!!');
            commit;
        END IF;
    
    EXCEPTION
    
        WHEN ex_INVALID THEN
            dbms_output.put_line('Case Update has been failed. Please try again with valid constraints !!!');

END UPDATE_CASE_DETAILS;



    PROCEDURE DELETE_CASE_DETAILS (
    vCASE_ID IN CASE_DETAILS.CASE_ID%type) 
    AS
    ex_null_case_id exception;
    ex_NO_CASE_FOUND EXCEPTION;
    ex_INVALID EXCEPTION;
    
    BEGIN
        
        if pckg_utils.check_case_id_exists(vCASE_ID) is null then
            raise ex_NO_CASE_FOUND;
        end if;
        if vCASE_ID is null then
            raise ex_null_case_id;
        else
            delete from case_details where case_id = vCASE_ID;
            if SQL%ROWCOUNT !=1 then
                rollback;
                raise ex_INVALID;
            else
                dbms_output.put_line('CASE_ID: '|| vCASE_ID || ' deleted sucessfully!');
                commit;
            end if;
        end if;
    
    
    EXCEPTION
        when ex_null_case_id then
            dbms_output.put_line('Case_Id cannot be null');
        when ex_NO_CASE_FOUND then
            dbms_output.put_line('Case_details Id Do Not Exists');
        when ex_INVALID then
            dbms_output.put_line('invalid!');
        when others then
            dbms_output.put_line('Error Message: ' || SQLERRM);

END DELETE_CASE_DETAILS;


END P_CASE_DETAILS;

--EXECUTING PROCEDURES

set serveroutput on;
--execute P_CASE_DETAILS.INSERT_CASE_DETAILS('CASE61','24-MAR-19 12.00.00.000000000 AM','28-MAR-19 12.00.00.000000000 AM','PART_5','J0E17PS','LAPTOP IS NOT CHARGING','CUST68','AK','BATTERY BLOAT','EMP18')
--execute P_CASE_DETAILS.UPDATE_CASE_DETAILS('CASE61','24-MAR-19 12.00.00.000000000 AM','28-MAR-19 12.00.00.000000000 AM','PART_5','J0E17PS','LAPTOP IS NOT CHARGING','CUST68','AK','BATTERY BLOAT','EMP20')
--execute P_CASE_DETAILS.DELETE_CASE_DETAILS('CASE61')


-- CREATION OF INDEXES FOR PARTS, CASE_DETAILS AND CASE_RESOLUTION :


CREATE UNIQUE INDEX PARTS_PK ON PARTS (PART_ID)
;
CREATE INDEX CASE_DETAILS_INDEX ON CASE_DETAILS (CASE_ID, OPEN_DATE, CLOSE_DATE)
;
CREATE INDEX CASE_RESOLUTION_INDEX ON CASE_RESOLUTION (CASE_ID, RESOLUTION_TYPE)
;
