--Creating tables for CCMS Project --
-- table 1 --

drop table employee_work;
drop table employee_address;
drop table employee;
drop table DEPARTMENT;
drop table CUSTOMER_ADDRESS;
drop table payment;
drop table subscription_renewal;
drop table customer_feedback;
drop table case_resolution;
drop table CASE_DETAILS;
drop table imei_info;
drop table product;
drop table parts;
drop table customer;
drop table subscription;
drop table geo_details;



create table department(
Dept_id varchar2(10),
Dept_name varchar2(100),
Dept_Priority_days number(13),
Dept_email varchar2(30),
Dept_phone varchar2(15),
Manager_id varchar2(10),
Dept_Service_cost number(5),
constraint pk_dept primary key (Dept_id)
);

--insert statements for department 
Insert into SHRIYA_PROJECT.DEPARTMENT (DEPT_ID,DEPT_NAME,DEPT_PRIORITY_DAYS,DEPT_EMAIL,DEPT_PHONE,MANAGER_ID,DEPT_SERVICE_COST) values ('D01','SUBSCRIPTION',null,'subscription@ccms.com','(908) 379-5666','EMP30',null);
Insert into SHRIYA_PROJECT.DEPARTMENT (DEPT_ID,DEPT_NAME,DEPT_PRIORITY_DAYS,DEPT_EMAIL,DEPT_PHONE,MANAGER_ID,DEPT_SERVICE_COST) values ('D02','HW_LAPTOP',3,'hwlaptop@ccms.com','(521) 445-7944','EMP25',30);
Insert into SHRIYA_PROJECT.DEPARTMENT (DEPT_ID,DEPT_NAME,DEPT_PRIORITY_DAYS,DEPT_EMAIL,DEPT_PHONE,MANAGER_ID,DEPT_SERVICE_COST) values ('D03','HW_MONITOR',3,'hwmonitor@ccms.com','(428) 678-3661','EMP07',20);
Insert into SHRIYA_PROJECT.DEPARTMENT (DEPT_ID,DEPT_NAME,DEPT_PRIORITY_DAYS,DEPT_EMAIL,DEPT_PHONE,MANAGER_ID,DEPT_SERVICE_COST) values ('D04','HW_SPEAKER',5,'hwspeaker@ccms.com','(227) 296-2771','EMP16',10);
Insert into SHRIYA_PROJECT.DEPARTMENT (DEPT_ID,DEPT_NAME,DEPT_PRIORITY_DAYS,DEPT_EMAIL,DEPT_PHONE,MANAGER_ID,DEPT_SERVICE_COST) values ('D05','HW_MOUSE',5,'hwmouse@ccms.com','(928) 663-7286','EMP52',10);
Insert into SHRIYA_PROJECT.DEPARTMENT (DEPT_ID,DEPT_NAME,DEPT_PRIORITY_DAYS,DEPT_EMAIL,DEPT_PHONE,MANAGER_ID,DEPT_SERVICE_COST) values ('D06','HW_KEYBOARD',5,'hwkeyboard@ccms.com','(206) 740-9273','EMP45',10);
Insert into SHRIYA_PROJECT.DEPARTMENT (DEPT_ID,DEPT_NAME,DEPT_PRIORITY_DAYS,DEPT_EMAIL,DEPT_PHONE,MANAGER_ID,DEPT_SERVICE_COST) values ('D07','SW_LAPTOP',2,'swlaptop@ccms.com','(514) 572-1910','EMP32',40);
Insert into SHRIYA_PROJECT.DEPARTMENT (DEPT_ID,DEPT_NAME,DEPT_PRIORITY_DAYS,DEPT_EMAIL,DEPT_PHONE,MANAGER_ID,DEPT_SERVICE_COST) values ('D08','NON-TECH_OTHERS',5,'swothers@ccms.com','(605) 975-7790','EMP01',15);
Insert into SHRIYA_PROJECT.DEPARTMENT (DEPT_ID,DEPT_NAME,DEPT_PRIORITY_DAYS,DEPT_EMAIL,DEPT_PHONE,MANAGER_ID,DEPT_SERVICE_COST) values ('D09','ANALYSTS',null,'analysts@ccms.com','(720) 543-3078','EMP17',null);
Insert into SHRIYA_PROJECT.DEPARTMENT (DEPT_ID,DEPT_NAME,DEPT_PRIORITY_DAYS,DEPT_EMAIL,DEPT_PHONE,MANAGER_ID,DEPT_SERVICE_COST) values ('D10','PAYMENTS',null,'payments@ccms.com','(841) 513-6996','EMP19',null);
Insert into SHRIYA_PROJECT.DEPARTMENT (DEPT_ID,DEPT_NAME,DEPT_PRIORITY_DAYS,DEPT_EMAIL,DEPT_PHONE,MANAGER_ID,DEPT_SERVICE_COST) values ('D11','WAREHOUSE',null,'warehouse@ccms.com','(323) 210-3039','EMP05',null);


-- table 2---

create table subscription (
    sub_id varchar2(20),
    sub_tier varchar2(65 CHAR),
    sub_period number(20),
    discount number(5),
    primary key(sub_id)
);

ALTER TABLE SHRIYA_PROJECT.subscription
DROP COLUMN discount;


alter table SHRIYA_PROJECT.subscription
add discount decimal(5,2);


--insert subscription
Insert into SHRIYA_PROJECT.SUBSCRIPTION (SUB_ID,SUB_TIER,SUB_PERIOD,DISCOUNT) values ('SUB01','SILVER',3,0.1);
Insert into SHRIYA_PROJECT.SUBSCRIPTION (SUB_ID,SUB_TIER,SUB_PERIOD,DISCOUNT) values ('SUB02','GOLD',4,0.15);
Insert into SHRIYA_PROJECT.SUBSCRIPTION (SUB_ID,SUB_TIER,SUB_PERIOD,DISCOUNT) values ('SUB03','PLATINUM',5,0.2);
Insert into SHRIYA_PROJECT.SUBSCRIPTION (SUB_ID,SUB_TIER,SUB_PERIOD,DISCOUNT) values ('SUB04','DIAMOND',7,0.3);



CREATE TABLE GEO_DETAILS(
State_Code varchar2(5), 
State varchar2(200) NOT NULL UNIQUE,
Tax number(5) NOT NULL,
Time_zone varchar2(200) NOT NULL,
PRIMARY KEY(State_code)
);


--altering geo_details : changing data type of tax to decimal -- 
ALTER TABLE shriya_project.geo_details
DROP COLUMN tax;

ALTER TABLE shriya_project.geo_details
ADD tax decimal(5,2);


--inserting data into geodetails object ---
Insert into SHRIYA_PROJECT.GEO_DETAILS (STATE_CODE,STATE,TIME_ZONE,TAX) values ('AK','Alaska','CST',0);
Insert into SHRIYA_PROJECT.GEO_DETAILS (STATE_CODE,STATE,TIME_ZONE,TAX) values ('AZ','Arizona','MST',0.04);
Insert into SHRIYA_PROJECT.GEO_DETAILS (STATE_CODE,STATE,TIME_ZONE,TAX) values ('AR','Arkansas','CST',0.05);
Insert into SHRIYA_PROJECT.GEO_DETAILS (STATE_CODE,STATE,TIME_ZONE,TAX) values ('CA','California','PST',0.06);
Insert into SHRIYA_PROJECT.GEO_DETAILS (STATE_CODE,STATE,TIME_ZONE,TAX) values ('CO','Colorado','MST',0.07);
Insert into SHRIYA_PROJECT.GEO_DETAILS (STATE_CODE,STATE,TIME_ZONE,TAX) values ('CT','Connecticut','EST',0.03);
Insert into SHRIYA_PROJECT.GEO_DETAILS (STATE_CODE,STATE,TIME_ZONE,TAX) values ('DE','Delaware','EST',0);
Insert into SHRIYA_PROJECT.GEO_DETAILS (STATE_CODE,STATE,TIME_ZONE,TAX) values ('DC','District of Columbia','EST',0.03);
Insert into SHRIYA_PROJECT.GEO_DETAILS (STATE_CODE,STATE,TIME_ZONE,TAX) values ('FL','Florida','EST',0.06);
Insert into SHRIYA_PROJECT.GEO_DETAILS (STATE_CODE,STATE,TIME_ZONE,TAX) values ('GA','Georgia','EST',0.04);
Insert into SHRIYA_PROJECT.GEO_DETAILS (STATE_CODE,STATE,TIME_ZONE,TAX) values ('HI','Hawaii','HST',0.06);
Insert into SHRIYA_PROJECT.GEO_DETAILS (STATE_CODE,STATE,TIME_ZONE,TAX) values ('ID','Idaho','MST',0.04);
Insert into SHRIYA_PROJECT.GEO_DETAILS (STATE_CODE,STATE,TIME_ZONE,TAX) values ('IL','Illinois','CST',0.04);
Insert into SHRIYA_PROJECT.GEO_DETAILS (STATE_CODE,STATE,TIME_ZONE,TAX) values ('IN','Indiana','CST',0.06);
Insert into SHRIYA_PROJECT.GEO_DETAILS (STATE_CODE,STATE,TIME_ZONE,TAX) values ('IA','Iowa','CST',0.06);
Insert into SHRIYA_PROJECT.GEO_DETAILS (STATE_CODE,STATE,TIME_ZONE,TAX) values ('KS','Kansas','MST',0.07);
Insert into SHRIYA_PROJECT.GEO_DETAILS (STATE_CODE,STATE,TIME_ZONE,TAX) values ('KY','Kentucky','CST',0.06);
Insert into SHRIYA_PROJECT.GEO_DETAILS (STATE_CODE,STATE,TIME_ZONE,TAX) values ('LA','Louisiana','CST',0.06);
Insert into SHRIYA_PROJECT.GEO_DETAILS (STATE_CODE,STATE,TIME_ZONE,TAX) values ('ME','Maine','EST',0.06);
Insert into SHRIYA_PROJECT.GEO_DETAILS (STATE_CODE,STATE,TIME_ZONE,TAX) values ('MD','Maryland','EST',0.04);
Insert into SHRIYA_PROJECT.GEO_DETAILS (STATE_CODE,STATE,TIME_ZONE,TAX) values ('MA','Massachusetts','EST',0.05);
Insert into SHRIYA_PROJECT.GEO_DETAILS (STATE_CODE,STATE,TIME_ZONE,TAX) values ('MI','Michigan','CST',0.06);
Insert into SHRIYA_PROJECT.GEO_DETAILS (STATE_CODE,STATE,TIME_ZONE,TAX) values ('MN','Minnesota','CST',0.06);
Insert into SHRIYA_PROJECT.GEO_DETAILS (STATE_CODE,STATE,TIME_ZONE,TAX) values ('MS','Mississippi','CST',0.06);
Insert into SHRIYA_PROJECT.GEO_DETAILS (STATE_CODE,STATE,TIME_ZONE,TAX) values ('MO','Missouri','CST',0.06);
Insert into SHRIYA_PROJECT.GEO_DETAILS (STATE_CODE,STATE,TIME_ZONE,TAX) values ('MT','Montana','MST',0);
Insert into SHRIYA_PROJECT.GEO_DETAILS (STATE_CODE,STATE,TIME_ZONE,TAX) values ('NE','Nebraska','CST',0.04);
Insert into SHRIYA_PROJECT.GEO_DETAILS (STATE_CODE,STATE,TIME_ZONE,TAX) values ('NV','Nevada','PST',0.06);
Insert into SHRIYA_PROJECT.GEO_DETAILS (STATE_CODE,STATE,TIME_ZONE,TAX) values ('NH','New Hampshire','EST',0);
Insert into SHRIYA_PROJECT.GEO_DETAILS (STATE_CODE,STATE,TIME_ZONE,TAX) values ('NJ','New Jersey','EST',0.06);
Insert into SHRIYA_PROJECT.GEO_DETAILS (STATE_CODE,STATE,TIME_ZONE,TAX) values ('NM','New Mexico','EST',0);
Insert into SHRIYA_PROJECT.GEO_DETAILS (STATE_CODE,STATE,TIME_ZONE,TAX) values ('NY','New York','EST',0.06);
Insert into SHRIYA_PROJECT.GEO_DETAILS (STATE_CODE,STATE,TIME_ZONE,TAX) values ('NC','North Carolina','EST',0.06);
Insert into SHRIYA_PROJECT.GEO_DETAILS (STATE_CODE,STATE,TIME_ZONE,TAX) values ('ND','North Dakota','CST',0.04);
Insert into SHRIYA_PROJECT.GEO_DETAILS (STATE_CODE,STATE,TIME_ZONE,TAX) values ('OH','Ohio','EST',0.05);
Insert into SHRIYA_PROJECT.GEO_DETAILS (STATE_CODE,STATE,TIME_ZONE,TAX) values ('OK','Oklahoma','CST',0.05);
Insert into SHRIYA_PROJECT.GEO_DETAILS (STATE_CODE,STATE,TIME_ZONE,TAX) values ('OR','Oregon','MST',0);
Insert into SHRIYA_PROJECT.GEO_DETAILS (STATE_CODE,STATE,TIME_ZONE,TAX) values ('PA','Pennsylvania','EST',0.04);
Insert into SHRIYA_PROJECT.GEO_DETAILS (STATE_CODE,STATE,TIME_ZONE,TAX) values ('RI','Rhode Island','EST',0.07);
Insert into SHRIYA_PROJECT.GEO_DETAILS (STATE_CODE,STATE,TIME_ZONE,TAX) values ('SC','South Carolina','EST',0.06);
Insert into SHRIYA_PROJECT.GEO_DETAILS (STATE_CODE,STATE,TIME_ZONE,TAX) values ('SD','South Dakota','MST',0.12);
Insert into SHRIYA_PROJECT.GEO_DETAILS (STATE_CODE,STATE,TIME_ZONE,TAX) values ('TN','Tennessee','EST',0.07);
Insert into SHRIYA_PROJECT.GEO_DETAILS (STATE_CODE,STATE,TIME_ZONE,TAX) values ('TX','Texas','MST',0.06);
Insert into SHRIYA_PROJECT.GEO_DETAILS (STATE_CODE,STATE,TIME_ZONE,TAX) values ('UT','Utah','MST',0.04);
Insert into SHRIYA_PROJECT.GEO_DETAILS (STATE_CODE,STATE,TIME_ZONE,TAX) values ('VT','Vermont','EST',0.07);
Insert into SHRIYA_PROJECT.GEO_DETAILS (STATE_CODE,STATE,TIME_ZONE,TAX) values ('VA','Virginia','EST',0.06);
Insert into SHRIYA_PROJECT.GEO_DETAILS (STATE_CODE,STATE,TIME_ZONE,TAX) values ('WA','Washington','PST',0.12);
Insert into SHRIYA_PROJECT.GEO_DETAILS (STATE_CODE,STATE,TIME_ZONE,TAX) values ('WV','West Virginia','EST',0.07);
Insert into SHRIYA_PROJECT.GEO_DETAILS (STATE_CODE,STATE,TIME_ZONE,TAX) values ('WI','Wisconsin','CST',0.06);



-- table 3---
CREATE TABLE PARTS (
    PART_ID VARCHAR2(65 CHAR),
    PART_NUMBER varchar2(38) NOT NULL,
    PART_NAME VARCHAR2(65 CHAR),
    AVAILABILITY number(6),
    WARRANTY VARCHAR2(65 CHAR),
    PART_COST number(6),
    PRIMARY KEY(PART_ID)
);


--- inserting data into parts object --

Insert into SHRIYA_PROJECT.PARTS (PART_ID,PART_NUMBER,PART_NAME,AVAILABILITY,WARRANTY,PART_COST) values ('PART_1','PN-80-PH','BATTERY PHOENIX',57,'1YEAR',133);
Insert into SHRIYA_PROJECT.PARTS (PART_ID,PART_NUMBER,PART_NAME,AVAILABILITY,WARRANTY,PART_COST) values ('PART_2','PN-110-DR','BATTERY DRAGONFLY',90,'1YEAR',92);
Insert into SHRIYA_PROJECT.PARTS (PART_ID,PART_NUMBER,PART_NAME,AVAILABILITY,WARRANTY,PART_COST) values ('PART_3','PN-130-OR','BATTERY ORCHARD',87,'2YEAR',108);
Insert into SHRIYA_PROJECT.PARTS (PART_ID,PART_NUMBER,PART_NAME,AVAILABILITY,WARRANTY,PART_COST) values ('PART_4','PN-60HZ-PH','LAPTOP DISPLAY PHOENIX',76,'1YEAR',104);
Insert into SHRIYA_PROJECT.PARTS (PART_ID,PART_NUMBER,PART_NAME,AVAILABILITY,WARRANTY,PART_COST) values ('PART_5','PN-80HZ-DR','LAPTOP DISPLAY DRAGONFLY',84,'1YEAR',65);
Insert into SHRIYA_PROJECT.PARTS (PART_ID,PART_NUMBER,PART_NAME,AVAILABILITY,WARRANTY,PART_COST) values ('PART_6','PN-100HZ-OR','LAPTOP DISPLAY ORCHARD',78,'2YEAR',82);
Insert into SHRIYA_PROJECT.PARTS (PART_ID,PART_NUMBER,PART_NAME,AVAILABILITY,WARRANTY,PART_COST) values ('PART_7','PN-80DB-PH','SPEAKER PHOENIX',100,'1YEAR',50);
Insert into SHRIYA_PROJECT.PARTS (PART_ID,PART_NUMBER,PART_NAME,AVAILABILITY,WARRANTY,PART_COST) values ('PART_8','PN-90DB-DR','SPEAKER DRAGONFLY',94,'1YEAR',61);
Insert into SHRIYA_PROJECT.PARTS (PART_ID,PART_NUMBER,PART_NAME,AVAILABILITY,WARRANTY,PART_COST) values ('PART_9','PN-100DB-OR','SPEAKER ORCHARD',93,'2YEAR',134);
Insert into SHRIYA_PROJECT.PARTS (PART_ID,PART_NUMBER,PART_NAME,AVAILABILITY,WARRANTY,PART_COST) values ('PART_10','PN-CAM-01','CAMERA',83,'1YEAR',138);
Insert into SHRIYA_PROJECT.PARTS (PART_ID,PART_NUMBER,PART_NAME,AVAILABILITY,WARRANTY,PART_COST) values ('PART_11','PN-TOU-01','TOUCHPAD',85,'1YEAR',126);
Insert into SHRIYA_PROJECT.PARTS (PART_ID,PART_NUMBER,PART_NAME,AVAILABILITY,WARRANTY,PART_COST) values ('PART_12','PN-SSD-256','SSD256',71,'1YEAR',91);
Insert into SHRIYA_PROJECT.PARTS (PART_ID,PART_NUMBER,PART_NAME,AVAILABILITY,WARRANTY,PART_COST) values ('PART_13','PN-KEY-01','KEYBOARD',59,'2YEAR',81);
Insert into SHRIYA_PROJECT.PARTS (PART_ID,PART_NUMBER,PART_NAME,AVAILABILITY,WARRANTY,PART_COST) values ('PART_14','PN-SSD-512','SSD512',65,'1YEAR',130);
Insert into SHRIYA_PROJECT.PARTS (PART_ID,PART_NUMBER,PART_NAME,AVAILABILITY,WARRANTY,PART_COST) values ('PART_15','PN-CHA-01','CHARGER',72,'1YEAR',68);
Insert into SHRIYA_PROJECT.PARTS (PART_ID,PART_NUMBER,PART_NAME,AVAILABILITY,WARRANTY,PART_COST) values ('PART_16','PN-INT-01','INTERFACE BOARD',87,'1YEAR',71);
Insert into SHRIYA_PROJECT.PARTS (PART_ID,PART_NUMBER,PART_NAME,AVAILABILITY,WARRANTY,PART_COST) values ('PART_17','PN-MOST-01','MONITOR STAND HOGWARTS',89,'2YEAR',84);
Insert into SHRIYA_PROJECT.PARTS (PART_ID,PART_NUMBER,PART_NAME,AVAILABILITY,WARRANTY,PART_COST) values ('PART_18','PN-MOST-02','MONITOR STAND NARNIA',80,'1YEAR',60);
Insert into SHRIYA_PROJECT.PARTS (PART_ID,PART_NUMBER,PART_NAME,AVAILABILITY,WARRANTY,PART_COST) values ('PART_19','PN-MOST-03','MONITOR STAND WINTERFELL',87,'1YEAR',75);
Insert into SHRIYA_PROJECT.PARTS (PART_ID,PART_NUMBER,PART_NAME,AVAILABILITY,WARRANTY,PART_COST) values ('PART_20','PN-MOST-04','MONITOR STAND ASGARD',73,'1YEAR',87);
Insert into SHRIYA_PROJECT.PARTS (PART_ID,PART_NUMBER,PART_NAME,AVAILABILITY,WARRANTY,PART_COST) values ('PART_21','PN-PBBT-01','POWER BUTTON BT SPEAKER',68,'2YEAR',86);
Insert into SHRIYA_PROJECT.PARTS (PART_ID,PART_NUMBER,PART_NAME,AVAILABILITY,WARRANTY,PART_COST) values ('PART_22','PN-BT-DO','BLUETOOTH MODULE DOBBY SPEAKER',69,'1YEAR',117);
Insert into SHRIYA_PROJECT.PARTS (PART_ID,PART_NUMBER,PART_NAME,AVAILABILITY,WARRANTY,PART_COST) values ('PART_23','PN-BT-BU','BLUETOOTH MODULE BUMBLEBEE SPEAKER',60,'1YEAR',65);
Insert into SHRIYA_PROJECT.PARTS (PART_ID,PART_NUMBER,PART_NAME,AVAILABILITY,WARRANTY,PART_COST) values ('PART_24','PN-BT-VE','BLUETOOTH MODULE VENOM SPEAKER',69,'1YEAR',129);
Insert into SHRIYA_PROJECT.PARTS (PART_ID,PART_NUMBER,PART_NAME,AVAILABILITY,WARRANTY,PART_COST) values ('PART_25','PN-KEY-AV','KEYS AVATAR',97,'2YEAR',112);
Insert into SHRIYA_PROJECT.PARTS (PART_ID,PART_NUMBER,PART_NAME,AVAILABILITY,WARRANTY,PART_COST) values ('PART_26','PN-KEY-RA','KEYS RAGNAROK',76,'1YEAR',97);
Insert into SHRIYA_PROJECT.PARTS (PART_ID,PART_NUMBER,PART_NAME,AVAILABILITY,WARRANTY,PART_COST) values ('PART_27','PN-KEY-YO','KEYS YODA',54,'1YEAR',56);
Insert into SHRIYA_PROJECT.PARTS (PART_ID,PART_NUMBER,PART_NAME,AVAILABILITY,WARRANTY,PART_COST) values ('PART_28','PN-KETR-01','KEYBOARD TRANSMITTER',87,'1YEAR',107);
Insert into SHRIYA_PROJECT.PARTS (PART_ID,PART_NUMBER,PART_NAME,AVAILABILITY,WARRANTY,PART_COST) values ('PART_29','PN-KETR-02','KEYBOARD RECEIVER',55,'2YEAR',66);
Insert into SHRIYA_PROJECT.PARTS (PART_ID,PART_NUMBER,PART_NAME,AVAILABILITY,WARRANTY,PART_COST) values ('PART_30','PN-MOUTR-01','MOUSE TRANSMITTER',65,'1YEAR',80);
Insert into SHRIYA_PROJECT.PARTS (PART_ID,PART_NUMBER,PART_NAME,AVAILABILITY,WARRANTY,PART_COST) values ('PART_31','PN-MOUTR-02','MOUSE RECEIVER',90,'1YEAR',139);
Insert into SHRIYA_PROJECT.PARTS (PART_ID,PART_NUMBER,PART_NAME,AVAILABILITY,WARRANTY,PART_COST) values ('PART_32','PN-MOU-BTN','MOUSE BUTTONS',50,'1YEAR',51);
Insert into SHRIYA_PROJECT.PARTS (PART_ID,PART_NUMBER,PART_NAME,AVAILABILITY,WARRANTY,PART_COST) values ('PART_33','PN-MOST-05','MONITOR DISPLAY HOGWARTS/NARNIA',53,'1YEAR',65);
Insert into SHRIYA_PROJECT.PARTS (PART_ID,PART_NUMBER,PART_NAME,AVAILABILITY,WARRANTY,PART_COST) values ('PART_34','PN-MOST-06','MONITOR DISPLAY WINTERFELL/ASGARD',98,'2YEAR',75);


--alter table employee delete column employee_email;
--alter table employee add employee_email varchar2(100);

create table employee(employee_id varchar2(10),
employee_firstname varchar2(16),
employee_lastname varchar2(14),
employee_email varchar2(50),
employee_phonenbr varchar2(15),
dept_id varchar2(10),
primary key(employee_id),
FOREIGN KEY (dept_id) REFERENCES department(dept_id));

--inserting data into employee table ---

Insert into SHRIYA_PROJECT.EMPLOYEE (EMPLOYEE_ID,EMPLOYEE_FIRSTNAME,EMPLOYEE_LASTNAME,EMPLOYEE_EMAIL,EMPLOYEE_PHONENBR,DEPT_ID) values ('EMP01','Zachary','Weaver','ZacharyWeaver @gmail.com','582-400-7978','D08');
Insert into SHRIYA_PROJECT.EMPLOYEE (EMPLOYEE_ID,EMPLOYEE_FIRSTNAME,EMPLOYEE_LASTNAME,EMPLOYEE_EMAIL,EMPLOYEE_PHONENBR,DEPT_ID) values ('EMP02','Hadley','Floyd','HadleyFloyd @gmail.com','207-891-3452','D01');
Insert into SHRIYA_PROJECT.EMPLOYEE (EMPLOYEE_ID,EMPLOYEE_FIRSTNAME,EMPLOYEE_LASTNAME,EMPLOYEE_EMAIL,EMPLOYEE_PHONENBR,DEPT_ID) values ('EMP03','Craig','Sellers','CraigSellers @gmail.com','505-532-3086','D01');
Insert into SHRIYA_PROJECT.EMPLOYEE (EMPLOYEE_ID,EMPLOYEE_FIRSTNAME,EMPLOYEE_LASTNAME,EMPLOYEE_EMAIL,EMPLOYEE_PHONENBR,DEPT_ID) values ('EMP04','Jair','Hancock','JairHancock @gmail.com','203-442-0897','D01');
Insert into SHRIYA_PROJECT.EMPLOYEE (EMPLOYEE_ID,EMPLOYEE_FIRSTNAME,EMPLOYEE_LASTNAME,EMPLOYEE_EMAIL,EMPLOYEE_PHONENBR,DEPT_ID) values ('EMP05','Tessa','Hawkins','TessaHawkins @gmail.com','582-482-1419','D11');
Insert into SHRIYA_PROJECT.EMPLOYEE (EMPLOYEE_ID,EMPLOYEE_FIRSTNAME,EMPLOYEE_LASTNAME,EMPLOYEE_EMAIL,EMPLOYEE_PHONENBR,DEPT_ID) values ('EMP06','Cullen','Wheeler','CullenWheeler @gmail.com','225-433-7143','D09');
Insert into SHRIYA_PROJECT.EMPLOYEE (EMPLOYEE_ID,EMPLOYEE_FIRSTNAME,EMPLOYEE_LASTNAME,EMPLOYEE_EMAIL,EMPLOYEE_PHONENBR,DEPT_ID) values ('EMP07','Ismael','Evans','IsmaelEvans @gmail.com','582-529-4030','D03');
Insert into SHRIYA_PROJECT.EMPLOYEE (EMPLOYEE_ID,EMPLOYEE_FIRSTNAME,EMPLOYEE_LASTNAME,EMPLOYEE_EMAIL,EMPLOYEE_PHONENBR,DEPT_ID) values ('EMP08','Kennedy','Carter','KennedyCarter @gmail.com','505-565-1334','D01');
Insert into SHRIYA_PROJECT.EMPLOYEE (EMPLOYEE_ID,EMPLOYEE_FIRSTNAME,EMPLOYEE_LASTNAME,EMPLOYEE_EMAIL,EMPLOYEE_PHONENBR,DEPT_ID) values ('EMP09','Reynaldo','Montes','ReynaldoMontes @gmail.com','413-726-3753','D09');
Insert into SHRIYA_PROJECT.EMPLOYEE (EMPLOYEE_ID,EMPLOYEE_FIRSTNAME,EMPLOYEE_LASTNAME,EMPLOYEE_EMAIL,EMPLOYEE_PHONENBR,DEPT_ID) values ('EMP10','Elian','Osborne','ElianOsborne @gmail.com','582-400-1081','D10');
Insert into SHRIYA_PROJECT.EMPLOYEE (EMPLOYEE_ID,EMPLOYEE_FIRSTNAME,EMPLOYEE_LASTNAME,EMPLOYEE_EMAIL,EMPLOYEE_PHONENBR,DEPT_ID) values ('EMP11','Jaydan','Daugherty','JaydanDaugherty @gmail.com','582-583-9715','D10');
Insert into SHRIYA_PROJECT.EMPLOYEE (EMPLOYEE_ID,EMPLOYEE_FIRSTNAME,EMPLOYEE_LASTNAME,EMPLOYEE_EMAIL,EMPLOYEE_PHONENBR,DEPT_ID) values ('EMP12','Cierra','Norton','CierraNorton @gmail.com','582-999-9161','D11');
Insert into SHRIYA_PROJECT.EMPLOYEE (EMPLOYEE_ID,EMPLOYEE_FIRSTNAME,EMPLOYEE_LASTNAME,EMPLOYEE_EMAIL,EMPLOYEE_PHONENBR,DEPT_ID) values ('EMP13','Desiree','Reid','DesireeReid @gmail.com','582-333-9012','D11');
Insert into SHRIYA_PROJECT.EMPLOYEE (EMPLOYEE_ID,EMPLOYEE_FIRSTNAME,EMPLOYEE_LASTNAME,EMPLOYEE_EMAIL,EMPLOYEE_PHONENBR,DEPT_ID) values ('EMP14','Leonardo','Robertson','LeonardoRobertson @gmail.com','231-276-4129','D02');
Insert into SHRIYA_PROJECT.EMPLOYEE (EMPLOYEE_ID,EMPLOYEE_FIRSTNAME,EMPLOYEE_LASTNAME,EMPLOYEE_EMAIL,EMPLOYEE_PHONENBR,DEPT_ID) values ('EMP15','Clarissa','Suarez','ClarissaSuarez @gmail.com','582-500-0164','D02');
Insert into SHRIYA_PROJECT.EMPLOYEE (EMPLOYEE_ID,EMPLOYEE_FIRSTNAME,EMPLOYEE_LASTNAME,EMPLOYEE_EMAIL,EMPLOYEE_PHONENBR,DEPT_ID) values ('EMP16','Nickolas','Alexander','NickolasAlexander @gmail.com','203-961-3317','D04');
Insert into SHRIYA_PROJECT.EMPLOYEE (EMPLOYEE_ID,EMPLOYEE_FIRSTNAME,EMPLOYEE_LASTNAME,EMPLOYEE_EMAIL,EMPLOYEE_PHONENBR,DEPT_ID) values ('EMP17','Rose','Duran','RoseDuran @gmail.com','206-545-1850','D09');
Insert into SHRIYA_PROJECT.EMPLOYEE (EMPLOYEE_ID,EMPLOYEE_FIRSTNAME,EMPLOYEE_LASTNAME,EMPLOYEE_EMAIL,EMPLOYEE_PHONENBR,DEPT_ID) values ('EMP18','Niko','Wyatt','NikoWyatt @gmail.com','203-609-0415','D02');
Insert into SHRIYA_PROJECT.EMPLOYEE (EMPLOYEE_ID,EMPLOYEE_FIRSTNAME,EMPLOYEE_LASTNAME,EMPLOYEE_EMAIL,EMPLOYEE_PHONENBR,DEPT_ID) values ('EMP19','Royce','Lloyd','RoyceLloyd @gmail.com','207-496-1438','D10');
Insert into SHRIYA_PROJECT.EMPLOYEE (EMPLOYEE_ID,EMPLOYEE_FIRSTNAME,EMPLOYEE_LASTNAME,EMPLOYEE_EMAIL,EMPLOYEE_PHONENBR,DEPT_ID) values ('EMP20','Jalen','Petty','JalenPetty @gmail.com','314-448-3850','D02');
Insert into SHRIYA_PROJECT.EMPLOYEE (EMPLOYEE_ID,EMPLOYEE_FIRSTNAME,EMPLOYEE_LASTNAME,EMPLOYEE_EMAIL,EMPLOYEE_PHONENBR,DEPT_ID) values ('EMP21','Cruz','Holt','CruzHolt @gmail.com','415-561-9034','D03');
Insert into SHRIYA_PROJECT.EMPLOYEE (EMPLOYEE_ID,EMPLOYEE_FIRSTNAME,EMPLOYEE_LASTNAME,EMPLOYEE_EMAIL,EMPLOYEE_PHONENBR,DEPT_ID) values ('EMP22','Hector','Wade','HectorWade @gmail.com','716-794-0296','D03');
Insert into SHRIYA_PROJECT.EMPLOYEE (EMPLOYEE_ID,EMPLOYEE_FIRSTNAME,EMPLOYEE_LASTNAME,EMPLOYEE_EMAIL,EMPLOYEE_PHONENBR,DEPT_ID) values ('EMP23','Katrina','Melendez','KatrinaMelendez @gmail.com','315-208-8223','D03');
Insert into SHRIYA_PROJECT.EMPLOYEE (EMPLOYEE_ID,EMPLOYEE_FIRSTNAME,EMPLOYEE_LASTNAME,EMPLOYEE_EMAIL,EMPLOYEE_PHONENBR,DEPT_ID) values ('EMP24','Kali','Mack','KaliMack @gmail.com','505-409-8838','D03');
Insert into SHRIYA_PROJECT.EMPLOYEE (EMPLOYEE_ID,EMPLOYEE_FIRSTNAME,EMPLOYEE_LASTNAME,EMPLOYEE_EMAIL,EMPLOYEE_PHONENBR,DEPT_ID) values ('EMP25','Beau','Raymond','BeauRaymond @gmail.com','582-500-9649','D02');
Insert into SHRIYA_PROJECT.EMPLOYEE (EMPLOYEE_ID,EMPLOYEE_FIRSTNAME,EMPLOYEE_LASTNAME,EMPLOYEE_EMAIL,EMPLOYEE_PHONENBR,DEPT_ID) values ('EMP26','Christina','Hays','ChristinaHays @gmail.com','239-331-8283','D04');
Insert into SHRIYA_PROJECT.EMPLOYEE (EMPLOYEE_ID,EMPLOYEE_FIRSTNAME,EMPLOYEE_LASTNAME,EMPLOYEE_EMAIL,EMPLOYEE_PHONENBR,DEPT_ID) values ('EMP27','Hailee','Hardy','HaileeHardy @gmail.com','582-222-7841','D04');
Insert into SHRIYA_PROJECT.EMPLOYEE (EMPLOYEE_ID,EMPLOYEE_FIRSTNAME,EMPLOYEE_LASTNAME,EMPLOYEE_EMAIL,EMPLOYEE_PHONENBR,DEPT_ID) values ('EMP28','Theodore','Norman','TheodoreNorman @gmail.com','404-859-2274','D04');
Insert into SHRIYA_PROJECT.EMPLOYEE (EMPLOYEE_ID,EMPLOYEE_FIRSTNAME,EMPLOYEE_LASTNAME,EMPLOYEE_EMAIL,EMPLOYEE_PHONENBR,DEPT_ID) values ('EMP29','Allie','Potter','AlliePotter @gmail.com','582-333-3524','D04');
Insert into SHRIYA_PROJECT.EMPLOYEE (EMPLOYEE_ID,EMPLOYEE_FIRSTNAME,EMPLOYEE_LASTNAME,EMPLOYEE_EMAIL,EMPLOYEE_PHONENBR,DEPT_ID) values ('EMP30','Marley','Woodward','MarleyWoodward @gmail.com','219-366-1572','D01');
Insert into SHRIYA_PROJECT.EMPLOYEE (EMPLOYEE_ID,EMPLOYEE_FIRSTNAME,EMPLOYEE_LASTNAME,EMPLOYEE_EMAIL,EMPLOYEE_PHONENBR,DEPT_ID) values ('EMP31','Albert','Bird','AlbertBird @gmail.com','582-202-6683','D05');
Insert into SHRIYA_PROJECT.EMPLOYEE (EMPLOYEE_ID,EMPLOYEE_FIRSTNAME,EMPLOYEE_LASTNAME,EMPLOYEE_EMAIL,EMPLOYEE_PHONENBR,DEPT_ID) values ('EMP32','Kaylah','Gibbs','KaylahGibbs @gmail.com','505-479-9338','D07');
Insert into SHRIYA_PROJECT.EMPLOYEE (EMPLOYEE_ID,EMPLOYEE_FIRSTNAME,EMPLOYEE_LASTNAME,EMPLOYEE_EMAIL,EMPLOYEE_PHONENBR,DEPT_ID) values ('EMP33','Nevaeh','Ramos','NevaehRamos @gmail.com','207-765-4781','D05');
Insert into SHRIYA_PROJECT.EMPLOYEE (EMPLOYEE_ID,EMPLOYEE_FIRSTNAME,EMPLOYEE_LASTNAME,EMPLOYEE_EMAIL,EMPLOYEE_PHONENBR,DEPT_ID) values ('EMP34','Tyrell','Austin','TyrellAustin @gmail.com','582-682-7032','D05');
Insert into SHRIYA_PROJECT.EMPLOYEE (EMPLOYEE_ID,EMPLOYEE_FIRSTNAME,EMPLOYEE_LASTNAME,EMPLOYEE_EMAIL,EMPLOYEE_PHONENBR,DEPT_ID) values ('EMP35','Douglas','Schmitt','DouglasSchmitt @gmail.com','582-333-6492','D05');
Insert into SHRIYA_PROJECT.EMPLOYEE (EMPLOYEE_ID,EMPLOYEE_FIRSTNAME,EMPLOYEE_LASTNAME,EMPLOYEE_EMAIL,EMPLOYEE_PHONENBR,DEPT_ID) values ('EMP36','Jenny','Zuniga','JennyZuniga @gmail.com','320-836-8136','D06');
Insert into SHRIYA_PROJECT.EMPLOYEE (EMPLOYEE_ID,EMPLOYEE_FIRSTNAME,EMPLOYEE_LASTNAME,EMPLOYEE_EMAIL,EMPLOYEE_PHONENBR,DEPT_ID) values ('EMP37','Mark','Floyd','MarkFloyd @gmail.com','325-377-3238','D06');
Insert into SHRIYA_PROJECT.EMPLOYEE (EMPLOYEE_ID,EMPLOYEE_FIRSTNAME,EMPLOYEE_LASTNAME,EMPLOYEE_EMAIL,EMPLOYEE_PHONENBR,DEPT_ID) values ('EMP38','Coby','Tate','CobyTate @gmail.com','582-333-7493','D06');
Insert into SHRIYA_PROJECT.EMPLOYEE (EMPLOYEE_ID,EMPLOYEE_FIRSTNAME,EMPLOYEE_LASTNAME,EMPLOYEE_EMAIL,EMPLOYEE_PHONENBR,DEPT_ID) values ('EMP39','Dalia','Owen','DaliaOwen @gmail.com','207-294-4672','D06');
Insert into SHRIYA_PROJECT.EMPLOYEE (EMPLOYEE_ID,EMPLOYEE_FIRSTNAME,EMPLOYEE_LASTNAME,EMPLOYEE_EMAIL,EMPLOYEE_PHONENBR,DEPT_ID) values ('EMP40','Arielle','Delgado','ArielleDelgado @gmail.com','505-674-6418','D07');
Insert into SHRIYA_PROJECT.EMPLOYEE (EMPLOYEE_ID,EMPLOYEE_FIRSTNAME,EMPLOYEE_LASTNAME,EMPLOYEE_EMAIL,EMPLOYEE_PHONENBR,DEPT_ID) values ('EMP41','Maverick','Lindsey','MaverickLindsey @gmail.com','240-470-0826','D07');
Insert into SHRIYA_PROJECT.EMPLOYEE (EMPLOYEE_ID,EMPLOYEE_FIRSTNAME,EMPLOYEE_LASTNAME,EMPLOYEE_EMAIL,EMPLOYEE_PHONENBR,DEPT_ID) values ('EMP42','Clarence','Robinson','ClarenceRobinson @gmail.com','239-774-1051','D07');
Insert into SHRIYA_PROJECT.EMPLOYEE (EMPLOYEE_ID,EMPLOYEE_FIRSTNAME,EMPLOYEE_LASTNAME,EMPLOYEE_EMAIL,EMPLOYEE_PHONENBR,DEPT_ID) values ('EMP43','Nayeli','Wang','NayeliWang @gmail.com','352-562-0121','D07');
Insert into SHRIYA_PROJECT.EMPLOYEE (EMPLOYEE_ID,EMPLOYEE_FIRSTNAME,EMPLOYEE_LASTNAME,EMPLOYEE_EMAIL,EMPLOYEE_PHONENBR,DEPT_ID) values ('EMP44','Dalton','Calderon','DaltonCalderon @gmail.com','234-369-8991','D08');
Insert into SHRIYA_PROJECT.EMPLOYEE (EMPLOYEE_ID,EMPLOYEE_FIRSTNAME,EMPLOYEE_LASTNAME,EMPLOYEE_EMAIL,EMPLOYEE_PHONENBR,DEPT_ID) values ('EMP45','Amira','Sanford','AmiraSanford @gmail.com','582-300-1271','D06');
Insert into SHRIYA_PROJECT.EMPLOYEE (EMPLOYEE_ID,EMPLOYEE_FIRSTNAME,EMPLOYEE_LASTNAME,EMPLOYEE_EMAIL,EMPLOYEE_PHONENBR,DEPT_ID) values ('EMP46','Gael','Potts','GaelPotts @gmail.com','435-824-9424','D08');
Insert into SHRIYA_PROJECT.EMPLOYEE (EMPLOYEE_ID,EMPLOYEE_FIRSTNAME,EMPLOYEE_LASTNAME,EMPLOYEE_EMAIL,EMPLOYEE_PHONENBR,DEPT_ID) values ('EMP47','Edgar','Jensen','EdgarJensen @gmail.com','582-222-6945','D08');
Insert into SHRIYA_PROJECT.EMPLOYEE (EMPLOYEE_ID,EMPLOYEE_FIRSTNAME,EMPLOYEE_LASTNAME,EMPLOYEE_EMAIL,EMPLOYEE_PHONENBR,DEPT_ID) values ('EMP48','Talia','Waller','TaliaWaller @gmail.com','582-482-4563','D08');
Insert into SHRIYA_PROJECT.EMPLOYEE (EMPLOYEE_ID,EMPLOYEE_FIRSTNAME,EMPLOYEE_LASTNAME,EMPLOYEE_EMAIL,EMPLOYEE_PHONENBR,DEPT_ID) values ('EMP49','Titus','Greene','TitusGreene @gmail.com',' 339-370-4388','D09');
Insert into SHRIYA_PROJECT.EMPLOYEE (EMPLOYEE_ID,EMPLOYEE_FIRSTNAME,EMPLOYEE_LASTNAME,EMPLOYEE_EMAIL,EMPLOYEE_PHONENBR,DEPT_ID) values ('EMP50','Kevin','Chase','KevinChase @gmail.com','248-508-2281','D02');
Insert into SHRIYA_PROJECT.EMPLOYEE (EMPLOYEE_ID,EMPLOYEE_FIRSTNAME,EMPLOYEE_LASTNAME,EMPLOYEE_EMAIL,EMPLOYEE_PHONENBR,DEPT_ID) values ('EMP51','Laura','Paul','LauraPaul @gmail.com','439-470-4388','D07');
Insert into SHRIYA_PROJECT.EMPLOYEE (EMPLOYEE_ID,EMPLOYEE_FIRSTNAME,EMPLOYEE_LASTNAME,EMPLOYEE_EMAIL,EMPLOYEE_PHONENBR,DEPT_ID) values ('EMP52','Laura','Bush','MarcusBush @gmail.com','548-408-3281','D05');


create table employee_address(employee_id varchar2(6),
address_type varchar2(18),
address_1 varchar2(100),
address_2 varchar(100),
employee_city varchar2(30),
employee_statecode varchar2(5),
employee_country varchar2(9),
employee_zip NUMBER(7),
FOREIGN KEY (employee_id) REFERENCES employee(employee_id),
FOREIGN KEY (employee_statecode) REFERENCES geo_details(State_Code) ON DELETE CASCADE);

--insert employeeadress



create table product(
product_number varchar2(50),
product_name varchar2(50),
product_category varchar2(50),
primary key(product_number)
);


---insert product

create table imei_info(
imei varchar2(25),
product_number varchar2(50),
primary key(imei),
FOREIGN KEY (product_number) REFERENCES product(product_number)
);

--insert imei info



CREATE TABLE CUSTOMER(
Customer_id varchar2(10),
First_name varchar2(225) NOT NULL UNIQUE,
Last_name varchar2(225) NOT NULL,
Email varchar2(50) NOT NULL UNIQUE,
Phone_number varchar2(15) NOT NULL,
Customer_onboarddate timestamp NOT NULL,
Sub_id varchar2(20),
PRIMARY KEY(Customer_id),
FOREIGN KEY (Sub_id) References SUBSCRIPTION(Sub_id) ON DELETE CASCADE
);


---insert statements for customer



CREATE TABLE CUSTOMER_ADDRESS(
Customer_id varchar2(10),
Address_type varchar2(200) NOT NULL,
Address_1 varchar2(255) NOT NULL,
Address_2 varchar2(255) ,
City varchar2(255) NOT NULL,
State_code varchar2(6),
Country varchar(65) NOT NULL,
Zip number(10) NOT NULL,
FOREIGN KEY (Customer_id) References CUSTOMER(Customer_id) ON DELETE CASCADE,
FOREIGN KEY (State_code) References GEO_DETAILS(State_code) ON DELETE CASCADE
);

---insert statements for customer_address

CREATE TABLE CASE_DETAILS(
Case_id varchar2(10),
Open_date Timestamp NOT NULL,
Close_date Timestamp ,
Part_id varchar2(20),
IMEI varchar2(25),
Case_subject varchar2(250),
Customer_id varchar2(6),
State_code varchar2(25),
Issue_type varchar2(200) ,
employee_id varchar2(25),
PRIMARY KEY(Case_id),
FOREIGN KEY(Part_id) References PARTS(Part_id) ON DELETE CASCADE,
FOREIGN KEY(IMEI) References IMEI_INFO(IMEI) ON DELETE CASCADE,
FOREIGN KEY(Customer_id) References CUSTOMER(Customer_id) ON DELETE CASCADE,
FOREIGN KEY(State_code) References GEO_DETAILS(State_code) ON DELETE CASCADE
);
--- insert statements for case_details

-- table 4---

CREATE TABLE EMPLOYEE_WORK (
    WORK_ID  VARCHAR2 (65 CHAR), 
    EMPLOYEE_ID varchar2 (6),
    WORK_TYPE VARCHAR2 (65 CHAR),
    START_DATE TIMESTAMP, 
    STATUS VARCHAR2(65 CHAR),
    case_id varchar2(10),
    PRIMARY KEY (WORK_ID),
    FOREIGN KEY (EMPLOYEE_ID) REFERENCES EMPLOYEE(EMPLOYEE_ID) ON DELETE CASCADE,
    FOREIGN KEY (case_id) REFERENCES case_details(case_id) on delete cascade
) ;

--insert employee_work



-- table 10---

CREATE TABLE PAYMENT(
Payment_id varchar2(60),
Customer_id varchar2(10),
discount number(10),
case_id varchar2(10),
PRIMARY KEY(Payment_id),
FOREIGN KEY (case_id) References case_details(case_id) ON DELETE CASCADE
);


--insert payment




-- table 11 --

create table subscription_renewal(
sub_renewal_id varchar2(10),
customer_id varchar2(10),
sub_id varchar2(10),
renewal_tier varchar2(25),
start_date timestamp,
primary key(sub_renewal_id),
FOREIGN KEY (sub_id) References subscription(sub_id) ON DELETE CASCADE
);

--insert sub renewal

-- table 12 --

create table customer_feedback(
feedback_id varchar2(25),
case_id varchar2(10),
feedback_description VARCHAR2(100),
likely_to_retain varchar2(20),
likely_to_recommend number(20),
primary key(feedback_id),
FOREIGN KEY (case_id) REFERENCES case_details(case_id) ON DELETE CASCADE
);
/* alter table query for time taken */


---insert statements for customer_feedback


-- table 15 --


create table case_resolution(
case_id varchar2(20),
resolution_type varchar2(50),
resolution_date timestamp,
comments varchar2(300),
FOREIGN KEY (case_id) REFERENCES case_details(case_id) ON DELETE CASCADE
);


--insert statements fro case resolution


alter table payment add service_cost decimal(20,4);
alter table payment add total decimal(20,4);

update table payment set service_cost = 

select dept_id from 


